{
  "type": "FeatureCollection",
  "features": [
    {
      "type": "Feature",
      "properties": {
        "name": "Cell R00 C00",
        "code": "mumb_000_000",
        "city": "Mumbai"
      },
      "geometry": {
        "type": "Polygon",
        "coordinates": [
          [
            [
              72.75,
              18.9
            ],
            [
              72.76,
              18.9
            ],
            [
              72.76,
              18.9075
            ],
            [
              72.75,
              18.9075
            ],
            [
              72.75,
              18.9
            ]
          ]
        ]
      }
    },
    {
      "type": "Feature",
      "properties": {
        "name": "Cell R00 C01",
        "code": "mumb_000_001",
        "city": "Mumbai"
      },
      "geometry": {
        "type": "Polygon",
        "coordinates": [
          [
            [
              72.76,
              18.9
            ],
            [
              72.77000000000001,
              18.9
            ],
            [
              72.77000000000001,
              18.9075
            ],
            [
              72.76,
              18.9075
            ],
            [
              72.76,
              18.9
            ]
          ]
        ]
      }
    },
    {
      "type": "Feature",
      "properties": {
        "name": "Cell R00 C02",
        "code": "mumb_000_002",
        "city": "Mumbai"
      },
      "geometry": {
        "type": "Polygon",
        "coordinates": [
          [
            [
              72.77,
              18.9
            ],
            [
              72.78,
              18.9
            ],
            [
              72.78,
              18.9075
            ],
            [
              72.77,
              18.9075
            ],
            [
              72.77,
              18.9
            ]
          ]
        ]
      }
    },
    {
      "type": "Feature",
      "properties": {
        "name": "Cell R00 C03",
        "code": "mumb_000_003",
        "city": "Mumbai"
      },
      "geometry": {
        "type": "Polygon",
        "coordinates": [
          [
            [
              72.78,
              18.9
            ],
            [
              72.79,
              18.9
            ],
            [
              72.79,
              18.9075
            ],
            [
              72.78,
              18.9075
            ],
            [
              72.78,
              18.9
            ]
          ]
        ]
      }
    },
    {
      "type": "Feature",
      "properties": {
        "name": "Cell R00 C04",
        "code": "mumb_000_004",
        "city": "Mumbai"
      },
      "geometry": {
        "type": "Polygon",
        "coordinates": [
          [
            [
              72.79,
              18.9
            ],
            [
              72.80000000000001,
              18.9
            ],
            [
              72.80000000000001,
              18.9075
            ],
            [
              72.79,
              18.9075
            ],
            [
              72.79,
              18.9
            ]
          ]
        ]
      }
    },
    {
      "type": "Feature",
      "properties": {
        "name": "Cell R00 C05",
        "code": "mumb_000_005",
        "city": "Mumbai"
      },
      "geometry": {
        "type": "Polygon",
        "coordinates": [
          [
            [
              72.8,
              18.9
            ],
            [
              72.81,
              18.9
            ],
            [
              72.81,
              18.9075
            ],
            [
              72.8,
              18.9075
            ],
            [
              72.8,
              18.9
            ]
          ]
        ]
      }
    },
    {
      "type": "Feature",
      "properties": {
        "name": "Cell R00 C06",
        "code": "mumb_000_006",
        "city": "Mumbai"
      },
      "geometry": {
        "type": "Polygon",
        "coordinates": [
          [
            [
              72.81,
              18.9
            ],
            [
              72.82000000000001,
              18.9
            ],
            [
              72.82000000000001,
              18.9075
            ],
            [
              72.81,
              18.9075
            ],
            [
              72.81,
              18.9
            ]
          ]
        ]
      }
    },
    {
      "type": "Feature",
      "properties": {
        "name": "Cell R00 C07",
        "code": "mumb_000_007",
        "city": "Mumbai"
      },
      "geometry": {
        "type": "Polygon",
        "coordinates": [
          [
            [
              72.82000000000001,
              18.9
            ],
            [
              72.83000000000001,
              18.9
            ],
            [
              72.83000000000001,
              18.9075
            ],
            [
              72.82000000000001,
              18.9075
            ],
            [
              72.82000000000001,
              18.9
            ]
          ]
        ]
      }
    },
    {
      "type": "Feature",
      "properties": {
        "name": "Cell R00 C08",
        "code": "mumb_000_008",
        "city": "Mumbai"
      },
      "geometry": {
        "type": "Polygon",
        "coordinates": [
          [
            [
              72.83,
              18.9
            ],
            [
              72.84,
              18.9
            ],
            [
              72.84,
              18.9075
            ],
            [
              72.83,
              18.9075
            ],
            [
              72.83,
              18.9
            ]
          ]
        ]
      }
    },
    {
      "type": "Feature",
      "properties": {
        "name": "Cell R00 C09",
        "code": "mumb_000_009",
        "city": "Mumbai"
      },
      "geometry": {
        "type": "Polygon",
        "coordinates": [
          [
            [
              72.84,
              18.9
            ],
            [
              72.85000000000001,
              18.9
            ],
            [
              72.85000000000001,
              18.9075
            ],
            [
              72.84,
              18.9075
            ],
            [
              72.84,
              18.9
            ]
          ]
        ]
      }
    },
    {
      "type": "Feature",
      "properties": {
        "name": "Cell R00 C10",
        "code": "mumb_000_010",
        "city": "Mumbai"
      },
      "geometry": {
        "type": "Polygon",
        "coordinates": [
          [
            [
              72.85,
              18.9
            ],
            [
              72.86,
              18.9
            ],
            [
              72.86,
              18.9075
            ],
            [
              72.85,
              18.9075
            ],
            [
              72.85,
              18.9
            ]
          ]
        ]
      }
    },
    {
      "type": "Feature",
      "properties": {
        "name": "Cell R00 C11",
        "code": "mumb_000_011",
        "city": "Mumbai"
      },
      "geometry": {
        "type": "Polygon",
        "coordinates": [
          [
            [
              72.86,
              18.9
            ],
            [
              72.87,
              18.9
            ],
            [
              72.87,
              18.9075
            ],
            [
              72.86,
              18.9075
            ],
            [
              72.86,
              18.9
            ]
          ]
        ]
      }
    },
    {
      "type": "Feature",
      "properties": {
        "name": "Cell R00 C12",
        "code": "mumb_000_012",
        "city": "Mumbai"
      },
      "geometry": {
        "type": "Polygon",
        "coordinates": [
          [
            [
              72.87,
              18.9
            ],
            [
              72.88000000000001,
              18.9
            ],
            [
              72.88000000000001,
              18.9075
            ],
            [
              72.87,
              18.9075
            ],
            [
              72.87,
              18.9
            ]
          ]
        ]
      }
    },
    {
      "type": "Feature",
      "properties": {
        "name": "Cell R00 C13",
        "code": "mumb_000_013",
        "city": "Mumbai"
      },
      "geometry": {
        "type": "Polygon",
        "coordinates": [
          [
            [
              72.88,
              18.9
            ],
            [
              72.89,
              18.9
            ],
            [
              72.89,
              18.9075
            ],
            [
              72.88,
              18.9075
            ],
            [
              72.88,
              18.9
            ]
          ]
        ]
      }
    },
    {
      "type": "Feature",
      "properties": {
        "name": "Cell R00 C14",
        "code": "mumb_000_014",
        "city": "Mumbai"
      },
      "geometry": {
        "type": "Polygon",
        "coordinates": [
          [
            [
              72.89,
              18.9
            ],
            [
              72.9,
              18.9
            ],
            [
              72.9,
              18.9075
            ],
            [
              72.89,
              18.9075
            ],
            [
              72.89,
              18.9
            ]
          ]
        ]
      }
    },
    {
      "type": "Feature",
      "properties": {
        "name": "Cell R00 C15",
        "code": "mumb_000_015",
        "city": "Mumbai"
      },
      "geometry": {
        "type": "Polygon",
        "coordinates": [
          [
            [
              72.9,
              18.9
            ],
            [
              72.91000000000001,
              18.9
            ],
            [
              72.91000000000001,
              18.9075
            ],
            [
              72.9,
              18.9075
            ],
            [
              72.9,
              18.9
            ]
          ]
        ]
      }
    },
    {
      "type": "Feature",
      "properties": {
        "name": "Cell R00 C16",
        "code": "mumb_000_016",
        "city": "Mumbai"
      },
      "geometry": {
        "type": "Polygon",
        "coordinates": [
          [
            [
              72.91,
              18.9
            ],
            [
              72.92,
              18.9
            ],
            [
              72.92,
              18.9075
            ],
            [
              72.91,
              18.9075
            ],
            [
              72.91,
              18.9
            ]
          ]
        ]
      }
    },
    {
      "type": "Feature",
      "properties": {
        "name": "Cell R00 C17",
        "code": "mumb_000_017",
        "city": "Mumbai"
      },
      "geometry": {
        "type": "Polygon",
        "coordinates": [
          [
            [
              72.92,
              18.9
            ],
            [
              72.93,
              18.9
            ],
            [
              72.93,
              18.9075
            ],
            [
              72.92,
              18.9075
            ],
            [
              72.92,
              18.9
            ]
          ]
        ]
      }
    },
    {
      "type": "Feature",
      "properties": {
        "name": "Cell R00 C18",
        "code": "mumb_000_018",
        "city": "Mumbai"
      },
      "geometry": {
        "type": "Polygon",
        "coordinates": [
          [
            [
              72.93,
              18.9
            ],
            [
              72.94000000000001,
              18.9
            ],
            [
              72.94000000000001,
              18.9075
            ],
            [
              72.93,
              18.9075
            ],
            [
              72.93,
              18.9
            ]
          ]
        ]
      }
    },
    {
      "type": "Feature",
      "properties": {
        "name": "Cell R00 C19",
        "code": "mumb_000_019",
        "city": "Mumbai"
      },
      "geometry": {
        "type": "Polygon",
        "coordinates": [
          [
            [
              72.94,
              18.9
            ],
            [
              72.95,
              18.9
            ],
            [
              72.95,
              18.9075
            ],
            [
              72.94,
              18.9075
            ],
            [
              72.94,
              18.9
            ]
          ]
        ]
      }
    },
    {
      "type": "Feature",
      "properties": {
        "name": "Cell R01 C00",
        "code": "mumb_001_000",
        "city": "Mumbai"
      },
      "geometry": {
        "type": "Polygon",
        "coordinates": [
          [
            [
              72.75,
              18.9075
            ],
            [
              72.76,
              18.9075
            ],
            [
              72.76,
              18.915
            ],
            [
              72.75,
              18.915
            ],
            [
              72.75,
              18.9075
            ]
          ]
        ]
      }
    },
    {
      "type": "Feature",
      "properties": {
        "name": "Cell R01 C01",
        "code": "mumb_001_001",
        "city": "Mumbai"
      },
      "geometry": {
        "type": "Polygon",
        "coordinates": [
          [
            [
              72.76,
              18.9075
            ],
            [
              72.77000000000001,
              18.9075
            ],
            [
              72.77000000000001,
              18.915
            ],
            [
              72.76,
              18.915
            ],
            [
              72.76,
              18.9075
            ]
          ]
        ]
      }
    },
    {
      "type": "Feature",
      "properties": {
        "name": "Cell R01 C02",
        "code": "mumb_001_002",
        "city": "Mumbai"
      },
      "geometry": {
        "type": "Polygon",
        "coordinates": [
          [
            [
              72.77,
              18.9075
            ],
            [
              72.78,
              18.9075
            ],
            [
              72.78,
              18.915
            ],
            [
              72.77,
              18.915
            ],
            [
              72.77,
              18.9075
            ]
          ]
        ]
      }
    },
    {
      "type": "Feature",
      "properties": {
        "name": "Cell R01 C03",
        "code": "mumb_001_003",
        "city": "Mumbai"
      },
      "geometry": {
        "type": "Polygon",
        "coordinates": [
          [
            [
              72.78,
              18.9075
            ],
            [
              72.79,
              18.9075
            ],
            [
              72.79,
              18.915
            ],
            [
              72.78,
              18.915
            ],
            [
              72.78,
              18.9075
            ]
          ]
        ]
      }
    },
    {
      "type": "Feature",
      "properties": {
        "name": "Cell R01 C04",
        "code": "mumb_001_004",
        "city": "Mumbai"
      },
      "geometry": {
        "type": "Polygon",
        "coordinates": [
          [
            [
              72.79,
              18.9075
            ],
            [
              72.80000000000001,
              18.9075
            ],
            [
              72.80000000000001,
              18.915
            ],
            [
              72.79,
              18.915
            ],
            [
              72.79,
              18.9075
            ]
          ]
        ]
      }
    },
    {
      "type": "Feature",
      "properties": {
        "name": "Cell R01 C05",
        "code": "mumb_001_005",
        "city": "Mumbai"
      },
      "geometry": {
        "type": "Polygon",
        "coordinates": [
          [
            [
              72.8,
              18.9075
            ],
            [
              72.81,
              18.9075
            ],
            [
              72.81,
              18.915
            ],
            [
              72.8,
              18.915
            ],
            [
              72.8,
              18.9075
            ]
          ]
        ]
      }
    },
    {
      "type": "Feature",
      "properties": {
        "name": "Cell R01 C06",
        "code": "mumb_001_006",
        "city": "Mumbai"
      },
      "geometry": {
        "type": "Polygon",
        "coordinates": [
          [
            [
              72.81,
              18.9075
            ],
            [
              72.82000000000001,
              18.9075
            ],
            [
              72.82000000000001,
              18.915
            ],
            [
              72.81,
              18.915
            ],
            [
              72.81,
              18.9075
            ]
          ]
        ]
      }
    },
    {
      "type": "Feature",
      "properties": {
        "name": "Cell R01 C07",
        "code": "mumb_001_007",
        "city": "Mumbai"
      },
      "geometry": {
        "type": "Polygon",
        "coordinates": [
          [
            [
              72.82000000000001,
              18.9075
            ],
            [
              72.83000000000001,
              18.9075
            ],
            [
              72.83000000000001,
              18.915
            ],
            [
              72.82000000000001,
              18.915
            ],
            [
              72.82000000000001,
              18.9075
            ]
          ]
        ]
      }
    },
    {
      "type": "Feature",
      "properties": {
        "name": "Cell R01 C08",
        "code": "mumb_001_008",
        "city": "Mumbai"
      },
      "geometry": {
        "type": "Polygon",
        "coordinates": [
          [
            [
              72.83,
              18.9075
            ],
            [
              72.84,
              18.9075
            ],
            [
              72.84,
              18.915
            ],
            [
              72.83,
              18.915
            ],
            [
              72.83,
              18.9075
            ]
          ]
        ]
      }
    },
    {
      "type": "Feature",
      "properties": {
        "name": "Cell R01 C09",
        "code": "mumb_001_009",
        "city": "Mumbai"
      },
      "geometry": {
        "type": "Polygon",
        "coordinates": [
          [
            [
              72.84,
              18.9075
            ],
            [
              72.85000000000001,
              18.9075
            ],
            [
              72.85000000000001,
              18.915
            ],
            [
              72.84,
              18.915
            ],
            [
              72.84,
              18.9075
            ]
          ]
        ]
      }
    },
    {
      "type": "Feature",
      "properties": {
        "name": "Cell R01 C10",
        "code": "mumb_001_010",
        "city": "Mumbai"
      },
      "geometry": {
        "type": "Polygon",
        "coordinates": [
          [
            [
              72.85,
              18.9075
            ],
            [
              72.86,
              18.9075
            ],
            [
              72.86,
              18.915
            ],
            [
              72.85,
              18.915
            ],
            [
              72.85,
              18.9075
            ]
          ]
        ]
      }
    },
    {
      "type": "Feature",
      "properties": {
        "name": "Cell R01 C11",
        "code": "mumb_001_011",
        "city": "Mumbai"
      },
      "geometry": {
        "type": "Polygon",
        "coordinates": [
          [
            [
              72.86,
              18.9075
            ],
            [
              72.87,
              18.9075
            ],
            [
              72.87,
              18.915
            ],
            [
              72.86,
              18.915
            ],
            [
              72.86,
              18.9075
            ]
          ]
        ]
      }
    },
    {
      "type": "Feature",
      "properties": {
        "name": "Cell R01 C12",
        "code": "mumb_001_012",
        "city": "Mumbai"
      },
      "geometry": {
        "type": "Polygon",
        "coordinates": [
          [
            [
              72.87,
              18.9075
            ],
            [
              72.88000000000001,
              18.9075
            ],
            [
              72.88000000000001,
              18.915
            ],
            [
              72.87,
              18.915
            ],
            [
              72.87,
              18.9075
            ]
          ]
        ]
      }
    },
    {
      "type": "Feature",
      "properties": {
        "name": "Cell R01 C13",
        "code": "mumb_001_013",
        "city": "Mumbai"
      },
      "geometry": {
        "type": "Polygon",
        "coordinates": [
          [
            [
              72.88,
              18.9075
            ],
            [
              72.89,
              18.9075
            ],
            [
              72.89,
              18.915
            ],
            [
              72.88,
              18.915
            ],
            [
              72.88,
              18.9075
            ]
          ]
        ]
      }
    },
    {
      "type": "Feature",
      "properties": {
        "name": "Cell R01 C14",
        "code": "mumb_001_014",
        "city": "Mumbai"
      },
      "geometry": {
        "type": "Polygon",
        "coordinates": [
          [
            [
              72.89,
              18.9075
            ],
            [
              72.9,
              18.9075
            ],
            [
              72.9,
              18.915
            ],
            [
              72.89,
              18.915
            ],
            [
              72.89,
              18.9075
            ]
          ]
        ]
      }
    },
    {
      "type": "Feature",
      "properties": {
        "name": "Cell R01 C15",
        "code": "mumb_001_015",
        "city": "Mumbai"
      },
      "geometry": {
        "type": "Polygon",
        "coordinates": [
          [
            [
              72.9,
              18.9075
            ],
            [
              72.91000000000001,
              18.9075
            ],
            [
              72.91000000000001,
              18.915
            ],
            [
              72.9,
              18.915
            ],
            [
              72.9,
              18.9075
            ]
          ]
        ]
      }
    },
    {
      "type": "Feature",
      "properties": {
        "name": "Cell R01 C16",
        "code": "mumb_001_016",
        "city": "Mumbai"
      },
      "geometry": {
        "type": "Polygon",
        "coordinates": [
          [
            [
              72.91,
              18.9075
            ],
            [
              72.92,
              18.9075
            ],
            [
              72.92,
              18.915
            ],
            [
              72.91,
              18.915
            ],
            [
              72.91,
              18.9075
            ]
          ]
        ]
      }
    },
    {
      "type": "Feature",
      "properties": {
        "name": "Cell R01 C17",
        "code": "mumb_001_017",
        "city": "Mumbai"
      },
      "geometry": {
        "type": "Polygon",
        "coordinates": [
          [
            [
              72.92,
              18.9075
            ],
            [
              72.93,
              18.9075
            ],
            [
              72.93,
              18.915
            ],
            [
              72.92,
              18.915
            ],
            [
              72.92,
              18.9075
            ]
          ]
        ]
      }
    },
    {
      "type": "Feature",
      "properties": {
        "name": "Cell R01 C18",
        "code": "mumb_001_018",
        "city": "Mumbai"
      },
      "geometry": {
        "type": "Polygon",
        "coordinates": [
          [
            [
              72.93,
              18.9075
            ],
            [
              72.94000000000001,
              18.9075
            ],
            [
              72.94000000000001,
              18.915
            ],
            [
              72.93,
              18.915
            ],
            [
              72.93,
              18.9075
            ]
          ]
        ]
      }
    },
    {
      "type": "Feature",
      "properties": {
        "name": "Cell R01 C19",
        "code": "mumb_001_019",
        "city": "Mumbai"
      },
      "geometry": {
        "type": "Polygon",
        "coordinates": [
          [
            [
              72.94,
              18.9075
            ],
            [
              72.95,
              18.9075
            ],
            [
              72.95,
              18.915
            ],
            [
              72.94,
              18.915
            ],
            [
              72.94,
              18.9075
            ]
          ]
        ]
      }
    },
    {
      "type": "Feature",
      "properties": {
        "name": "Cell R02 C00",
        "code": "mumb_002_000",
        "city": "Mumbai"
      },
      "geometry": {
        "type": "Polygon",
        "coordinates": [
          [
            [
              72.75,
              18.915
            ],
            [
              72.76,
              18.915
            ],
            [
              72.76,
              18.9225
            ],
            [
              72.75,
              18.9225
            ],
            [
              72.75,
              18.915
            ]
          ]
        ]
      }
    },
    {
      "type": "Feature",
      "properties": {
        "name": "Cell R02 C01",
        "code": "mumb_002_001",
        "city": "Mumbai"
      },
      "geometry": {
        "type": "Polygon",
        "coordinates": [
          [
            [
              72.76,
              18.915
            ],
            [
              72.77000000000001,
              18.915
            ],
            [
              72.77000000000001,
              18.9225
            ],
            [
              72.76,
              18.9225
            ],
            [
              72.76,
              18.915
            ]
          ]
        ]
      }
    },
    {
      "type": "Feature",
      "properties": {
        "name": "Cell R02 C02",
        "code": "mumb_002_002",
        "city": "Mumbai"
      },
      "geometry": {
        "type": "Polygon",
        "coordinates": [
          [
            [
              72.77,
              18.915
            ],
            [
              72.78,
              18.915
            ],
            [
              72.78,
              18.9225
            ],
            [
              72.77,
              18.9225
            ],
            [
              72.77,
              18.915
            ]
          ]
        ]
      }
    },
    {
      "type": "Feature",
      "properties": {
        "name": "Cell R02 C03",
        "code": "mumb_002_003",
        "city": "Mumbai"
      },
      "geometry": {
        "type": "Polygon",
        "coordinates": [
          [
            [
              72.78,
              18.915
            ],
            [
              72.79,
              18.915
            ],
            [
              72.79,
              18.9225
            ],
            [
              72.78,
              18.9225
            ],
            [
              72.78,
              18.915
            ]
          ]
        ]
      }
    },
    {
      "type": "Feature",
      "properties": {
        "name": "Cell R02 C04",
        "code": "mumb_002_004",
        "city": "Mumbai"
      },
      "geometry": {
        "type": "Polygon",
        "coordinates": [
          [
            [
              72.79,
              18.915
            ],
            [
              72.80000000000001,
              18.915
            ],
            [
              72.80000000000001,
              18.9225
            ],
            [
              72.79,
              18.9225
            ],
            [
              72.79,
              18.915
            ]
          ]
        ]
      }
    },
    {
      "type": "Feature",
      "properties": {
        "name": "Cell R02 C05",
        "code": "mumb_002_005",
        "city": "Mumbai"
      },
      "geometry": {
        "type": "Polygon",
        "coordinates": [
          [
            [
              72.8,
              18.915
            ],
            [
              72.81,
              18.915
            ],
            [
              72.81,
              18.9225
            ],
            [
              72.8,
              18.9225
            ],
            [
              72.8,
              18.915
            ]
          ]
        ]
      }
    },
    {
      "type": "Feature",
      "properties": {
        "name": "Cell R02 C06",
        "code": "mumb_002_006",
        "city": "Mumbai"
      },
      "geometry": {
        "type": "Polygon",
        "coordinates": [
          [
            [
              72.81,
              18.915
            ],
            [
              72.82000000000001,
              18.915
            ],
            [
              72.82000000000001,
              18.9225
            ],
            [
              72.81,
              18.9225
            ],
            [
              72.81,
              18.915
            ]
          ]
        ]
      }
    },
    {
      "type": "Feature",
      "properties": {
        "name": "Cell R02 C07",
        "code": "mumb_002_007",
        "city": "Mumbai"
      },
      "geometry": {
        "type": "Polygon",
        "coordinates": [
          [
            [
              72.82000000000001,
              18.915
            ],
            [
              72.83000000000001,
              18.915
            ],
            [
              72.83000000000001,
              18.9225
            ],
            [
              72.82000000000001,
              18.9225
            ],
            [
              72.82000000000001,
              18.915
            ]
          ]
        ]
      }
    },
    {
      "type": "Feature",
      "properties": {
        "name": "Cell R02 C08",
        "code": "mumb_002_008",
        "city": "Mumbai"
      },
      "geometry": {
        "type": "Polygon",
        "coordinates": [
          [
            [
              72.83,
              18.915
            ],
            [
              72.84,
              18.915
            ],
            [
              72.84,
              18.9225
            ],
            [
              72.83,
              18.9225
            ],
            [
              72.83,
              18.915
            ]
          ]
        ]
      }
    },
    {
      "type": "Feature",
      "properties": {
        "name": "Cell R02 C09",
        "code": "mumb_002_009",
        "city": "Mumbai"
      },
      "geometry": {
        "type": "Polygon",
        "coordinates": [
          [
            [
              72.84,
              18.915
            ],
            [
              72.85000000000001,
              18.915
            ],
            [
              72.85000000000001,
              18.9225
            ],
            [
              72.84,
              18.9225
            ],
            [
              72.84,
              18.915
            ]
          ]
        ]
      }
    },
    {
      "type": "Feature",
      "properties": {
        "name": "Cell R02 C10",
        "code": "mumb_002_010",
        "city": "Mumbai"
      },
      "geometry": {
        "type": "Polygon",
        "coordinates": [
          [
            [
              72.85,
              18.915
            ],
            [
              72.86,
              18.915
            ],
            [
              72.86,
              18.9225
            ],
            [
              72.85,
              18.9225
            ],
            [
              72.85,
              18.915
            ]
          ]
        ]
      }
    },
    {
      "type": "Feature",
      "properties": {
        "name": "Cell R02 C11",
        "code": "mumb_002_011",
        "city": "Mumbai"
      },
      "geometry": {
        "type": "Polygon",
        "coordinates": [
          [
            [
              72.86,
              18.915
            ],
            [
              72.87,
              18.915
            ],
            [
              72.87,
              18.9225
            ],
            [
              72.86,
              18.9225
            ],
            [
              72.86,
              18.915
            ]
          ]
        ]
      }
    },
    {
      "type": "Feature",
      "properties": {
        "name": "Cell R02 C12",
        "code": "mumb_002_012",
        "city": "Mumbai"
      },
      "geometry": {
        "type": "Polygon",
        "coordinates": [
          [
            [
              72.87,
              18.915
            ],
            [
              72.88000000000001,
              18.915
            ],
            [
              72.88000000000001,
              18.9225
            ],
            [
              72.87,
              18.9225
            ],
            [
              72.87,
              18.915
            ]
          ]
        ]
      }
    },
    {
      "type": "Feature",
      "properties": {
        "name": "Cell R02 C13",
        "code": "mumb_002_013",
        "city": "Mumbai"
      },
      "geometry": {
        "type": "Polygon",
        "coordinates": [
          [
            [
              72.88,
              18.915
            ],
            [
              72.89,
              18.915
            ],
            [
              72.89,
              18.9225
            ],
            [
              72.88,
              18.9225
            ],
            [
              72.88,
              18.915
            ]
          ]
        ]
      }
    },
    {
      "type": "Feature",
      "properties": {
        "name": "Cell R02 C14",
        "code": "mumb_002_014",
        "city": "Mumbai"
      },
      "geometry": {
        "type": "Polygon",
        "coordinates": [
          [
            [
              72.89,
              18.915
            ],
            [
              72.9,
              18.915
            ],
            [
              72.9,
              18.9225
            ],
            [
              72.89,
              18.9225
            ],
            [
              72.89,
              18.915
            ]
          ]
        ]
      }
    },
    {
      "type": "Feature",
      "properties": {
        "name": "Cell R02 C15",
        "code": "mumb_002_015",
        "city": "Mumbai"
      },
      "geometry": {
        "type": "Polygon",
        "coordinates": [
          [
            [
              72.9,
              18.915
            ],
            [
              72.91000000000001,
              18.915
            ],
            [
              72.91000000000001,
              18.9225
            ],
            [
              72.9,
              18.9225
            ],
            [
              72.9,
              18.915
            ]
          ]
        ]
      }
    },
    {
      "type": "Feature",
      "properties": {
        "name": "Cell R02 C16",
        "code": "mumb_002_016",
        "city": "Mumbai"
      },
      "geometry": {
        "type": "Polygon",
        "coordinates": [
          [
            [
              72.91,
              18.915
            ],
            [
              72.92,
              18.915
            ],
            [
              72.92,
              18.9225
            ],
            [
              72.91,
              18.9225
            ],
            [
              72.91,
              18.915
            ]
          ]
        ]
      }
    },
    {
      "type": "Feature",
      "properties": {
        "name": "Cell R02 C17",
        "code": "mumb_002_017",
        "city": "Mumbai"
      },
      "geometry": {
        "type": "Polygon",
        "coordinates": [
          [
            [
              72.92,
              18.915
            ],
            [
              72.93,
              18.915
            ],
            [
              72.93,
              18.9225
            ],
            [
              72.92,
              18.9225
            ],
            [
              72.92,
              18.915
            ]
          ]
        ]
      }
    },
    {
      "type": "Feature",
      "properties": {
        "name": "Cell R02 C18",
        "code": "mumb_002_018",
        "city": "Mumbai"
      },
      "geometry": {
        "type": "Polygon",
        "coordinates": [
          [
            [
              72.93,
              18.915
            ],
            [
              72.94000000000001,
              18.915
            ],
            [
              72.94000000000001,
              18.9225
            ],
            [
              72.93,
              18.9225
            ],
            [
              72.93,
              18.915
            ]
          ]
        ]
      }
    },
    {
      "type": "Feature",
      "properties": {
        "name": "Cell R02 C19",
        "code": "mumb_002_019",
        "city": "Mumbai"
      },
      "geometry": {
        "type": "Polygon",
        "coordinates": [
          [
            [
              72.94,
              18.915
            ],
            [
              72.95,
              18.915
            ],
            [
              72.95,
              18.9225
            ],
            [
              72.94,
              18.9225
            ],
            [
              72.94,
              18.915
            ]
          ]
        ]
      }
    },
    {
      "type": "Feature",
      "properties": {
        "name": "Cell R03 C00",
        "code": "mumb_003_000",
        "city": "Mumbai"
      },
      "geometry": {
        "type": "Polygon",
        "coordinates": [
          [
            [
              72.75,
              18.9225
            ],
            [
              72.76,
              18.9225
            ],
            [
              72.76,
              18.93
            ],
            [
              72.75,
              18.93
            ],
            [
              72.75,
              18.9225
            ]
          ]
        ]
      }
    },
    {
      "type": "Feature",
      "properties": {
        "name": "Cell R03 C01",
        "code": "mumb_003_001",
        "city": "Mumbai"
      },
      "geometry": {
        "type": "Polygon",
        "coordinates": [
          [
            [
              72.76,
              18.9225
            ],
            [
              72.77000000000001,
              18.9225
            ],
            [
              72.77000000000001,
              18.93
            ],
            [
              72.76,
              18.93
            ],
            [
              72.76,
              18.9225
            ]
          ]
        ]
      }
    },
    {
      "type": "Feature",
      "properties": {
        "name": "Cell R03 C02",
        "code": "mumb_003_002",
        "city": "Mumbai"
      },
      "geometry": {
        "type": "Polygon",
        "coordinates": [
          [
            [
              72.77,
              18.9225
            ],
            [
              72.78,
              18.9225
            ],
            [
              72.78,
              18.93
            ],
            [
              72.77,
              18.93
            ],
            [
              72.77,
              18.9225
            ]
          ]
        ]
      }
    },
    {
      "type": "Feature",
      "properties": {
        "name": "Cell R03 C03",
        "code": "mumb_003_003",
        "city": "Mumbai"
      },
      "geometry": {
        "type": "Polygon",
        "coordinates": [
          [
            [
              72.78,
              18.9225
            ],
            [
              72.79,
              18.9225
            ],
            [
              72.79,
              18.93
            ],
            [
              72.78,
              18.93
            ],
            [
              72.78,
              18.9225
            ]
          ]
        ]
      }
    },
    {
      "type": "Feature",
      "properties": {
        "name": "Cell R03 C04",
        "code": "mumb_003_004",
        "city": "Mumbai"
      },
      "geometry": {
        "type": "Polygon",
        "coordinates": [
          [
            [
              72.79,
              18.9225
            ],
            [
              72.80000000000001,
              18.9225
            ],
            [
              72.80000000000001,
              18.93
            ],
            [
              72.79,
              18.93
            ],
            [
              72.79,
              18.9225
            ]
          ]
        ]
      }
    },
    {
      "type": "Feature",
      "properties": {
        "name": "Cell R03 C05",
        "code": "mumb_003_005",
        "city": "Mumbai"
      },
      "geometry": {
        "type": "Polygon",
        "coordinates": [
          [
            [
              72.8,
              18.9225
            ],
            [
              72.81,
              18.9225
            ],
            [
              72.81,
              18.93
            ],
            [
              72.8,
              18.93
            ],
            [
              72.8,
              18.9225
            ]
          ]
        ]
      }
    },
    {
      "type": "Feature",
      "properties": {
        "name": "Cell R03 C06",
        "code": "mumb_003_006",
        "city": "Mumbai"
      },
      "geometry": {
        "type": "Polygon",
        "coordinates": [
          [
            [
              72.81,
              18.9225
            ],
            [
              72.82000000000001,
              18.9225
            ],
            [
              72.82000000000001,
              18.93
            ],
            [
              72.81,
              18.93
            ],
            [
              72.81,
              18.9225
            ]
          ]
        ]
      }
    },
    {
      "type": "Feature",
      "properties": {
        "name": "Cell R03 C07",
        "code": "mumb_003_007",
        "city": "Mumbai"
      },
      "geometry": {
        "type": "Polygon",
        "coordinates": [
          [
            [
              72.82000000000001,
              18.9225
            ],
            [
              72.83000000000001,
              18.9225
            ],
            [
              72.83000000000001,
              18.93
            ],
            [
              72.82000000000001,
              18.93
            ],
            [
              72.82000000000001,
              18.9225
            ]
          ]
        ]
      }
    },
    {
      "type": "Feature",
      "properties": {
        "name": "Cell R03 C08",
        "code": "mumb_003_008",
        "city": "Mumbai"
      },
      "geometry": {
        "type": "Polygon",
        "coordinates": [
          [
            [
              72.83,
              18.9225
            ],
            [
              72.84,
              18.9225
            ],
            [
              72.84,
              18.93
            ],
            [
              72.83,
              18.93
            ],
            [
              72.83,
              18.9225
            ]
          ]
        ]
      }
    },
    {
      "type": "Feature",
      "properties": {
        "name": "Cell R03 C09",
        "code": "mumb_003_009",
        "city": "Mumbai"
      },
      "geometry": {
        "type": "Polygon",
        "coordinates": [
          [
            [
              72.84,
              18.9225
            ],
            [
              72.85000000000001,
              18.9225
            ],
            [
              72.85000000000001,
              18.93
            ],
            [
              72.84,
              18.93
            ],
            [
              72.84,
              18.9225
            ]
          ]
        ]
      }
    },
    {
      "type": "Feature",
      "properties": {
        "name": "Cell R03 C10",
        "code": "mumb_003_010",
        "city": "Mumbai"
      },
      "geometry": {
        "type": "Polygon",
        "coordinates": [
          [
            [
              72.85,
              18.9225
            ],
            [
              72.86,
              18.9225
            ],
            [
              72.86,
              18.93
            ],
            [
              72.85,
              18.93
            ],
            [
              72.85,
              18.9225
            ]
          ]
        ]
      }
    },
    {
      "type": "Feature",
      "properties": {
        "name": "Cell R03 C11",
        "code": "mumb_003_011",
        "city": "Mumbai"
      },
      "geometry": {
        "type": "Polygon",
        "coordinates": [
          [
            [
              72.86,
              18.9225
            ],
            [
              72.87,
              18.9225
            ],
            [
              72.87,
              18.93
            ],
            [
              72.86,
              18.93
            ],
            [
              72.86,
              18.9225
            ]
          ]
        ]
      }
    },
    {
      "type": "Feature",
      "properties": {
        "name": "Cell R03 C12",
        "code": "mumb_003_012",
        "city": "Mumbai"
      },
      "geometry": {
        "type": "Polygon",
        "coordinates": [
          [
            [
              72.87,
              18.9225
            ],
            [
              72.88000000000001,
              18.9225
            ],
            [
              72.88000000000001,
              18.93
            ],
            [
              72.87,
              18.93
            ],
            [
              72.87,
              18.9225
            ]
          ]
        ]
      }
    },
    {
      "type": "Feature",
      "properties": {
        "name": "Cell R03 C13",
        "code": "mumb_003_013",
        "city": "Mumbai"
      },
      "geometry": {
        "type": "Polygon",
        "coordinates": [
          [
            [
              72.88,
              18.9225
            ],
            [
              72.89,
              18.9225
            ],
            [
              72.89,
              18.93
            ],
            [
              72.88,
              18.93
            ],
            [
              72.88,
              18.9225
            ]
          ]
        ]
      }
    },
    {
      "type": "Feature",
      "properties": {
        "name": "Cell R03 C14",
        "code": "mumb_003_014",
        "city": "Mumbai"
      },
      "geometry": {
        "type": "Polygon",
        "coordinates": [
          [
            [
              72.89,
              18.9225
            ],
            [
              72.9,
              18.9225
            ],
            [
              72.9,
              18.93
            ],
            [
              72.89,
              18.93
            ],
            [
              72.89,
              18.9225
            ]
          ]
        ]
      }
    },
    {
      "type": "Feature",
      "properties": {
        "name": "Cell R03 C15",
        "code": "mumb_003_015",
        "city": "Mumbai"
      },
      "geometry": {
        "type": "Polygon",
        "coordinates": [
          [
            [
              72.9,
              18.9225
            ],
            [
              72.91000000000001,
              18.9225
            ],
            [
              72.91000000000001,
              18.93
            ],
            [
              72.9,
              18.93
            ],
            [
              72.9,
              18.9225
            ]
          ]
        ]
      }
    },
    {
      "type": "Feature",
      "properties": {
        "name": "Cell R03 C16",
        "code": "mumb_003_016",
        "city": "Mumbai"
      },
      "geometry": {
        "type": "Polygon",
        "coordinates": [
          [
            [
              72.91,
              18.9225
            ],
            [
              72.92,
              18.9225
            ],
            [
              72.92,
              18.93
            ],
            [
              72.91,
              18.93
            ],
            [
              72.91,
              18.9225
            ]
          ]
        ]
      }
    },
    {
      "type": "Feature",
      "properties": {
        "name": "Cell R03 C17",
        "code": "mumb_003_017",
        "city": "Mumbai"
      },
      "geometry": {
        "type": "Polygon",
        "coordinates": [
          [
            [
              72.92,
              18.9225
            ],
            [
              72.93,
              18.9225
            ],
            [
              72.93,
              18.93
            ],
            [
              72.92,
              18.93
            ],
            [
              72.92,
              18.9225
            ]
          ]
        ]
      }
    },
    {
      "type": "Feature",
      "properties": {
        "name": "Cell R03 C18",
        "code": "mumb_003_018",
        "city": "Mumbai"
      },
      "geometry": {
        "type": "Polygon",
        "coordinates": [
          [
            [
              72.93,
              18.9225
            ],
            [
              72.94000000000001,
              18.9225
            ],
            [
              72.94000000000001,
              18.93
            ],
            [
              72.93,
              18.93
            ],
            [
              72.93,
              18.9225
            ]
          ]
        ]
      }
    },
    {
      "type": "Feature",
      "properties": {
        "name": "Cell R03 C19",
        "code": "mumb_003_019",
        "city": "Mumbai"
      },
      "geometry": {
        "type": "Polygon",
        "coordinates": [
          [
            [
              72.94,
              18.9225
            ],
            [
              72.95,
              18.9225
            ],
            [
              72.95,
              18.93
            ],
            [
              72.94,
              18.93
            ],
            [
              72.94,
              18.9225
            ]
          ]
        ]
      }
    },
    {
      "type": "Feature",
      "properties": {
        "name": "Cell R04 C00",
        "code": "mumb_004_000",
        "city": "Mumbai"
      },
      "geometry": {
        "type": "Polygon",
        "coordinates": [
          [
            [
              72.75,
              18.93
            ],
            [
              72.76,
              18.93
            ],
            [
              72.76,
              18.9375
            ],
            [
              72.75,
              18.9375
            ],
            [
              72.75,
              18.93
            ]
          ]
        ]
      }
    },
    {
      "type": "Feature",
      "properties": {
        "name": "Cell R04 C01",
        "code": "mumb_004_001",
        "city": "Mumbai"
      },
      "geometry": {
        "type": "Polygon",
        "coordinates": [
          [
            [
              72.76,
              18.93
            ],
            [
              72.77000000000001,
              18.93
            ],
            [
              72.77000000000001,
              18.9375
            ],
            [
              72.76,
              18.9375
            ],
            [
              72.76,
              18.93
            ]
          ]
        ]
      }
    },
    {
      "type": "Feature",
      "properties": {
        "name": "Cell R04 C02",
        "code": "mumb_004_002",
        "city": "Mumbai"
      },
      "geometry": {
        "type": "Polygon",
        "coordinates": [
          [
            [
              72.77,
              18.93
            ],
            [
              72.78,
              18.93
            ],
            [
              72.78,
              18.9375
            ],
            [
              72.77,
              18.9375
            ],
            [
              72.77,
              18.93
            ]
          ]
        ]
      }
    },
    {
      "type": "Feature",
      "properties": {
        "name": "Cell R04 C03",
        "code": "mumb_004_003",
        "city": "Mumbai"
      },
      "geometry": {
        "type": "Polygon",
        "coordinates": [
          [
            [
              72.78,
              18.93
            ],
            [
              72.79,
              18.93
            ],
            [
              72.79,
              18.9375
            ],
            [
              72.78,
              18.9375
            ],
            [
              72.78,
              18.93
            ]
          ]
        ]
      }
    },
    {
      "type": "Feature",
      "properties": {
        "name": "Cell R04 C04",
        "code": "mumb_004_004",
        "city": "Mumbai"
      },
      "geometry": {
        "type": "Polygon",
        "coordinates": [
          [
            [
              72.79,
              18.93
            ],
            [
              72.80000000000001,
              18.93
            ],
            [
              72.80000000000001,
              18.9375
            ],
            [
              72.79,
              18.9375
            ],
            [
              72.79,
              18.93
            ]
          ]
        ]
      }
    },
    {
      "type": "Feature",
      "properties": {
        "name": "Cell R04 C05",
        "code": "mumb_004_005",
        "city": "Mumbai"
      },
      "geometry": {
        "type": "Polygon",
        "coordinates": [
          [
            [
              72.8,
              18.93
            ],
            [
              72.81,
              18.93
            ],
            [
              72.81,
              18.9375
            ],
            [
              72.8,
              18.9375
            ],
            [
              72.8,
              18.93
            ]
          ]
        ]
      }
    },
    {
      "type": "Feature",
      "properties": {
        "name": "Cell R04 C06",
        "code": "mumb_004_006",
        "city": "Mumbai"
      },
      "geometry": {
        "type": "Polygon",
        "coordinates": [
          [
            [
              72.81,
              18.93
            ],
            [
              72.82000000000001,
              18.93
            ],
            [
              72.82000000000001,
              18.9375
            ],
            [
              72.81,
              18.9375
            ],
            [
              72.81,
              18.93
            ]
          ]
        ]
      }
    },
    {
      "type": "Feature",
      "properties": {
        "name": "Cell R04 C07",
        "code": "mumb_004_007",
        "city": "Mumbai"
      },
      "geometry": {
        "type": "Polygon",
        "coordinates": [
          [
            [
              72.82000000000001,
              18.93
            ],
            [
              72.83000000000001,
              18.93
            ],
            [
              72.83000000000001,
              18.9375
            ],
            [
              72.82000000000001,
              18.9375
            ],
            [
              72.82000000000001,
              18.93
            ]
          ]
        ]
      }
    },
    {
      "type": "Feature",
      "properties": {
        "name": "Cell R04 C08",
        "code": "mumb_004_008",
        "city": "Mumbai"
      },
      "geometry": {
        "type": "Polygon",
        "coordinates": [
          [
            [
              72.83,
              18.93
            ],
            [
              72.84,
              18.93
            ],
            [
              72.84,
              18.9375
            ],
            [
              72.83,
              18.9375
            ],
            [
              72.83,
              18.93
            ]
          ]
        ]
      }
    },
    {
      "type": "Feature",
      "properties": {
        "name": "Cell R04 C09",
        "code": "mumb_004_009",
        "city": "Mumbai"
      },
      "geometry": {
        "type": "Polygon",
        "coordinates": [
          [
            [
              72.84,
              18.93
            ],
            [
              72.85000000000001,
              18.93
            ],
            [
              72.85000000000001,
              18.9375
            ],
            [
              72.84,
              18.9375
            ],
            [
              72.84,
              18.93
            ]
          ]
        ]
      }
    },
    {
      "type": "Feature",
      "properties": {
        "name": "Cell R04 C10",
        "code": "mumb_004_010",
        "city": "Mumbai"
      },
      "geometry": {
        "type": "Polygon",
        "coordinates": [
          [
            [
              72.85,
              18.93
            ],
            [
              72.86,
              18.93
            ],
            [
              72.86,
              18.9375
            ],
            [
              72.85,
              18.9375
            ],
            [
              72.85,
              18.93
            ]
          ]
        ]
      }
    },
    {
      "type": "Feature",
      "properties": {
        "name": "Cell R04 C11",
        "code": "mumb_004_011",
        "city": "Mumbai"
      },
      "geometry": {
        "type": "Polygon",
        "coordinates": [
          [
            [
              72.86,
              18.93
            ],
            [
              72.87,
              18.93
            ],
            [
              72.87,
              18.9375
            ],
            [
              72.86,
              18.9375
            ],
            [
              72.86,
              18.93
            ]
          ]
        ]
      }
    },
    {
      "type": "Feature",
      "properties": {
        "name": "Cell R04 C12",
        "code": "mumb_004_012",
        "city": "Mumbai"
      },
      "geometry": {
        "type": "Polygon",
        "coordinates": [
          [
            [
              72.87,
              18.93
            ],
            [
              72.88000000000001,
              18.93
            ],
            [
              72.88000000000001,
              18.9375
            ],
            [
              72.87,
              18.9375
            ],
            [
              72.87,
              18.93
            ]
          ]
        ]
      }
    },
    {
      "type": "Feature",
      "properties": {
        "name": "Cell R04 C13",
        "code": "mumb_004_013",
        "city": "Mumbai"
      },
      "geometry": {
        "type": "Polygon",
        "coordinates": [
          [
            [
              72.88,
              18.93
            ],
            [
              72.89,
              18.93
            ],
            [
              72.89,
              18.9375
            ],
            [
              72.88,
              18.9375
            ],
            [
              72.88,
              18.93
            ]
          ]
        ]
      }
    },
    {
      "type": "Feature",
      "properties": {
        "name": "Cell R04 C14",
        "code": "mumb_004_014",
        "city": "Mumbai"
      },
      "geometry": {
        "type": "Polygon",
        "coordinates": [
          [
            [
              72.89,
              18.93
            ],
            [
              72.9,
              18.93
            ],
            [
              72.9,
              18.9375
            ],
            [
              72.89,
              18.9375
            ],
            [
              72.89,
              18.93
            ]
          ]
        ]
      }
    },
    {
      "type": "Feature",
      "properties": {
        "name": "Cell R04 C15",
        "code": "mumb_004_015",
        "city": "Mumbai"
      },
      "geometry": {
        "type": "Polygon",
        "coordinates": [
          [
            [
              72.9,
              18.93
            ],
            [
              72.91000000000001,
              18.93
            ],
            [
              72.91000000000001,
              18.9375
            ],
            [
              72.9,
              18.9375
            ],
            [
              72.9,
              18.93
            ]
          ]
        ]
      }
    },
    {
      "type": "Feature",
      "properties": {
        "name": "Cell R04 C16",
        "code": "mumb_004_016",
        "city": "Mumbai"
      },
      "geometry": {
        "type": "Polygon",
        "coordinates": [
          [
            [
              72.91,
              18.93
            ],
            [
              72.92,
              18.93
            ],
            [
              72.92,
              18.9375
            ],
            [
              72.91,
              18.9375
            ],
            [
              72.91,
              18.93
            ]
          ]
        ]
      }
    },
    {
      "type": "Feature",
      "properties": {
        "name": "Cell R04 C17",
        "code": "mumb_004_017",
        "city": "Mumbai"
      },
      "geometry": {
        "type": "Polygon",
        "coordinates": [
          [
            [
              72.92,
              18.93
            ],
            [
              72.93,
              18.93
            ],
            [
              72.93,
              18.9375
            ],
            [
              72.92,
              18.9375
            ],
            [
              72.92,
              18.93
            ]
          ]
        ]
      }
    },
    {
      "type": "Feature",
      "properties": {
        "name": "Cell R04 C18",
        "code": "mumb_004_018",
        "city": "Mumbai"
      },
      "geometry": {
        "type": "Polygon",
        "coordinates": [
          [
            [
              72.93,
              18.93
            ],
            [
              72.94000000000001,
              18.93
            ],
            [
              72.94000000000001,
              18.9375
            ],
            [
              72.93,
              18.9375
            ],
            [
              72.93,
              18.93
            ]
          ]
        ]
      }
    },
    {
      "type": "Feature",
      "properties": {
        "name": "Cell R04 C19",
        "code": "mumb_004_019",
        "city": "Mumbai"
      },
      "geometry": {
        "type": "Polygon",
        "coordinates": [
          [
            [
              72.94,
              18.93
            ],
            [
              72.95,
              18.93
            ],
            [
              72.95,
              18.9375
            ],
            [
              72.94,
              18.9375
            ],
            [
              72.94,
              18.93
            ]
          ]
        ]
      }
    },
    {
      "type": "Feature",
      "properties": {
        "name": "Cell R05 C00",
        "code": "mumb_005_000",
        "city": "Mumbai"
      },
      "geometry": {
        "type": "Polygon",
        "coordinates": [
          [
            [
              72.75,
              18.9375
            ],
            [
              72.76,
              18.9375
            ],
            [
              72.76,
              18.945
            ],
            [
              72.75,
              18.945
            ],
            [
              72.75,
              18.9375
            ]
          ]
        ]
      }
    },
    {
      "type": "Feature",
      "properties": {
        "name": "Cell R05 C01",
        "code": "mumb_005_001",
        "city": "Mumbai"
      },
      "geometry": {
        "type": "Polygon",
        "coordinates": [
          [
            [
              72.76,
              18.9375
            ],
            [
              72.77000000000001,
              18.9375
            ],
            [
              72.77000000000001,
              18.945
            ],
            [
              72.76,
              18.945
            ],
            [
              72.76,
              18.9375
            ]
          ]
        ]
      }
    },
    {
      "type": "Feature",
      "properties": {
        "name": "Cell R05 C02",
        "code": "mumb_005_002",
        "city": "Mumbai"
      },
      "geometry": {
        "type": "Polygon",
        "coordinates": [
          [
            [
              72.77,
              18.9375
            ],
            [
              72.78,
              18.9375
            ],
            [
              72.78,
              18.945
            ],
            [
              72.77,
              18.945
            ],
            [
              72.77,
              18.9375
            ]
          ]
        ]
      }
    },
    {
      "type": "Feature",
      "properties": {
        "name": "Cell R05 C03",
        "code": "mumb_005_003",
        "city": "Mumbai"
      },
      "geometry": {
        "type": "Polygon",
        "coordinates": [
          [
            [
              72.78,
              18.9375
            ],
            [
              72.79,
              18.9375
            ],
            [
              72.79,
              18.945
            ],
            [
              72.78,
              18.945
            ],
            [
              72.78,
              18.9375
            ]
          ]
        ]
      }
    },
    {
      "type": "Feature",
      "properties": {
        "name": "Cell R05 C04",
        "code": "mumb_005_004",
        "city": "Mumbai"
      },
      "geometry": {
        "type": "Polygon",
        "coordinates": [
          [
            [
              72.79,
              18.9375
            ],
            [
              72.80000000000001,
              18.9375
            ],
            [
              72.80000000000001,
              18.945
            ],
            [
              72.79,
              18.945
            ],
            [
              72.79,
              18.9375
            ]
          ]
        ]
      }
    },
    {
      "type": "Feature",
      "properties": {
        "name": "Cell R05 C05",
        "code": "mumb_005_005",
        "city": "Mumbai"
      },
      "geometry": {
        "type": "Polygon",
        "coordinates": [
          [
            [
              72.8,
              18.9375
            ],
            [
              72.81,
              18.9375
            ],
            [
              72.81,
              18.945
            ],
            [
              72.8,
              18.945
            ],
            [
              72.8,
              18.9375
            ]
          ]
        ]
      }
    },
    {
      "type": "Feature",
      "properties": {
        "name": "Cell R05 C06",
        "code": "mumb_005_006",
        "city": "Mumbai"
      },
      "geometry": {
        "type": "Polygon",
        "coordinates": [
          [
            [
              72.81,
              18.9375
            ],
            [
              72.82000000000001,
              18.9375
            ],
            [
              72.82000000000001,
              18.945
            ],
            [
              72.81,
              18.945
            ],
            [
              72.81,
              18.9375
            ]
          ]
        ]
      }
    },
    {
      "type": "Feature",
      "properties": {
        "name": "Cell R05 C07",
        "code": "mumb_005_007",
        "city": "Mumbai"
      },
      "geometry": {
        "type": "Polygon",
        "coordinates": [
          [
            [
              72.82000000000001,
              18.9375
            ],
            [
              72.83000000000001,
              18.9375
            ],
            [
              72.83000000000001,
              18.945
            ],
            [
              72.82000000000001,
              18.945
            ],
            [
              72.82000000000001,
              18.9375
            ]
          ]
        ]
      }
    },
    {
      "type": "Feature",
      "properties": {
        "name": "Cell R05 C08",
        "code": "mumb_005_008",
        "city": "Mumbai"
      },
      "geometry": {
        "type": "Polygon",
        "coordinates": [
          [
            [
              72.83,
              18.9375
            ],
            [
              72.84,
              18.9375
            ],
            [
              72.84,
              18.945
            ],
            [
              72.83,
              18.945
            ],
            [
              72.83,
              18.9375
            ]
          ]
        ]
      }
    },
    {
      "type": "Feature",
      "properties": {
        "name": "Cell R05 C09",
        "code": "mumb_005_009",
        "city": "Mumbai"
      },
      "geometry": {
        "type": "Polygon",
        "coordinates": [
          [
            [
              72.84,
              18.9375
            ],
            [
              72.85000000000001,
              18.9375
            ],
            [
              72.85000000000001,
              18.945
            ],
            [
              72.84,
              18.945
            ],
            [
              72.84,
              18.9375
            ]
          ]
        ]
      }
    },
    {
      "type": "Feature",
      "properties": {
        "name": "Cell R05 C10",
        "code": "mumb_005_010",
        "city": "Mumbai"
      },
      "geometry": {
        "type": "Polygon",
        "coordinates": [
          [
            [
              72.85,
              18.9375
            ],
            [
              72.86,
              18.9375
            ],
            [
              72.86,
              18.945
            ],
            [
              72.85,
              18.945
            ],
            [
              72.85,
              18.9375
            ]
          ]
        ]
      }
    },
    {
      "type": "Feature",
      "properties": {
        "name": "Cell R05 C11",
        "code": "mumb_005_011",
        "city": "Mumbai"
      },
      "geometry": {
        "type": "Polygon",
        "coordinates": [
          [
            [
              72.86,
              18.9375
            ],
            [
              72.87,
              18.9375
            ],
            [
              72.87,
              18.945
            ],
            [
              72.86,
              18.945
            ],
            [
              72.86,
              18.9375
            ]
          ]
        ]
      }
    },
    {
      "type": "Feature",
      "properties": {
        "name": "Cell R05 C12",
        "code": "mumb_005_012",
        "city": "Mumbai"
      },
      "geometry": {
        "type": "Polygon",
        "coordinates": [
          [
            [
              72.87,
              18.9375
            ],
            [
              72.88000000000001,
              18.9375
            ],
            [
              72.88000000000001,
              18.945
            ],
            [
              72.87,
              18.945
            ],
            [
              72.87,
              18.9375
            ]
          ]
        ]
      }
    },
    {
      "type": "Feature",
      "properties": {
        "name": "Cell R05 C13",
        "code": "mumb_005_013",
        "city": "Mumbai"
      },
      "geometry": {
        "type": "Polygon",
        "coordinates": [
          [
            [
              72.88,
              18.9375
            ],
            [
              72.89,
              18.9375
            ],
            [
              72.89,
              18.945
            ],
            [
              72.88,
              18.945
            ],
            [
              72.88,
              18.9375
            ]
          ]
        ]
      }
    },
    {
      "type": "Feature",
      "properties": {
        "name": "Cell R05 C14",
        "code": "mumb_005_014",
        "city": "Mumbai"
      },
      "geometry": {
        "type": "Polygon",
        "coordinates": [
          [
            [
              72.89,
              18.9375
            ],
            [
              72.9,
              18.9375
            ],
            [
              72.9,
              18.945
            ],
            [
              72.89,
              18.945
            ],
            [
              72.89,
              18.9375
            ]
          ]
        ]
      }
    },
    {
      "type": "Feature",
      "properties": {
        "name": "Cell R05 C15",
        "code": "mumb_005_015",
        "city": "Mumbai"
      },
      "geometry": {
        "type": "Polygon",
        "coordinates": [
          [
            [
              72.9,
              18.9375
            ],
            [
              72.91000000000001,
              18.9375
            ],
            [
              72.91000000000001,
              18.945
            ],
            [
              72.9,
              18.945
            ],
            [
              72.9,
              18.9375
            ]
          ]
        ]
      }
    },
    {
      "type": "Feature",
      "properties": {
        "name": "Cell R05 C16",
        "code": "mumb_005_016",
        "city": "Mumbai"
      },
      "geometry": {
        "type": "Polygon",
        "coordinates": [
          [
            [
              72.91,
              18.9375
            ],
            [
              72.92,
              18.9375
            ],
            [
              72.92,
              18.945
            ],
            [
              72.91,
              18.945
            ],
            [
              72.91,
              18.9375
            ]
          ]
        ]
      }
    },
    {
      "type": "Feature",
      "properties": {
        "name": "Cell R05 C17",
        "code": "mumb_005_017",
        "city": "Mumbai"
      },
      "geometry": {
        "type": "Polygon",
        "coordinates": [
          [
            [
              72.92,
              18.9375
            ],
            [
              72.93,
              18.9375
            ],
            [
              72.93,
              18.945
            ],
            [
              72.92,
              18.945
            ],
            [
              72.92,
              18.9375
            ]
          ]
        ]
      }
    },
    {
      "type": "Feature",
      "properties": {
        "name": "Cell R05 C18",
        "code": "mumb_005_018",
        "city": "Mumbai"
      },
      "geometry": {
        "type": "Polygon",
        "coordinates": [
          [
            [
              72.93,
              18.9375
            ],
            [
              72.94000000000001,
              18.9375
            ],
            [
              72.94000000000001,
              18.945
            ],
            [
              72.93,
              18.945
            ],
            [
              72.93,
              18.9375
            ]
          ]
        ]
      }
    },
    {
      "type": "Feature",
      "properties": {
        "name": "Cell R05 C19",
        "code": "mumb_005_019",
        "city": "Mumbai"
      },
      "geometry": {
        "type": "Polygon",
        "coordinates": [
          [
            [
              72.94,
              18.9375
            ],
            [
              72.95,
              18.9375
            ],
            [
              72.95,
              18.945
            ],
            [
              72.94,
              18.945
            ],
            [
              72.94,
              18.9375
            ]
          ]
        ]
      }
    },
    {
      "type": "Feature",
      "properties": {
        "name": "Cell R06 C00",
        "code": "mumb_006_000",
        "city": "Mumbai"
      },
      "geometry": {
        "type": "Polygon",
        "coordinates": [
          [
            [
              72.75,
              18.945
            ],
            [
              72.76,
              18.945
            ],
            [
              72.76,
              18.9525
            ],
            [
              72.75,
              18.9525
            ],
            [
              72.75,
              18.945
            ]
          ]
        ]
      }
    },
    {
      "type": "Feature",
      "properties": {
        "name": "Cell R06 C01",
        "code": "mumb_006_001",
        "city": "Mumbai"
      },
      "geometry": {
        "type": "Polygon",
        "coordinates": [
          [
            [
              72.76,
              18.945
            ],
            [
              72.77000000000001,
              18.945
            ],
            [
              72.77000000000001,
              18.9525
            ],
            [
              72.76,
              18.9525
            ],
            [
              72.76,
              18.945
            ]
          ]
        ]
      }
    },
    {
      "type": "Feature",
      "properties": {
        "name": "Cell R06 C02",
        "code": "mumb_006_002",
        "city": "Mumbai"
      },
      "geometry": {
        "type": "Polygon",
        "coordinates": [
          [
            [
              72.77,
              18.945
            ],
            [
              72.78,
              18.945
            ],
            [
              72.78,
              18.9525
            ],
            [
              72.77,
              18.9525
            ],
            [
              72.77,
              18.945
            ]
          ]
        ]
      }
    },
    {
      "type": "Feature",
      "properties": {
        "name": "Cell R06 C03",
        "code": "mumb_006_003",
        "city": "Mumbai"
      },
      "geometry": {
        "type": "Polygon",
        "coordinates": [
          [
            [
              72.78,
              18.945
            ],
            [
              72.79,
              18.945
            ],
            [
              72.79,
              18.9525
            ],
            [
              72.78,
              18.9525
            ],
            [
              72.78,
              18.945
            ]
          ]
        ]
      }
    },
    {
      "type": "Feature",
      "properties": {
        "name": "Cell R06 C04",
        "code": "mumb_006_004",
        "city": "Mumbai"
      },
      "geometry": {
        "type": "Polygon",
        "coordinates": [
          [
            [
              72.79,
              18.945
            ],
            [
              72.80000000000001,
              18.945
            ],
            [
              72.80000000000001,
              18.9525
            ],
            [
              72.79,
              18.9525
            ],
            [
              72.79,
              18.945
            ]
          ]
        ]
      }
    },
    {
      "type": "Feature",
      "properties": {
        "name": "Cell R06 C05",
        "code": "mumb_006_005",
        "city": "Mumbai"
      },
      "geometry": {
        "type": "Polygon",
        "coordinates": [
          [
            [
              72.8,
              18.945
            ],
            [
              72.81,
              18.945
            ],
            [
              72.81,
              18.9525
            ],
            [
              72.8,
              18.9525
            ],
            [
              72.8,
              18.945
            ]
          ]
        ]
      }
    },
    {
      "type": "Feature",
      "properties": {
        "name": "Cell R06 C06",
        "code": "mumb_006_006",
        "city": "Mumbai"
      },
      "geometry": {
        "type": "Polygon",
        "coordinates": [
          [
            [
              72.81,
              18.945
            ],
            [
              72.82000000000001,
              18.945
            ],
            [
              72.82000000000001,
              18.9525
            ],
            [
              72.81,
              18.9525
            ],
            [
              72.81,
              18.945
            ]
          ]
        ]
      }
    },
    {
      "type": "Feature",
      "properties": {
        "name": "Cell R06 C07",
        "code": "mumb_006_007",
        "city": "Mumbai"
      },
      "geometry": {
        "type": "Polygon",
        "coordinates": [
          [
            [
              72.82000000000001,
              18.945
            ],
            [
              72.83000000000001,
              18.945
            ],
            [
              72.83000000000001,
              18.9525
            ],
            [
              72.82000000000001,
              18.9525
            ],
            [
              72.82000000000001,
              18.945
            ]
          ]
        ]
      }
    },
    {
      "type": "Feature",
      "properties": {
        "name": "Cell R06 C08",
        "code": "mumb_006_008",
        "city": "Mumbai"
      },
      "geometry": {
        "type": "Polygon",
        "coordinates": [
          [
            [
              72.83,
              18.945
            ],
            [
              72.84,
              18.945
            ],
            [
              72.84,
              18.9525
            ],
            [
              72.83,
              18.9525
            ],
            [
              72.83,
              18.945
            ]
          ]
        ]
      }
    },
    {
      "type": "Feature",
      "properties": {
        "name": "Cell R06 C09",
        "code": "mumb_006_009",
        "city": "Mumbai"
      },
      "geometry": {
        "type": "Polygon",
        "coordinates": [
          [
            [
              72.84,
              18.945
            ],
            [
              72.85000000000001,
              18.945
            ],
            [
              72.85000000000001,
              18.9525
            ],
            [
              72.84,
              18.9525
            ],
            [
              72.84,
              18.945
            ]
          ]
        ]
      }
    },
    {
      "type": "Feature",
      "properties": {
        "name": "Cell R06 C10",
        "code": "mumb_006_010",
        "city": "Mumbai"
      },
      "geometry": {
        "type": "Polygon",
        "coordinates": [
          [
            [
              72.85,
              18.945
            ],
            [
              72.86,
              18.945
            ],
            [
              72.86,
              18.9525
            ],
            [
              72.85,
              18.9525
            ],
            [
              72.85,
              18.945
            ]
          ]
        ]
      }
    },
    {
      "type": "Feature",
      "properties": {
        "name": "Cell R06 C11",
        "code": "mumb_006_011",
        "city": "Mumbai"
      },
      "geometry": {
        "type": "Polygon",
        "coordinates": [
          [
            [
              72.86,
              18.945
            ],
            [
              72.87,
              18.945
            ],
            [
              72.87,
              18.9525
            ],
            [
              72.86,
              18.9525
            ],
            [
              72.86,
              18.945
            ]
          ]
        ]
      }
    },
    {
      "type": "Feature",
      "properties": {
        "name": "Cell R06 C12",
        "code": "mumb_006_012",
        "city": "Mumbai"
      },
      "geometry": {
        "type": "Polygon",
        "coordinates": [
          [
            [
              72.87,
              18.945
            ],
            [
              72.88000000000001,
              18.945
            ],
            [
              72.88000000000001,
              18.9525
            ],
            [
              72.87,
              18.9525
            ],
            [
              72.87,
              18.945
            ]
          ]
        ]
      }
    },
    {
      "type": "Feature",
      "properties": {
        "name": "Cell R06 C13",
        "code": "mumb_006_013",
        "city": "Mumbai"
      },
      "geometry": {
        "type": "Polygon",
        "coordinates": [
          [
            [
              72.88,
              18.945
            ],
            [
              72.89,
              18.945
            ],
            [
              72.89,
              18.9525
            ],
            [
              72.88,
              18.9525
            ],
            [
              72.88,
              18.945
            ]
          ]
        ]
      }
    },
    {
      "type": "Feature",
      "properties": {
        "name": "Cell R06 C14",
        "code": "mumb_006_014",
        "city": "Mumbai"
      },
      "geometry": {
        "type": "Polygon",
        "coordinates": [
          [
            [
              72.89,
              18.945
            ],
            [
              72.9,
              18.945
            ],
            [
              72.9,
              18.9525
            ],
            [
              72.89,
              18.9525
            ],
            [
              72.89,
              18.945
            ]
          ]
        ]
      }
    },
    {
      "type": "Feature",
      "properties": {
        "name": "Cell R06 C15",
        "code": "mumb_006_015",
        "city": "Mumbai"
      },
      "geometry": {
        "type": "Polygon",
        "coordinates": [
          [
            [
              72.9,
              18.945
            ],
            [
              72.91000000000001,
              18.945
            ],
            [
              72.91000000000001,
              18.9525
            ],
            [
              72.9,
              18.9525
            ],
            [
              72.9,
              18.945
            ]
          ]
        ]
      }
    },
    {
      "type": "Feature",
      "properties": {
        "name": "Cell R06 C16",
        "code": "mumb_006_016",
        "city": "Mumbai"
      },
      "geometry": {
        "type": "Polygon",
        "coordinates": [
          [
            [
              72.91,
              18.945
            ],
            [
              72.92,
              18.945
            ],
            [
              72.92,
              18.9525
            ],
            [
              72.91,
              18.9525
            ],
            [
              72.91,
              18.945
            ]
          ]
        ]
      }
    },
    {
      "type": "Feature",
      "properties": {
        "name": "Cell R06 C17",
        "code": "mumb_006_017",
        "city": "Mumbai"
      },
      "geometry": {
        "type": "Polygon",
        "coordinates": [
          [
            [
              72.92,
              18.945
            ],
            [
              72.93,
              18.945
            ],
            [
              72.93,
              18.9525
            ],
            [
              72.92,
              18.9525
            ],
            [
              72.92,
              18.945
            ]
          ]
        ]
      }
    },
    {
      "type": "Feature",
      "properties": {
        "name": "Cell R06 C18",
        "code": "mumb_006_018",
        "city": "Mumbai"
      },
      "geometry": {
        "type": "Polygon",
        "coordinates": [
          [
            [
              72.93,
              18.945
            ],
            [
              72.94000000000001,
              18.945
            ],
            [
              72.94000000000001,
              18.9525
            ],
            [
              72.93,
              18.9525
            ],
            [
              72.93,
              18.945
            ]
          ]
        ]
      }
    },
    {
      "type": "Feature",
      "properties": {
        "name": "Cell R06 C19",
        "code": "mumb_006_019",
        "city": "Mumbai"
      },
      "geometry": {
        "type": "Polygon",
        "coordinates": [
          [
            [
              72.94,
              18.945
            ],
            [
              72.95,
              18.945
            ],
            [
              72.95,
              18.9525
            ],
            [
              72.94,
              18.9525
            ],
            [
              72.94,
              18.945
            ]
          ]
        ]
      }
    },
    {
      "type": "Feature",
      "properties": {
        "name": "Cell R07 C00",
        "code": "mumb_007_000",
        "city": "Mumbai"
      },
      "geometry": {
        "type": "Polygon",
        "coordinates": [
          [
            [
              72.75,
              18.9525
            ],
            [
              72.76,
              18.9525
            ],
            [
              72.76,
              18.96
            ],
            [
              72.75,
              18.96
            ],
            [
              72.75,
              18.9525
            ]
          ]
        ]
      }
    },
    {
      "type": "Feature",
      "properties": {
        "name": "Cell R07 C01",
        "code": "mumb_007_001",
        "city": "Mumbai"
      },
      "geometry": {
        "type": "Polygon",
        "coordinates": [
          [
            [
              72.76,
              18.9525
            ],
            [
              72.77000000000001,
              18.9525
            ],
            [
              72.77000000000001,
              18.96
            ],
            [
              72.76,
              18.96
            ],
            [
              72.76,
              18.9525
            ]
          ]
        ]
      }
    },
    {
      "type": "Feature",
      "properties": {
        "name": "Cell R07 C02",
        "code": "mumb_007_002",
        "city": "Mumbai"
      },
      "geometry": {
        "type": "Polygon",
        "coordinates": [
          [
            [
              72.77,
              18.9525
            ],
            [
              72.78,
              18.9525
            ],
            [
              72.78,
              18.96
            ],
            [
              72.77,
              18.96
            ],
            [
              72.77,
              18.9525
            ]
          ]
        ]
      }
    },
    {
      "type": "Feature",
      "properties": {
        "name": "Cell R07 C03",
        "code": "mumb_007_003",
        "city": "Mumbai"
      },
      "geometry": {
        "type": "Polygon",
        "coordinates": [
          [
            [
              72.78,
              18.9525
            ],
            [
              72.79,
              18.9525
            ],
            [
              72.79,
              18.96
            ],
            [
              72.78,
              18.96
            ],
            [
              72.78,
              18.9525
            ]
          ]
        ]
      }
    },
    {
      "type": "Feature",
      "properties": {
        "name": "Cell R07 C04",
        "code": "mumb_007_004",
        "city": "Mumbai"
      },
      "geometry": {
        "type": "Polygon",
        "coordinates": [
          [
            [
              72.79,
              18.9525
            ],
            [
              72.80000000000001,
              18.9525
            ],
            [
              72.80000000000001,
              18.96
            ],
            [
              72.79,
              18.96
            ],
            [
              72.79,
              18.9525
            ]
          ]
        ]
      }
    },
    {
      "type": "Feature",
      "properties": {
        "name": "Cell R07 C05",
        "code": "mumb_007_005",
        "city": "Mumbai"
      },
      "geometry": {
        "type": "Polygon",
        "coordinates": [
          [
            [
              72.8,
              18.9525
            ],
            [
              72.81,
              18.9525
            ],
            [
              72.81,
              18.96
            ],
            [
              72.8,
              18.96
            ],
            [
              72.8,
              18.9525
            ]
          ]
        ]
      }
    },
    {
      "type": "Feature",
      "properties": {
        "name": "Cell R07 C06",
        "code": "mumb_007_006",
        "city": "Mumbai"
      },
      "geometry": {
        "type": "Polygon",
        "coordinates": [
          [
            [
              72.81,
              18.9525
            ],
            [
              72.82000000000001,
              18.9525
            ],
            [
              72.82000000000001,
              18.96
            ],
            [
              72.81,
              18.96
            ],
            [
              72.81,
              18.9525
            ]
          ]
        ]
      }
    },
    {
      "type": "Feature",
      "properties": {
        "name": "Cell R07 C07",
        "code": "mumb_007_007",
        "city": "Mumbai"
      },
      "geometry": {
        "type": "Polygon",
        "coordinates": [
          [
            [
              72.82000000000001,
              18.9525
            ],
            [
              72.83000000000001,
              18.9525
            ],
            [
              72.83000000000001,
              18.96
            ],
            [
              72.82000000000001,
              18.96
            ],
            [
              72.82000000000001,
              18.9525
            ]
          ]
        ]
      }
    },
    {
      "type": "Feature",
      "properties": {
        "name": "Cell R07 C08",
        "code": "mumb_007_008",
        "city": "Mumbai"
      },
      "geometry": {
        "type": "Polygon",
        "coordinates": [
          [
            [
              72.83,
              18.9525
            ],
            [
              72.84,
              18.9525
            ],
            [
              72.84,
              18.96
            ],
            [
              72.83,
              18.96
            ],
            [
              72.83,
              18.9525
            ]
          ]
        ]
      }
    },
    {
      "type": "Feature",
      "properties": {
        "name": "Cell R07 C09",
        "code": "mumb_007_009",
        "city": "Mumbai"
      },
      "geometry": {
        "type": "Polygon",
        "coordinates": [
          [
            [
              72.84,
              18.9525
            ],
            [
              72.85000000000001,
              18.9525
            ],
            [
              72.85000000000001,
              18.96
            ],
            [
              72.84,
              18.96
            ],
            [
              72.84,
              18.9525
            ]
          ]
        ]
      }
    },
    {
      "type": "Feature",
      "properties": {
        "name": "Cell R07 C10",
        "code": "mumb_007_010",
        "city": "Mumbai"
      },
      "geometry": {
        "type": "Polygon",
        "coordinates": [
          [
            [
              72.85,
              18.9525
            ],
            [
              72.86,
              18.9525
            ],
            [
              72.86,
              18.96
            ],
            [
              72.85,
              18.96
            ],
            [
              72.85,
              18.9525
            ]
          ]
        ]
      }
    },
    {
      "type": "Feature",
      "properties": {
        "name": "Cell R07 C11",
        "code": "mumb_007_011",
        "city": "Mumbai"
      },
      "geometry": {
        "type": "Polygon",
        "coordinates": [
          [
            [
              72.86,
              18.9525
            ],
            [
              72.87,
              18.9525
            ],
            [
              72.87,
              18.96
            ],
            [
              72.86,
              18.96
            ],
            [
              72.86,
              18.9525
            ]
          ]
        ]
      }
    },
    {
      "type": "Feature",
      "properties": {
        "name": "Cell R07 C12",
        "code": "mumb_007_012",
        "city": "Mumbai"
      },
      "geometry": {
        "type": "Polygon",
        "coordinates": [
          [
            [
              72.87,
              18.9525
            ],
            [
              72.88000000000001,
              18.9525
            ],
            [
              72.88000000000001,
              18.96
            ],
            [
              72.87,
              18.96
            ],
            [
              72.87,
              18.9525
            ]
          ]
        ]
      }
    },
    {
      "type": "Feature",
      "properties": {
        "name": "Cell R07 C13",
        "code": "mumb_007_013",
        "city": "Mumbai"
      },
      "geometry": {
        "type": "Polygon",
        "coordinates": [
          [
            [
              72.88,
              18.9525
            ],
            [
              72.89,
              18.9525
            ],
            [
              72.89,
              18.96
            ],
            [
              72.88,
              18.96
            ],
            [
              72.88,
              18.9525
            ]
          ]
        ]
      }
    },
    {
      "type": "Feature",
      "properties": {
        "name": "Cell R07 C14",
        "code": "mumb_007_014",
        "city": "Mumbai"
      },
      "geometry": {
        "type": "Polygon",
        "coordinates": [
          [
            [
              72.89,
              18.9525
            ],
            [
              72.9,
              18.9525
            ],
            [
              72.9,
              18.96
            ],
            [
              72.89,
              18.96
            ],
            [
              72.89,
              18.9525
            ]
          ]
        ]
      }
    },
    {
      "type": "Feature",
      "properties": {
        "name": "Cell R07 C15",
        "code": "mumb_007_015",
        "city": "Mumbai"
      },
      "geometry": {
        "type": "Polygon",
        "coordinates": [
          [
            [
              72.9,
              18.9525
            ],
            [
              72.91000000000001,
              18.9525
            ],
            [
              72.91000000000001,
              18.96
            ],
            [
              72.9,
              18.96
            ],
            [
              72.9,
              18.9525
            ]
          ]
        ]
      }
    },
    {
      "type": "Feature",
      "properties": {
        "name": "Cell R07 C16",
        "code": "mumb_007_016",
        "city": "Mumbai"
      },
      "geometry": {
        "type": "Polygon",
        "coordinates": [
          [
            [
              72.91,
              18.9525
            ],
            [
              72.92,
              18.9525
            ],
            [
              72.92,
              18.96
            ],
            [
              72.91,
              18.96
            ],
            [
              72.91,
              18.9525
            ]
          ]
        ]
      }
    },
    {
      "type": "Feature",
      "properties": {
        "name": "Cell R07 C17",
        "code": "mumb_007_017",
        "city": "Mumbai"
      },
      "geometry": {
        "type": "Polygon",
        "coordinates": [
          [
            [
              72.92,
              18.9525
            ],
            [
              72.93,
              18.9525
            ],
            [
              72.93,
              18.96
            ],
            [
              72.92,
              18.96
            ],
            [
              72.92,
              18.9525
            ]
          ]
        ]
      }
    },
    {
      "type": "Feature",
      "properties": {
        "name": "Cell R07 C18",
        "code": "mumb_007_018",
        "city": "Mumbai"
      },
      "geometry": {
        "type": "Polygon",
        "coordinates": [
          [
            [
              72.93,
              18.9525
            ],
            [
              72.94000000000001,
              18.9525
            ],
            [
              72.94000000000001,
              18.96
            ],
            [
              72.93,
              18.96
            ],
            [
              72.93,
              18.9525
            ]
          ]
        ]
      }
    },
    {
      "type": "Feature",
      "properties": {
        "name": "Cell R07 C19",
        "code": "mumb_007_019",
        "city": "Mumbai"
      },
      "geometry": {
        "type": "Polygon",
        "coordinates": [
          [
            [
              72.94,
              18.9525
            ],
            [
              72.95,
              18.9525
            ],
            [
              72.95,
              18.96
            ],
            [
              72.94,
              18.96
            ],
            [
              72.94,
              18.9525
            ]
          ]
        ]
      }
    },
    {
      "type": "Feature",
      "properties": {
        "name": "Cell R08 C00",
        "code": "mumb_008_000",
        "city": "Mumbai"
      },
      "geometry": {
        "type": "Polygon",
        "coordinates": [
          [
            [
              72.75,
              18.96
            ],
            [
              72.76,
              18.96
            ],
            [
              72.76,
              18.9675
            ],
            [
              72.75,
              18.9675
            ],
            [
              72.75,
              18.96
            ]
          ]
        ]
      }
    },
    {
      "type": "Feature",
      "properties": {
        "name": "Cell R08 C01",
        "code": "mumb_008_001",
        "city": "Mumbai"
      },
      "geometry": {
        "type": "Polygon",
        "coordinates": [
          [
            [
              72.76,
              18.96
            ],
            [
              72.77000000000001,
              18.96
            ],
            [
              72.77000000000001,
              18.9675
            ],
            [
              72.76,
              18.9675
            ],
            [
              72.76,
              18.96
            ]
          ]
        ]
      }
    },
    {
      "type": "Feature",
      "properties": {
        "name": "Cell R08 C02",
        "code": "mumb_008_002",
        "city": "Mumbai"
      },
      "geometry": {
        "type": "Polygon",
        "coordinates": [
          [
            [
              72.77,
              18.96
            ],
            [
              72.78,
              18.96
            ],
            [
              72.78,
              18.9675
            ],
            [
              72.77,
              18.9675
            ],
            [
              72.77,
              18.96
            ]
          ]
        ]
      }
    },
    {
      "type": "Feature",
      "properties": {
        "name": "Cell R08 C03",
        "code": "mumb_008_003",
        "city": "Mumbai"
      },
      "geometry": {
        "type": "Polygon",
        "coordinates": [
          [
            [
              72.78,
              18.96
            ],
            [
              72.79,
              18.96
            ],
            [
              72.79,
              18.9675
            ],
            [
              72.78,
              18.9675
            ],
            [
              72.78,
              18.96
            ]
          ]
        ]
      }
    },
    {
      "type": "Feature",
      "properties": {
        "name": "Cell R08 C04",
        "code": "mumb_008_004",
        "city": "Mumbai"
      },
      "geometry": {
        "type": "Polygon",
        "coordinates": [
          [
            [
              72.79,
              18.96
            ],
            [
              72.80000000000001,
              18.96
            ],
            [
              72.80000000000001,
              18.9675
            ],
            [
              72.79,
              18.9675
            ],
            [
              72.79,
              18.96
            ]
          ]
        ]
      }
    },
    {
      "type": "Feature",
      "properties": {
        "name": "Cell R08 C05",
        "code": "mumb_008_005",
        "city": "Mumbai"
      },
      "geometry": {
        "type": "Polygon",
        "coordinates": [
          [
            [
              72.8,
              18.96
            ],
            [
              72.81,
              18.96
            ],
            [
              72.81,
              18.9675
            ],
            [
              72.8,
              18.9675
            ],
            [
              72.8,
              18.96
            ]
          ]
        ]
      }
    },
    {
      "type": "Feature",
      "properties": {
        "name": "Cell R08 C06",
        "code": "mumb_008_006",
        "city": "Mumbai"
      },
      "geometry": {
        "type": "Polygon",
        "coordinates": [
          [
            [
              72.81,
              18.96
            ],
            [
              72.82000000000001,
              18.96
            ],
            [
              72.82000000000001,
              18.9675
            ],
            [
              72.81,
              18.9675
            ],
            [
              72.81,
              18.96
            ]
          ]
        ]
      }
    },
    {
      "type": "Feature",
      "properties": {
        "name": "Cell R08 C07",
        "code": "mumb_008_007",
        "city": "Mumbai"
      },
      "geometry": {
        "type": "Polygon",
        "coordinates": [
          [
            [
              72.82000000000001,
              18.96
            ],
            [
              72.83000000000001,
              18.96
            ],
            [
              72.83000000000001,
              18.9675
            ],
            [
              72.82000000000001,
              18.9675
            ],
            [
              72.82000000000001,
              18.96
            ]
          ]
        ]
      }
    },
    {
      "type": "Feature",
      "properties": {
        "name": "Cell R08 C08",
        "code": "mumb_008_008",
        "city": "Mumbai"
      },
      "geometry": {
        "type": "Polygon",
        "coordinates": [
          [
            [
              72.83,
              18.96
            ],
            [
              72.84,
              18.96
            ],
            [
              72.84,
              18.9675
            ],
            [
              72.83,
              18.9675
            ],
            [
              72.83,
              18.96
            ]
          ]
        ]
      }
    },
    {
      "type": "Feature",
      "properties": {
        "name": "Cell R08 C09",
        "code": "mumb_008_009",
        "city": "Mumbai"
      },
      "geometry": {
        "type": "Polygon",
        "coordinates": [
          [
            [
              72.84,
              18.96
            ],
            [
              72.85000000000001,
              18.96
            ],
            [
              72.85000000000001,
              18.9675
            ],
            [
              72.84,
              18.9675
            ],
            [
              72.84,
              18.96
            ]
          ]
        ]
      }
    },
    {
      "type": "Feature",
      "properties": {
        "name": "Cell R08 C10",
        "code": "mumb_008_010",
        "city": "Mumbai"
      },
      "geometry": {
        "type": "Polygon",
        "coordinates": [
          [
            [
              72.85,
              18.96
            ],
            [
              72.86,
              18.96
            ],
            [
              72.86,
              18.9675
            ],
            [
              72.85,
              18.9675
            ],
            [
              72.85,
              18.96
            ]
          ]
        ]
      }
    },
    {
      "type": "Feature",
      "properties": {
        "name": "Cell R08 C11",
        "code": "mumb_008_011",
        "city": "Mumbai"
      },
      "geometry": {
        "type": "Polygon",
        "coordinates": [
          [
            [
              72.86,
              18.96
            ],
            [
              72.87,
              18.96
            ],
            [
              72.87,
              18.9675
            ],
            [
              72.86,
              18.9675
            ],
            [
              72.86,
              18.96
            ]
          ]
        ]
      }
    },
    {
      "type": "Feature",
      "properties": {
        "name": "Cell R08 C12",
        "code": "mumb_008_012",
        "city": "Mumbai"
      },
      "geometry": {
        "type": "Polygon",
        "coordinates": [
          [
            [
              72.87,
              18.96
            ],
            [
              72.88000000000001,
              18.96
            ],
            [
              72.88000000000001,
              18.9675
            ],
            [
              72.87,
              18.9675
            ],
            [
              72.87,
              18.96
            ]
          ]
        ]
      }
    },
    {
      "type": "Feature",
      "properties": {
        "name": "Cell R08 C13",
        "code": "mumb_008_013",
        "city": "Mumbai"
      },
      "geometry": {
        "type": "Polygon",
        "coordinates": [
          [
            [
              72.88,
              18.96
            ],
            [
              72.89,
              18.96
            ],
            [
              72.89,
              18.9675
            ],
            [
              72.88,
              18.9675
            ],
            [
              72.88,
              18.96
            ]
          ]
        ]
      }
    },
    {
      "type": "Feature",
      "properties": {
        "name": "Cell R08 C14",
        "code": "mumb_008_014",
        "city": "Mumbai"
      },
      "geometry": {
        "type": "Polygon",
        "coordinates": [
          [
            [
              72.89,
              18.96
            ],
            [
              72.9,
              18.96
            ],
            [
              72.9,
              18.9675
            ],
            [
              72.89,
              18.9675
            ],
            [
              72.89,
              18.96
            ]
          ]
        ]
      }
    },
    {
      "type": "Feature",
      "properties": {
        "name": "Cell R08 C15",
        "code": "mumb_008_015",
        "city": "Mumbai"
      },
      "geometry": {
        "type": "Polygon",
        "coordinates": [
          [
            [
              72.9,
              18.96
            ],
            [
              72.91000000000001,
              18.96
            ],
            [
              72.91000000000001,
              18.9675
            ],
            [
              72.9,
              18.9675
            ],
            [
              72.9,
              18.96
            ]
          ]
        ]
      }
    },
    {
      "type": "Feature",
      "properties": {
        "name": "Cell R08 C16",
        "code": "mumb_008_016",
        "city": "Mumbai"
      },
      "geometry": {
        "type": "Polygon",
        "coordinates": [
          [
            [
              72.91,
              18.96
            ],
            [
              72.92,
              18.96
            ],
            [
              72.92,
              18.9675
            ],
            [
              72.91,
              18.9675
            ],
            [
              72.91,
              18.96
            ]
          ]
        ]
      }
    },
    {
      "type": "Feature",
      "properties": {
        "name": "Cell R08 C17",
        "code": "mumb_008_017",
        "city": "Mumbai"
      },
      "geometry": {
        "type": "Polygon",
        "coordinates": [
          [
            [
              72.92,
              18.96
            ],
            [
              72.93,
              18.96
            ],
            [
              72.93,
              18.9675
            ],
            [
              72.92,
              18.9675
            ],
            [
              72.92,
              18.96
            ]
          ]
        ]
      }
    },
    {
      "type": "Feature",
      "properties": {
        "name": "Cell R08 C18",
        "code": "mumb_008_018",
        "city": "Mumbai"
      },
      "geometry": {
        "type": "Polygon",
        "coordinates": [
          [
            [
              72.93,
              18.96
            ],
            [
              72.94000000000001,
              18.96
            ],
            [
              72.94000000000001,
              18.9675
            ],
            [
              72.93,
              18.9675
            ],
            [
              72.93,
              18.96
            ]
          ]
        ]
      }
    },
    {
      "type": "Feature",
      "properties": {
        "name": "Cell R08 C19",
        "code": "mumb_008_019",
        "city": "Mumbai"
      },
      "geometry": {
        "type": "Polygon",
        "coordinates": [
          [
            [
              72.94,
              18.96
            ],
            [
              72.95,
              18.96
            ],
            [
              72.95,
              18.9675
            ],
            [
              72.94,
              18.9675
            ],
            [
              72.94,
              18.96
            ]
          ]
        ]
      }
    },
    {
      "type": "Feature",
      "properties": {
        "name": "Cell R09 C00",
        "code": "mumb_009_000",
        "city": "Mumbai"
      },
      "geometry": {
        "type": "Polygon",
        "coordinates": [
          [
            [
              72.75,
              18.9675
            ],
            [
              72.76,
              18.9675
            ],
            [
              72.76,
              18.975
            ],
            [
              72.75,
              18.975
            ],
            [
              72.75,
              18.9675
            ]
          ]
        ]
      }
    },
    {
      "type": "Feature",
      "properties": {
        "name": "Cell R09 C01",
        "code": "mumb_009_001",
        "city": "Mumbai"
      },
      "geometry": {
        "type": "Polygon",
        "coordinates": [
          [
            [
              72.76,
              18.9675
            ],
            [
              72.77000000000001,
              18.9675
            ],
            [
              72.77000000000001,
              18.975
            ],
            [
              72.76,
              18.975
            ],
            [
              72.76,
              18.9675
            ]
          ]
        ]
      }
    },
    {
      "type": "Feature",
      "properties": {
        "name": "Cell R09 C02",
        "code": "mumb_009_002",
        "city": "Mumbai"
      },
      "geometry": {
        "type": "Polygon",
        "coordinates": [
          [
            [
              72.77,
              18.9675
            ],
            [
              72.78,
              18.9675
            ],
            [
              72.78,
              18.975
            ],
            [
              72.77,
              18.975
            ],
            [
              72.77,
              18.9675
            ]
          ]
        ]
      }
    },
    {
      "type": "Feature",
      "properties": {
        "name": "Cell R09 C03",
        "code": "mumb_009_003",
        "city": "Mumbai"
      },
      "geometry": {
        "type": "Polygon",
        "coordinates": [
          [
            [
              72.78,
              18.9675
            ],
            [
              72.79,
              18.9675
            ],
            [
              72.79,
              18.975
            ],
            [
              72.78,
              18.975
            ],
            [
              72.78,
              18.9675
            ]
          ]
        ]
      }
    },
    {
      "type": "Feature",
      "properties": {
        "name": "Cell R09 C04",
        "code": "mumb_009_004",
        "city": "Mumbai"
      },
      "geometry": {
        "type": "Polygon",
        "coordinates": [
          [
            [
              72.79,
              18.9675
            ],
            [
              72.80000000000001,
              18.9675
            ],
            [
              72.80000000000001,
              18.975
            ],
            [
              72.79,
              18.975
            ],
            [
              72.79,
              18.9675
            ]
          ]
        ]
      }
    },
    {
      "type": "Feature",
      "properties": {
        "name": "Cell R09 C05",
        "code": "mumb_009_005",
        "city": "Mumbai"
      },
      "geometry": {
        "type": "Polygon",
        "coordinates": [
          [
            [
              72.8,
              18.9675
            ],
            [
              72.81,
              18.9675
            ],
            [
              72.81,
              18.975
            ],
            [
              72.8,
              18.975
            ],
            [
              72.8,
              18.9675
            ]
          ]
        ]
      }
    },
    {
      "type": "Feature",
      "properties": {
        "name": "Cell R09 C06",
        "code": "mumb_009_006",
        "city": "Mumbai"
      },
      "geometry": {
        "type": "Polygon",
        "coordinates": [
          [
            [
              72.81,
              18.9675
            ],
            [
              72.82000000000001,
              18.9675
            ],
            [
              72.82000000000001,
              18.975
            ],
            [
              72.81,
              18.975
            ],
            [
              72.81,
              18.9675
            ]
          ]
        ]
      }
    },
    {
      "type": "Feature",
      "properties": {
        "name": "Cell R09 C07",
        "code": "mumb_009_007",
        "city": "Mumbai"
      },
      "geometry": {
        "type": "Polygon",
        "coordinates": [
          [
            [
              72.82000000000001,
              18.9675
            ],
            [
              72.83000000000001,
              18.9675
            ],
            [
              72.83000000000001,
              18.975
            ],
            [
              72.82000000000001,
              18.975
            ],
            [
              72.82000000000001,
              18.9675
            ]
          ]
        ]
      }
    },
    {
      "type": "Feature",
      "properties": {
        "name": "Cell R09 C08",
        "code": "mumb_009_008",
        "city": "Mumbai"
      },
      "geometry": {
        "type": "Polygon",
        "coordinates": [
          [
            [
              72.83,
              18.9675
            ],
            [
              72.84,
              18.9675
            ],
            [
              72.84,
              18.975
            ],
            [
              72.83,
              18.975
            ],
            [
              72.83,
              18.9675
            ]
          ]
        ]
      }
    },
    {
      "type": "Feature",
      "properties": {
        "name": "Cell R09 C09",
        "code": "mumb_009_009",
        "city": "Mumbai"
      },
      "geometry": {
        "type": "Polygon",
        "coordinates": [
          [
            [
              72.84,
              18.9675
            ],
            [
              72.85000000000001,
              18.9675
            ],
            [
              72.85000000000001,
              18.975
            ],
            [
              72.84,
              18.975
            ],
            [
              72.84,
              18.9675
            ]
          ]
        ]
      }
    },
    {
      "type": "Feature",
      "properties": {
        "name": "Cell R09 C10",
        "code": "mumb_009_010",
        "city": "Mumbai"
      },
      "geometry": {
        "type": "Polygon",
        "coordinates": [
          [
            [
              72.85,
              18.9675
            ],
            [
              72.86,
              18.9675
            ],
            [
              72.86,
              18.975
            ],
            [
              72.85,
              18.975
            ],
            [
              72.85,
              18.9675
            ]
          ]
        ]
      }
    },
    {
      "type": "Feature",
      "properties": {
        "name": "Cell R09 C11",
        "code": "mumb_009_011",
        "city": "Mumbai"
      },
      "geometry": {
        "type": "Polygon",
        "coordinates": [
          [
            [
              72.86,
              18.9675
            ],
            [
              72.87,
              18.9675
            ],
            [
              72.87,
              18.975
            ],
            [
              72.86,
              18.975
            ],
            [
              72.86,
              18.9675
            ]
          ]
        ]
      }
    },
    {
      "type": "Feature",
      "properties": {
        "name": "Cell R09 C12",
        "code": "mumb_009_012",
        "city": "Mumbai"
      },
      "geometry": {
        "type": "Polygon",
        "coordinates": [
          [
            [
              72.87,
              18.9675
            ],
            [
              72.88000000000001,
              18.9675
            ],
            [
              72.88000000000001,
              18.975
            ],
            [
              72.87,
              18.975
            ],
            [
              72.87,
              18.9675
            ]
          ]
        ]
      }
    },
    {
      "type": "Feature",
      "properties": {
        "name": "Cell R09 C13",
        "code": "mumb_009_013",
        "city": "Mumbai"
      },
      "geometry": {
        "type": "Polygon",
        "coordinates": [
          [
            [
              72.88,
              18.9675
            ],
            [
              72.89,
              18.9675
            ],
            [
              72.89,
              18.975
            ],
            [
              72.88,
              18.975
            ],
            [
              72.88,
              18.9675
            ]
          ]
        ]
      }
    },
    {
      "type": "Feature",
      "properties": {
        "name": "Cell R09 C14",
        "code": "mumb_009_014",
        "city": "Mumbai"
      },
      "geometry": {
        "type": "Polygon",
        "coordinates": [
          [
            [
              72.89,
              18.9675
            ],
            [
              72.9,
              18.9675
            ],
            [
              72.9,
              18.975
            ],
            [
              72.89,
              18.975
            ],
            [
              72.89,
              18.9675
            ]
          ]
        ]
      }
    },
    {
      "type": "Feature",
      "properties": {
        "name": "Cell R09 C15",
        "code": "mumb_009_015",
        "city": "Mumbai"
      },
      "geometry": {
        "type": "Polygon",
        "coordinates": [
          [
            [
              72.9,
              18.9675
            ],
            [
              72.91000000000001,
              18.9675
            ],
            [
              72.91000000000001,
              18.975
            ],
            [
              72.9,
              18.975
            ],
            [
              72.9,
              18.9675
            ]
          ]
        ]
      }
    },
    {
      "type": "Feature",
      "properties": {
        "name": "Cell R09 C16",
        "code": "mumb_009_016",
        "city": "Mumbai"
      },
      "geometry": {
        "type": "Polygon",
        "coordinates": [
          [
            [
              72.91,
              18.9675
            ],
            [
              72.92,
              18.9675
            ],
            [
              72.92,
              18.975
            ],
            [
              72.91,
              18.975
            ],
            [
              72.91,
              18.9675
            ]
          ]
        ]
      }
    },
    {
      "type": "Feature",
      "properties": {
        "name": "Cell R09 C17",
        "code": "mumb_009_017",
        "city": "Mumbai"
      },
      "geometry": {
        "type": "Polygon",
        "coordinates": [
          [
            [
              72.92,
              18.9675
            ],
            [
              72.93,
              18.9675
            ],
            [
              72.93,
              18.975
            ],
            [
              72.92,
              18.975
            ],
            [
              72.92,
              18.9675
            ]
          ]
        ]
      }
    },
    {
      "type": "Feature",
      "properties": {
        "name": "Cell R09 C18",
        "code": "mumb_009_018",
        "city": "Mumbai"
      },
      "geometry": {
        "type": "Polygon",
        "coordinates": [
          [
            [
              72.93,
              18.9675
            ],
            [
              72.94000000000001,
              18.9675
            ],
            [
              72.94000000000001,
              18.975
            ],
            [
              72.93,
              18.975
            ],
            [
              72.93,
              18.9675
            ]
          ]
        ]
      }
    },
    {
      "type": "Feature",
      "properties": {
        "name": "Cell R09 C19",
        "code": "mumb_009_019",
        "city": "Mumbai"
      },
      "geometry": {
        "type": "Polygon",
        "coordinates": [
          [
            [
              72.94,
              18.9675
            ],
            [
              72.95,
              18.9675
            ],
            [
              72.95,
              18.975
            ],
            [
              72.94,
              18.975
            ],
            [
              72.94,
              18.9675
            ]
          ]
        ]
      }
    },
    {
      "type": "Feature",
      "properties": {
        "name": "Cell R10 C00",
        "code": "mumb_010_000",
        "city": "Mumbai"
      },
      "geometry": {
        "type": "Polygon",
        "coordinates": [
          [
            [
              72.75,
              18.975
            ],
            [
              72.76,
              18.975
            ],
            [
              72.76,
              18.9825
            ],
            [
              72.75,
              18.9825
            ],
            [
              72.75,
              18.975
            ]
          ]
        ]
      }
    },
    {
      "type": "Feature",
      "properties": {
        "name": "Cell R10 C01",
        "code": "mumb_010_001",
        "city": "Mumbai"
      },
      "geometry": {
        "type": "Polygon",
        "coordinates": [
          [
            [
              72.76,
              18.975
            ],
            [
              72.77000000000001,
              18.975
            ],
            [
              72.77000000000001,
              18.9825
            ],
            [
              72.76,
              18.9825
            ],
            [
              72.76,
              18.975
            ]
          ]
        ]
      }
    },
    {
      "type": "Feature",
      "properties": {
        "name": "Cell R10 C02",
        "code": "mumb_010_002",
        "city": "Mumbai"
      },
      "geometry": {
        "type": "Polygon",
        "coordinates": [
          [
            [
              72.77,
              18.975
            ],
            [
              72.78,
              18.975
            ],
            [
              72.78,
              18.9825
            ],
            [
              72.77,
              18.9825
            ],
            [
              72.77,
              18.975
            ]
          ]
        ]
      }
    },
    {
      "type": "Feature",
      "properties": {
        "name": "Cell R10 C03",
        "code": "mumb_010_003",
        "city": "Mumbai"
      },
      "geometry": {
        "type": "Polygon",
        "coordinates": [
          [
            [
              72.78,
              18.975
            ],
            [
              72.79,
              18.975
            ],
            [
              72.79,
              18.9825
            ],
            [
              72.78,
              18.9825
            ],
            [
              72.78,
              18.975
            ]
          ]
        ]
      }
    },
    {
      "type": "Feature",
      "properties": {
        "name": "Cell R10 C04",
        "code": "mumb_010_004",
        "city": "Mumbai"
      },
      "geometry": {
        "type": "Polygon",
        "coordinates": [
          [
            [
              72.79,
              18.975
            ],
            [
              72.80000000000001,
              18.975
            ],
            [
              72.80000000000001,
              18.9825
            ],
            [
              72.79,
              18.9825
            ],
            [
              72.79,
              18.975
            ]
          ]
        ]
      }
    },
    {
      "type": "Feature",
      "properties": {
        "name": "Cell R10 C05",
        "code": "mumb_010_005",
        "city": "Mumbai"
      },
      "geometry": {
        "type": "Polygon",
        "coordinates": [
          [
            [
              72.8,
              18.975
            ],
            [
              72.81,
              18.975
            ],
            [
              72.81,
              18.9825
            ],
            [
              72.8,
              18.9825
            ],
            [
              72.8,
              18.975
            ]
          ]
        ]
      }
    },
    {
      "type": "Feature",
      "properties": {
        "name": "Cell R10 C06",
        "code": "mumb_010_006",
        "city": "Mumbai"
      },
      "geometry": {
        "type": "Polygon",
        "coordinates": [
          [
            [
              72.81,
              18.975
            ],
            [
              72.82000000000001,
              18.975
            ],
            [
              72.82000000000001,
              18.9825
            ],
            [
              72.81,
              18.9825
            ],
            [
              72.81,
              18.975
            ]
          ]
        ]
      }
    },
    {
      "type": "Feature",
      "properties": {
        "name": "Cell R10 C07",
        "code": "mumb_010_007",
        "city": "Mumbai"
      },
      "geometry": {
        "type": "Polygon",
        "coordinates": [
          [
            [
              72.82000000000001,
              18.975
            ],
            [
              72.83000000000001,
              18.975
            ],
            [
              72.83000000000001,
              18.9825
            ],
            [
              72.82000000000001,
              18.9825
            ],
            [
              72.82000000000001,
              18.975
            ]
          ]
        ]
      }
    },
    {
      "type": "Feature",
      "properties": {
        "name": "Cell R10 C08",
        "code": "mumb_010_008",
        "city": "Mumbai"
      },
      "geometry": {
        "type": "Polygon",
        "coordinates": [
          [
            [
              72.83,
              18.975
            ],
            [
              72.84,
              18.975
            ],
            [
              72.84,
              18.9825
            ],
            [
              72.83,
              18.9825
            ],
            [
              72.83,
              18.975
            ]
          ]
        ]
      }
    },
    {
      "type": "Feature",
      "properties": {
        "name": "Cell R10 C09",
        "code": "mumb_010_009",
        "city": "Mumbai"
      },
      "geometry": {
        "type": "Polygon",
        "coordinates": [
          [
            [
              72.84,
              18.975
            ],
            [
              72.85000000000001,
              18.975
            ],
            [
              72.85000000000001,
              18.9825
            ],
            [
              72.84,
              18.9825
            ],
            [
              72.84,
              18.975
            ]
          ]
        ]
      }
    },
    {
      "type": "Feature",
      "properties": {
        "name": "Cell R10 C10",
        "code": "mumb_010_010",
        "city": "Mumbai"
      },
      "geometry": {
        "type": "Polygon",
        "coordinates": [
          [
            [
              72.85,
              18.975
            ],
            [
              72.86,
              18.975
            ],
            [
              72.86,
              18.9825
            ],
            [
              72.85,
              18.9825
            ],
            [
              72.85,
              18.975
            ]
          ]
        ]
      }
    },
    {
      "type": "Feature",
      "properties": {
        "name": "Cell R10 C11",
        "code": "mumb_010_011",
        "city": "Mumbai"
      },
      "geometry": {
        "type": "Polygon",
        "coordinates": [
          [
            [
              72.86,
              18.975
            ],
            [
              72.87,
              18.975
            ],
            [
              72.87,
              18.9825
            ],
            [
              72.86,
              18.9825
            ],
            [
              72.86,
              18.975
            ]
          ]
        ]
      }
    },
    {
      "type": "Feature",
      "properties": {
        "name": "Cell R10 C12",
        "code": "mumb_010_012",
        "city": "Mumbai"
      },
      "geometry": {
        "type": "Polygon",
        "coordinates": [
          [
            [
              72.87,
              18.975
            ],
            [
              72.88000000000001,
              18.975
            ],
            [
              72.88000000000001,
              18.9825
            ],
            [
              72.87,
              18.9825
            ],
            [
              72.87,
              18.975
            ]
          ]
        ]
      }
    },
    {
      "type": "Feature",
      "properties": {
        "name": "Cell R10 C13",
        "code": "mumb_010_013",
        "city": "Mumbai"
      },
      "geometry": {
        "type": "Polygon",
        "coordinates": [
          [
            [
              72.88,
              18.975
            ],
            [
              72.89,
              18.975
            ],
            [
              72.89,
              18.9825
            ],
            [
              72.88,
              18.9825
            ],
            [
              72.88,
              18.975
            ]
          ]
        ]
      }
    },
    {
      "type": "Feature",
      "properties": {
        "name": "Cell R10 C14",
        "code": "mumb_010_014",
        "city": "Mumbai"
      },
      "geometry": {
        "type": "Polygon",
        "coordinates": [
          [
            [
              72.89,
              18.975
            ],
            [
              72.9,
              18.975
            ],
            [
              72.9,
              18.9825
            ],
            [
              72.89,
              18.9825
            ],
            [
              72.89,
              18.975
            ]
          ]
        ]
      }
    },
    {
      "type": "Feature",
      "properties": {
        "name": "Cell R10 C15",
        "code": "mumb_010_015",
        "city": "Mumbai"
      },
      "geometry": {
        "type": "Polygon",
        "coordinates": [
          [
            [
              72.9,
              18.975
            ],
            [
              72.91000000000001,
              18.975
            ],
            [
              72.91000000000001,
              18.9825
            ],
            [
              72.9,
              18.9825
            ],
            [
              72.9,
              18.975
            ]
          ]
        ]
      }
    },
    {
      "type": "Feature",
      "properties": {
        "name": "Cell R10 C16",
        "code": "mumb_010_016",
        "city": "Mumbai"
      },
      "geometry": {
        "type": "Polygon",
        "coordinates": [
          [
            [
              72.91,
              18.975
            ],
            [
              72.92,
              18.975
            ],
            [
              72.92,
              18.9825
            ],
            [
              72.91,
              18.9825
            ],
            [
              72.91,
              18.975
            ]
          ]
        ]
      }
    },
    {
      "type": "Feature",
      "properties": {
        "name": "Cell R10 C17",
        "code": "mumb_010_017",
        "city": "Mumbai"
      },
      "geometry": {
        "type": "Polygon",
        "coordinates": [
          [
            [
              72.92,
              18.975
            ],
            [
              72.93,
              18.975
            ],
            [
              72.93,
              18.9825
            ],
            [
              72.92,
              18.9825
            ],
            [
              72.92,
              18.975
            ]
          ]
        ]
      }
    },
    {
      "type": "Feature",
      "properties": {
        "name": "Cell R10 C18",
        "code": "mumb_010_018",
        "city": "Mumbai"
      },
      "geometry": {
        "type": "Polygon",
        "coordinates": [
          [
            [
              72.93,
              18.975
            ],
            [
              72.94000000000001,
              18.975
            ],
            [
              72.94000000000001,
              18.9825
            ],
            [
              72.93,
              18.9825
            ],
            [
              72.93,
              18.975
            ]
          ]
        ]
      }
    },
    {
      "type": "Feature",
      "properties": {
        "name": "Cell R10 C19",
        "code": "mumb_010_019",
        "city": "Mumbai"
      },
      "geometry": {
        "type": "Polygon",
        "coordinates": [
          [
            [
              72.94,
              18.975
            ],
            [
              72.95,
              18.975
            ],
            [
              72.95,
              18.9825
            ],
            [
              72.94,
              18.9825
            ],
            [
              72.94,
              18.975
            ]
          ]
        ]
      }
    },
    {
      "type": "Feature",
      "properties": {
        "name": "Cell R11 C00",
        "code": "mumb_011_000",
        "city": "Mumbai"
      },
      "geometry": {
        "type": "Polygon",
        "coordinates": [
          [
            [
              72.75,
              18.982499999999998
            ],
            [
              72.76,
              18.982499999999998
            ],
            [
              72.76,
              18.99
            ],
            [
              72.75,
              18.99
            ],
            [
              72.75,
              18.982499999999998
            ]
          ]
        ]
      }
    },
    {
      "type": "Feature",
      "properties": {
        "name": "Cell R11 C01",
        "code": "mumb_011_001",
        "city": "Mumbai"
      },
      "geometry": {
        "type": "Polygon",
        "coordinates": [
          [
            [
              72.76,
              18.982499999999998
            ],
            [
              72.77000000000001,
              18.982499999999998
            ],
            [
              72.77000000000001,
              18.99
            ],
            [
              72.76,
              18.99
            ],
            [
              72.76,
              18.982499999999998
            ]
          ]
        ]
      }
    },
    {
      "type": "Feature",
      "properties": {
        "name": "Cell R11 C02",
        "code": "mumb_011_002",
        "city": "Mumbai"
      },
      "geometry": {
        "type": "Polygon",
        "coordinates": [
          [
            [
              72.77,
              18.982499999999998
            ],
            [
              72.78,
              18.982499999999998
            ],
            [
              72.78,
              18.99
            ],
            [
              72.77,
              18.99
            ],
            [
              72.77,
              18.982499999999998
            ]
          ]
        ]
      }
    },
    {
      "type": "Feature",
      "properties": {
        "name": "Cell R11 C03",
        "code": "mumb_011_003",
        "city": "Mumbai"
      },
      "geometry": {
        "type": "Polygon",
        "coordinates": [
          [
            [
              72.78,
              18.982499999999998
            ],
            [
              72.79,
              18.982499999999998
            ],
            [
              72.79,
              18.99
            ],
            [
              72.78,
              18.99
            ],
            [
              72.78,
              18.982499999999998
            ]
          ]
        ]
      }
    },
    {
      "type": "Feature",
      "properties": {
        "name": "Cell R11 C04",
        "code": "mumb_011_004",
        "city": "Mumbai"
      },
      "geometry": {
        "type": "Polygon",
        "coordinates": [
          [
            [
              72.79,
              18.982499999999998
            ],
            [
              72.80000000000001,
              18.982499999999998
            ],
            [
              72.80000000000001,
              18.99
            ],
            [
              72.79,
              18.99
            ],
            [
              72.79,
              18.982499999999998
            ]
          ]
        ]
      }
    },
    {
      "type": "Feature",
      "properties": {
        "name": "Cell R11 C05",
        "code": "mumb_011_005",
        "city": "Mumbai"
      },
      "geometry": {
        "type": "Polygon",
        "coordinates": [
          [
            [
              72.8,
              18.982499999999998
            ],
            [
              72.81,
              18.982499999999998
            ],
            [
              72.81,
              18.99
            ],
            [
              72.8,
              18.99
            ],
            [
              72.8,
              18.982499999999998
            ]
          ]
        ]
      }
    },
    {
      "type": "Feature",
      "properties": {
        "name": "Cell R11 C06",
        "code": "mumb_011_006",
        "city": "Mumbai"
      },
      "geometry": {
        "type": "Polygon",
        "coordinates": [
          [
            [
              72.81,
              18.982499999999998
            ],
            [
              72.82000000000001,
              18.982499999999998
            ],
            [
              72.82000000000001,
              18.99
            ],
            [
              72.81,
              18.99
            ],
            [
              72.81,
              18.982499999999998
            ]
          ]
        ]
      }
    },
    {
      "type": "Feature",
      "properties": {
        "name": "Cell R11 C07",
        "code": "mumb_011_007",
        "city": "Mumbai"
      },
      "geometry": {
        "type": "Polygon",
        "coordinates": [
          [
            [
              72.82000000000001,
              18.982499999999998
            ],
            [
              72.83000000000001,
              18.982499999999998
            ],
            [
              72.83000000000001,
              18.99
            ],
            [
              72.82000000000001,
              18.99
            ],
            [
              72.82000000000001,
              18.982499999999998
            ]
          ]
        ]
      }
    },
    {
      "type": "Feature",
      "properties": {
        "name": "Cell R11 C08",
        "code": "mumb_011_008",
        "city": "Mumbai"
      },
      "geometry": {
        "type": "Polygon",
        "coordinates": [
          [
            [
              72.83,
              18.982499999999998
            ],
            [
              72.84,
              18.982499999999998
            ],
            [
              72.84,
              18.99
            ],
            [
              72.83,
              18.99
            ],
            [
              72.83,
              18.982499999999998
            ]
          ]
        ]
      }
    },
    {
      "type": "Feature",
      "properties": {
        "name": "Cell R11 C09",
        "code": "mumb_011_009",
        "city": "Mumbai"
      },
      "geometry": {
        "type": "Polygon",
        "coordinates": [
          [
            [
              72.84,
              18.982499999999998
            ],
            [
              72.85000000000001,
              18.982499999999998
            ],
            [
              72.85000000000001,
              18.99
            ],
            [
              72.84,
              18.99
            ],
            [
              72.84,
              18.982499999999998
            ]
          ]
        ]
      }
    },
    {
      "type": "Feature",
      "properties": {
        "name": "Cell R11 C10",
        "code": "mumb_011_010",
        "city": "Mumbai"
      },
      "geometry": {
        "type": "Polygon",
        "coordinates": [
          [
            [
              72.85,
              18.982499999999998
            ],
            [
              72.86,
              18.982499999999998
            ],
            [
              72.86,
              18.99
            ],
            [
              72.85,
              18.99
            ],
            [
              72.85,
              18.982499999999998
            ]
          ]
        ]
      }
    },
    {
      "type": "Feature",
      "properties": {
        "name": "Cell R11 C11",
        "code": "mumb_011_011",
        "city": "Mumbai"
      },
      "geometry": {
        "type": "Polygon",
        "coordinates": [
          [
            [
              72.86,
              18.982499999999998
            ],
            [
              72.87,
              18.982499999999998
            ],
            [
              72.87,
              18.99
            ],
            [
              72.86,
              18.99
            ],
            [
              72.86,
              18.982499999999998
            ]
          ]
        ]
      }
    },
    {
      "type": "Feature",
      "properties": {
        "name": "Cell R11 C12",
        "code": "mumb_011_012",
        "city": "Mumbai"
      },
      "geometry": {
        "type": "Polygon",
        "coordinates": [
          [
            [
              72.87,
              18.982499999999998
            ],
            [
              72.88000000000001,
              18.982499999999998
            ],
            [
              72.88000000000001,
              18.99
            ],
            [
              72.87,
              18.99
            ],
            [
              72.87,
              18.982499999999998
            ]
          ]
        ]
      }
    },
    {
      "type": "Feature",
      "properties": {
        "name": "Cell R11 C13",
        "code": "mumb_011_013",
        "city": "Mumbai"
      },
      "geometry": {
        "type": "Polygon",
        "coordinates": [
          [
            [
              72.88,
              18.982499999999998
            ],
            [
              72.89,
              18.982499999999998
            ],
            [
              72.89,
              18.99
            ],
            [
              72.88,
              18.99
            ],
            [
              72.88,
              18.982499999999998
            ]
          ]
        ]
      }
    },
    {
      "type": "Feature",
      "properties": {
        "name": "Cell R11 C14",
        "code": "mumb_011_014",
        "city": "Mumbai"
      },
      "geometry": {
        "type": "Polygon",
        "coordinates": [
          [
            [
              72.89,
              18.982499999999998
            ],
            [
              72.9,
              18.982499999999998
            ],
            [
              72.9,
              18.99
            ],
            [
              72.89,
              18.99
            ],
            [
              72.89,
              18.982499999999998
            ]
          ]
        ]
      }
    },
    {
      "type": "Feature",
      "properties": {
        "name": "Cell R11 C15",
        "code": "mumb_011_015",
        "city": "Mumbai"
      },
      "geometry": {
        "type": "Polygon",
        "coordinates": [
          [
            [
              72.9,
              18.982499999999998
            ],
            [
              72.91000000000001,
              18.982499999999998
            ],
            [
              72.91000000000001,
              18.99
            ],
            [
              72.9,
              18.99
            ],
            [
              72.9,
              18.982499999999998
            ]
          ]
        ]
      }
    },
    {
      "type": "Feature",
      "properties": {
        "name": "Cell R11 C16",
        "code": "mumb_011_016",
        "city": "Mumbai"
      },
      "geometry": {
        "type": "Polygon",
        "coordinates": [
          [
            [
              72.91,
              18.982499999999998
            ],
            [
              72.92,
              18.982499999999998
            ],
            [
              72.92,
              18.99
            ],
            [
              72.91,
              18.99
            ],
            [
              72.91,
              18.982499999999998
            ]
          ]
        ]
      }
    },
    {
      "type": "Feature",
      "properties": {
        "name": "Cell R11 C17",
        "code": "mumb_011_017",
        "city": "Mumbai"
      },
      "geometry": {
        "type": "Polygon",
        "coordinates": [
          [
            [
              72.92,
              18.982499999999998
            ],
            [
              72.93,
              18.982499999999998
            ],
            [
              72.93,
              18.99
            ],
            [
              72.92,
              18.99
            ],
            [
              72.92,
              18.982499999999998
            ]
          ]
        ]
      }
    },
    {
      "type": "Feature",
      "properties": {
        "name": "Cell R11 C18",
        "code": "mumb_011_018",
        "city": "Mumbai"
      },
      "geometry": {
        "type": "Polygon",
        "coordinates": [
          [
            [
              72.93,
              18.982499999999998
            ],
            [
              72.94000000000001,
              18.982499999999998
            ],
            [
              72.94000000000001,
              18.99
            ],
            [
              72.93,
              18.99
            ],
            [
              72.93,
              18.982499999999998
            ]
          ]
        ]
      }
    },
    {
      "type": "Feature",
      "properties": {
        "name": "Cell R11 C19",
        "code": "mumb_011_019",
        "city": "Mumbai"
      },
      "geometry": {
        "type": "Polygon",
        "coordinates": [
          [
            [
              72.94,
              18.982499999999998
            ],
            [
              72.95,
              18.982499999999998
            ],
            [
              72.95,
              18.99
            ],
            [
              72.94,
              18.99
            ],
            [
              72.94,
              18.982499999999998
            ]
          ]
        ]
      }
    },
    {
      "type": "Feature",
      "properties": {
        "name": "Cell R12 C00",
        "code": "mumb_012_000",
        "city": "Mumbai"
      },
      "geometry": {
        "type": "Polygon",
        "coordinates": [
          [
            [
              72.75,
              18.99
            ],
            [
              72.76,
              18.99
            ],
            [
              72.76,
              18.9975
            ],
            [
              72.75,
              18.9975
            ],
            [
              72.75,
              18.99
            ]
          ]
        ]
      }
    },
    {
      "type": "Feature",
      "properties": {
        "name": "Cell R12 C01",
        "code": "mumb_012_001",
        "city": "Mumbai"
      },
      "geometry": {
        "type": "Polygon",
        "coordinates": [
          [
            [
              72.76,
              18.99
            ],
            [
              72.77000000000001,
              18.99
            ],
            [
              72.77000000000001,
              18.9975
            ],
            [
              72.76,
              18.9975
            ],
            [
              72.76,
              18.99
            ]
          ]
        ]
      }
    },
    {
      "type": "Feature",
      "properties": {
        "name": "Cell R12 C02",
        "code": "mumb_012_002",
        "city": "Mumbai"
      },
      "geometry": {
        "type": "Polygon",
        "coordinates": [
          [
            [
              72.77,
              18.99
            ],
            [
              72.78,
              18.99
            ],
            [
              72.78,
              18.9975
            ],
            [
              72.77,
              18.9975
            ],
            [
              72.77,
              18.99
            ]
          ]
        ]
      }
    },
    {
      "type": "Feature",
      "properties": {
        "name": "Cell R12 C03",
        "code": "mumb_012_003",
        "city": "Mumbai"
      },
      "geometry": {
        "type": "Polygon",
        "coordinates": [
          [
            [
              72.78,
              18.99
            ],
            [
              72.79,
              18.99
            ],
            [
              72.79,
              18.9975
            ],
            [
              72.78,
              18.9975
            ],
            [
              72.78,
              18.99
            ]
          ]
        ]
      }
    },
    {
      "type": "Feature",
      "properties": {
        "name": "Cell R12 C04",
        "code": "mumb_012_004",
        "city": "Mumbai"
      },
      "geometry": {
        "type": "Polygon",
        "coordinates": [
          [
            [
              72.79,
              18.99
            ],
            [
              72.80000000000001,
              18.99
            ],
            [
              72.80000000000001,
              18.9975
            ],
            [
              72.79,
              18.9975
            ],
            [
              72.79,
              18.99
            ]
          ]
        ]
      }
    },
    {
      "type": "Feature",
      "properties": {
        "name": "Cell R12 C05",
        "code": "mumb_012_005",
        "city": "Mumbai"
      },
      "geometry": {
        "type": "Polygon",
        "coordinates": [
          [
            [
              72.8,
              18.99
            ],
            [
              72.81,
              18.99
            ],
            [
              72.81,
              18.9975
            ],
            [
              72.8,
              18.9975
            ],
            [
              72.8,
              18.99
            ]
          ]
        ]
      }
    },
    {
      "type": "Feature",
      "properties": {
        "name": "Cell R12 C06",
        "code": "mumb_012_006",
        "city": "Mumbai"
      },
      "geometry": {
        "type": "Polygon",
        "coordinates": [
          [
            [
              72.81,
              18.99
            ],
            [
              72.82000000000001,
              18.99
            ],
            [
              72.82000000000001,
              18.9975
            ],
            [
              72.81,
              18.9975
            ],
            [
              72.81,
              18.99
            ]
          ]
        ]
      }
    },
    {
      "type": "Feature",
      "properties": {
        "name": "Cell R12 C07",
        "code": "mumb_012_007",
        "city": "Mumbai"
      },
      "geometry": {
        "type": "Polygon",
        "coordinates": [
          [
            [
              72.82000000000001,
              18.99
            ],
            [
              72.83000000000001,
              18.99
            ],
            [
              72.83000000000001,
              18.9975
            ],
            [
              72.82000000000001,
              18.9975
            ],
            [
              72.82000000000001,
              18.99
            ]
          ]
        ]
      }
    },
    {
      "type": "Feature",
      "properties": {
        "name": "Cell R12 C08",
        "code": "mumb_012_008",
        "city": "Mumbai"
      },
      "geometry": {
        "type": "Polygon",
        "coordinates": [
          [
            [
              72.83,
              18.99
            ],
            [
              72.84,
              18.99
            ],
            [
              72.84,
              18.9975
            ],
            [
              72.83,
              18.9975
            ],
            [
              72.83,
              18.99
            ]
          ]
        ]
      }
    },
    {
      "type": "Feature",
      "properties": {
        "name": "Cell R12 C09",
        "code": "mumb_012_009",
        "city": "Mumbai"
      },
      "geometry": {
        "type": "Polygon",
        "coordinates": [
          [
            [
              72.84,
              18.99
            ],
            [
              72.85000000000001,
              18.99
            ],
            [
              72.85000000000001,
              18.9975
            ],
            [
              72.84,
              18.9975
            ],
            [
              72.84,
              18.99
            ]
          ]
        ]
      }
    },
    {
      "type": "Feature",
      "properties": {
        "name": "Cell R12 C10",
        "code": "mumb_012_010",
        "city": "Mumbai"
      },
      "geometry": {
        "type": "Polygon",
        "coordinates": [
          [
            [
              72.85,
              18.99
            ],
            [
              72.86,
              18.99
            ],
            [
              72.86,
              18.9975
            ],
            [
              72.85,
              18.9975
            ],
            [
              72.85,
              18.99
            ]
          ]
        ]
      }
    },
    {
      "type": "Feature",
      "properties": {
        "name": "Cell R12 C11",
        "code": "mumb_012_011",
        "city": "Mumbai"
      },
      "geometry": {
        "type": "Polygon",
        "coordinates": [
          [
            [
              72.86,
              18.99
            ],
            [
              72.87,
              18.99
            ],
            [
              72.87,
              18.9975
            ],
            [
              72.86,
              18.9975
            ],
            [
              72.86,
              18.99
            ]
          ]
        ]
      }
    },
    {
      "type": "Feature",
      "properties": {
        "name": "Cell R12 C12",
        "code": "mumb_012_012",
        "city": "Mumbai"
      },
      "geometry": {
        "type": "Polygon",
        "coordinates": [
          [
            [
              72.87,
              18.99
            ],
            [
              72.88000000000001,
              18.99
            ],
            [
              72.88000000000001,
              18.9975
            ],
            [
              72.87,
              18.9975
            ],
            [
              72.87,
              18.99
            ]
          ]
        ]
      }
    },
    {
      "type": "Feature",
      "properties": {
        "name": "Cell R12 C13",
        "code": "mumb_012_013",
        "city": "Mumbai"
      },
      "geometry": {
        "type": "Polygon",
        "coordinates": [
          [
            [
              72.88,
              18.99
            ],
            [
              72.89,
              18.99
            ],
            [
              72.89,
              18.9975
            ],
            [
              72.88,
              18.9975
            ],
            [
              72.88,
              18.99
            ]
          ]
        ]
      }
    },
    {
      "type": "Feature",
      "properties": {
        "name": "Cell R12 C14",
        "code": "mumb_012_014",
        "city": "Mumbai"
      },
      "geometry": {
        "type": "Polygon",
        "coordinates": [
          [
            [
              72.89,
              18.99
            ],
            [
              72.9,
              18.99
            ],
            [
              72.9,
              18.9975
            ],
            [
              72.89,
              18.9975
            ],
            [
              72.89,
              18.99
            ]
          ]
        ]
      }
    },
    {
      "type": "Feature",
      "properties": {
        "name": "Cell R12 C15",
        "code": "mumb_012_015",
        "city": "Mumbai"
      },
      "geometry": {
        "type": "Polygon",
        "coordinates": [
          [
            [
              72.9,
              18.99
            ],
            [
              72.91000000000001,
              18.99
            ],
            [
              72.91000000000001,
              18.9975
            ],
            [
              72.9,
              18.9975
            ],
            [
              72.9,
              18.99
            ]
          ]
        ]
      }
    },
    {
      "type": "Feature",
      "properties": {
        "name": "Cell R12 C16",
        "code": "mumb_012_016",
        "city": "Mumbai"
      },
      "geometry": {
        "type": "Polygon",
        "coordinates": [
          [
            [
              72.91,
              18.99
            ],
            [
              72.92,
              18.99
            ],
            [
              72.92,
              18.9975
            ],
            [
              72.91,
              18.9975
            ],
            [
              72.91,
              18.99
            ]
          ]
        ]
      }
    },
    {
      "type": "Feature",
      "properties": {
        "name": "Cell R12 C17",
        "code": "mumb_012_017",
        "city": "Mumbai"
      },
      "geometry": {
        "type": "Polygon",
        "coordinates": [
          [
            [
              72.92,
              18.99
            ],
            [
              72.93,
              18.99
            ],
            [
              72.93,
              18.9975
            ],
            [
              72.92,
              18.9975
            ],
            [
              72.92,
              18.99
            ]
          ]
        ]
      }
    },
    {
      "type": "Feature",
      "properties": {
        "name": "Cell R12 C18",
        "code": "mumb_012_018",
        "city": "Mumbai"
      },
      "geometry": {
        "type": "Polygon",
        "coordinates": [
          [
            [
              72.93,
              18.99
            ],
            [
              72.94000000000001,
              18.99
            ],
            [
              72.94000000000001,
              18.9975
            ],
            [
              72.93,
              18.9975
            ],
            [
              72.93,
              18.99
            ]
          ]
        ]
      }
    },
    {
      "type": "Feature",
      "properties": {
        "name": "Cell R12 C19",
        "code": "mumb_012_019",
        "city": "Mumbai"
      },
      "geometry": {
        "type": "Polygon",
        "coordinates": [
          [
            [
              72.94,
              18.99
            ],
            [
              72.95,
              18.99
            ],
            [
              72.95,
              18.9975
            ],
            [
              72.94,
              18.9975
            ],
            [
              72.94,
              18.99
            ]
          ]
        ]
      }
    },
    {
      "type": "Feature",
      "properties": {
        "name": "Cell R13 C00",
        "code": "mumb_013_000",
        "city": "Mumbai"
      },
      "geometry": {
        "type": "Polygon",
        "coordinates": [
          [
            [
              72.75,
              18.9975
            ],
            [
              72.76,
              18.9975
            ],
            [
              72.76,
              19.005
            ],
            [
              72.75,
              19.005
            ],
            [
              72.75,
              18.9975
            ]
          ]
        ]
      }
    },
    {
      "type": "Feature",
      "properties": {
        "name": "Cell R13 C01",
        "code": "mumb_013_001",
        "city": "Mumbai"
      },
      "geometry": {
        "type": "Polygon",
        "coordinates": [
          [
            [
              72.76,
              18.9975
            ],
            [
              72.77000000000001,
              18.9975
            ],
            [
              72.77000000000001,
              19.005
            ],
            [
              72.76,
              19.005
            ],
            [
              72.76,
              18.9975
            ]
          ]
        ]
      }
    },
    {
      "type": "Feature",
      "properties": {
        "name": "Cell R13 C02",
        "code": "mumb_013_002",
        "city": "Mumbai"
      },
      "geometry": {
        "type": "Polygon",
        "coordinates": [
          [
            [
              72.77,
              18.9975
            ],
            [
              72.78,
              18.9975
            ],
            [
              72.78,
              19.005
            ],
            [
              72.77,
              19.005
            ],
            [
              72.77,
              18.9975
            ]
          ]
        ]
      }
    },
    {
      "type": "Feature",
      "properties": {
        "name": "Cell R13 C03",
        "code": "mumb_013_003",
        "city": "Mumbai"
      },
      "geometry": {
        "type": "Polygon",
        "coordinates": [
          [
            [
              72.78,
              18.9975
            ],
            [
              72.79,
              18.9975
            ],
            [
              72.79,
              19.005
            ],
            [
              72.78,
              19.005
            ],
            [
              72.78,
              18.9975
            ]
          ]
        ]
      }
    },
    {
      "type": "Feature",
      "properties": {
        "name": "Cell R13 C04",
        "code": "mumb_013_004",
        "city": "Mumbai"
      },
      "geometry": {
        "type": "Polygon",
        "coordinates": [
          [
            [
              72.79,
              18.9975
            ],
            [
              72.80000000000001,
              18.9975
            ],
            [
              72.80000000000001,
              19.005
            ],
            [
              72.79,
              19.005
            ],
            [
              72.79,
              18.9975
            ]
          ]
        ]
      }
    },
    {
      "type": "Feature",
      "properties": {
        "name": "Cell R13 C05",
        "code": "mumb_013_005",
        "city": "Mumbai"
      },
      "geometry": {
        "type": "Polygon",
        "coordinates": [
          [
            [
              72.8,
              18.9975
            ],
            [
              72.81,
              18.9975
            ],
            [
              72.81,
              19.005
            ],
            [
              72.8,
              19.005
            ],
            [
              72.8,
              18.9975
            ]
          ]
        ]
      }
    },
    {
      "type": "Feature",
      "properties": {
        "name": "Cell R13 C06",
        "code": "mumb_013_006",
        "city": "Mumbai"
      },
      "geometry": {
        "type": "Polygon",
        "coordinates": [
          [
            [
              72.81,
              18.9975
            ],
            [
              72.82000000000001,
              18.9975
            ],
            [
              72.82000000000001,
              19.005
            ],
            [
              72.81,
              19.005
            ],
            [
              72.81,
              18.9975
            ]
          ]
        ]
      }
    },
    {
      "type": "Feature",
      "properties": {
        "name": "Cell R13 C07",
        "code": "mumb_013_007",
        "city": "Mumbai"
      },
      "geometry": {
        "type": "Polygon",
        "coordinates": [
          [
            [
              72.82000000000001,
              18.9975
            ],
            [
              72.83000000000001,
              18.9975
            ],
            [
              72.83000000000001,
              19.005
            ],
            [
              72.82000000000001,
              19.005
            ],
            [
              72.82000000000001,
              18.9975
            ]
          ]
        ]
      }
    },
    {
      "type": "Feature",
      "properties": {
        "name": "Cell R13 C08",
        "code": "mumb_013_008",
        "city": "Mumbai"
      },
      "geometry": {
        "type": "Polygon",
        "coordinates": [
          [
            [
              72.83,
              18.9975
            ],
            [
              72.84,
              18.9975
            ],
            [
              72.84,
              19.005
            ],
            [
              72.83,
              19.005
            ],
            [
              72.83,
              18.9975
            ]
          ]
        ]
      }
    },
    {
      "type": "Feature",
      "properties": {
        "name": "Cell R13 C09",
        "code": "mumb_013_009",
        "city": "Mumbai"
      },
      "geometry": {
        "type": "Polygon",
        "coordinates": [
          [
            [
              72.84,
              18.9975
            ],
            [
              72.85000000000001,
              18.9975
            ],
            [
              72.85000000000001,
              19.005
            ],
            [
              72.84,
              19.005
            ],
            [
              72.84,
              18.9975
            ]
          ]
        ]
      }
    },
    {
      "type": "Feature",
      "properties": {
        "name": "Cell R13 C10",
        "code": "mumb_013_010",
        "city": "Mumbai"
      },
      "geometry": {
        "type": "Polygon",
        "coordinates": [
          [
            [
              72.85,
              18.9975
            ],
            [
              72.86,
              18.9975
            ],
            [
              72.86,
              19.005
            ],
            [
              72.85,
              19.005
            ],
            [
              72.85,
              18.9975
            ]
          ]
        ]
      }
    },
    {
      "type": "Feature",
      "properties": {
        "name": "Cell R13 C11",
        "code": "mumb_013_011",
        "city": "Mumbai"
      },
      "geometry": {
        "type": "Polygon",
        "coordinates": [
          [
            [
              72.86,
              18.9975
            ],
            [
              72.87,
              18.9975
            ],
            [
              72.87,
              19.005
            ],
            [
              72.86,
              19.005
            ],
            [
              72.86,
              18.9975
            ]
          ]
        ]
      }
    },
    {
      "type": "Feature",
      "properties": {
        "name": "Cell R13 C12",
        "code": "mumb_013_012",
        "city": "Mumbai"
      },
      "geometry": {
        "type": "Polygon",
        "coordinates": [
          [
            [
              72.87,
              18.9975
            ],
            [
              72.88000000000001,
              18.9975
            ],
            [
              72.88000000000001,
              19.005
            ],
            [
              72.87,
              19.005
            ],
            [
              72.87,
              18.9975
            ]
          ]
        ]
      }
    },
    {
      "type": "Feature",
      "properties": {
        "name": "Cell R13 C13",
        "code": "mumb_013_013",
        "city": "Mumbai"
      },
      "geometry": {
        "type": "Polygon",
        "coordinates": [
          [
            [
              72.88,
              18.9975
            ],
            [
              72.89,
              18.9975
            ],
            [
              72.89,
              19.005
            ],
            [
              72.88,
              19.005
            ],
            [
              72.88,
              18.9975
            ]
          ]
        ]
      }
    },
    {
      "type": "Feature",
      "properties": {
        "name": "Cell R13 C14",
        "code": "mumb_013_014",
        "city": "Mumbai"
      },
      "geometry": {
        "type": "Polygon",
        "coordinates": [
          [
            [
              72.89,
              18.9975
            ],
            [
              72.9,
              18.9975
            ],
            [
              72.9,
              19.005
            ],
            [
              72.89,
              19.005
            ],
            [
              72.89,
              18.9975
            ]
          ]
        ]
      }
    },
    {
      "type": "Feature",
      "properties": {
        "name": "Cell R13 C15",
        "code": "mumb_013_015",
        "city": "Mumbai"
      },
      "geometry": {
        "type": "Polygon",
        "coordinates": [
          [
            [
              72.9,
              18.9975
            ],
            [
              72.91000000000001,
              18.9975
            ],
            [
              72.91000000000001,
              19.005
            ],
            [
              72.9,
              19.005
            ],
            [
              72.9,
              18.9975
            ]
          ]
        ]
      }
    },
    {
      "type": "Feature",
      "properties": {
        "name": "Cell R13 C16",
        "code": "mumb_013_016",
        "city": "Mumbai"
      },
      "geometry": {
        "type": "Polygon",
        "coordinates": [
          [
            [
              72.91,
              18.9975
            ],
            [
              72.92,
              18.9975
            ],
            [
              72.92,
              19.005
            ],
            [
              72.91,
              19.005
            ],
            [
              72.91,
              18.9975
            ]
          ]
        ]
      }
    },
    {
      "type": "Feature",
      "properties": {
        "name": "Cell R13 C17",
        "code": "mumb_013_017",
        "city": "Mumbai"
      },
      "geometry": {
        "type": "Polygon",
        "coordinates": [
          [
            [
              72.92,
              18.9975
            ],
            [
              72.93,
              18.9975
            ],
            [
              72.93,
              19.005
            ],
            [
              72.92,
              19.005
            ],
            [
              72.92,
              18.9975
            ]
          ]
        ]
      }
    },
    {
      "type": "Feature",
      "properties": {
        "name": "Cell R13 C18",
        "code": "mumb_013_018",
        "city": "Mumbai"
      },
      "geometry": {
        "type": "Polygon",
        "coordinates": [
          [
            [
              72.93,
              18.9975
            ],
            [
              72.94000000000001,
              18.9975
            ],
            [
              72.94000000000001,
              19.005
            ],
            [
              72.93,
              19.005
            ],
            [
              72.93,
              18.9975
            ]
          ]
        ]
      }
    },
    {
      "type": "Feature",
      "properties": {
        "name": "Cell R13 C19",
        "code": "mumb_013_019",
        "city": "Mumbai"
      },
      "geometry": {
        "type": "Polygon",
        "coordinates": [
          [
            [
              72.94,
              18.9975
            ],
            [
              72.95,
              18.9975
            ],
            [
              72.95,
              19.005
            ],
            [
              72.94,
              19.005
            ],
            [
              72.94,
              18.9975
            ]
          ]
        ]
      }
    },
    {
      "type": "Feature",
      "properties": {
        "name": "Cell R14 C00",
        "code": "mumb_014_000",
        "city": "Mumbai"
      },
      "geometry": {
        "type": "Polygon",
        "coordinates": [
          [
            [
              72.75,
              19.005
            ],
            [
              72.76,
              19.005
            ],
            [
              72.76,
              19.0125
            ],
            [
              72.75,
              19.0125
            ],
            [
              72.75,
              19.005
            ]
          ]
        ]
      }
    },
    {
      "type": "Feature",
      "properties": {
        "name": "Cell R14 C01",
        "code": "mumb_014_001",
        "city": "Mumbai"
      },
      "geometry": {
        "type": "Polygon",
        "coordinates": [
          [
            [
              72.76,
              19.005
            ],
            [
              72.77000000000001,
              19.005
            ],
            [
              72.77000000000001,
              19.0125
            ],
            [
              72.76,
              19.0125
            ],
            [
              72.76,
              19.005
            ]
          ]
        ]
      }
    },
    {
      "type": "Feature",
      "properties": {
        "name": "Cell R14 C02",
        "code": "mumb_014_002",
        "city": "Mumbai"
      },
      "geometry": {
        "type": "Polygon",
        "coordinates": [
          [
            [
              72.77,
              19.005
            ],
            [
              72.78,
              19.005
            ],
            [
              72.78,
              19.0125
            ],
            [
              72.77,
              19.0125
            ],
            [
              72.77,
              19.005
            ]
          ]
        ]
      }
    },
    {
      "type": "Feature",
      "properties": {
        "name": "Cell R14 C03",
        "code": "mumb_014_003",
        "city": "Mumbai"
      },
      "geometry": {
        "type": "Polygon",
        "coordinates": [
          [
            [
              72.78,
              19.005
            ],
            [
              72.79,
              19.005
            ],
            [
              72.79,
              19.0125
            ],
            [
              72.78,
              19.0125
            ],
            [
              72.78,
              19.005
            ]
          ]
        ]
      }
    },
    {
      "type": "Feature",
      "properties": {
        "name": "Cell R14 C04",
        "code": "mumb_014_004",
        "city": "Mumbai"
      },
      "geometry": {
        "type": "Polygon",
        "coordinates": [
          [
            [
              72.79,
              19.005
            ],
            [
              72.80000000000001,
              19.005
            ],
            [
              72.80000000000001,
              19.0125
            ],
            [
              72.79,
              19.0125
            ],
            [
              72.79,
              19.005
            ]
          ]
        ]
      }
    },
    {
      "type": "Feature",
      "properties": {
        "name": "Cell R14 C05",
        "code": "mumb_014_005",
        "city": "Mumbai"
      },
      "geometry": {
        "type": "Polygon",
        "coordinates": [
          [
            [
              72.8,
              19.005
            ],
            [
              72.81,
              19.005
            ],
            [
              72.81,
              19.0125
            ],
            [
              72.8,
              19.0125
            ],
            [
              72.8,
              19.005
            ]
          ]
        ]
      }
    },
    {
      "type": "Feature",
      "properties": {
        "name": "Cell R14 C06",
        "code": "mumb_014_006",
        "city": "Mumbai"
      },
      "geometry": {
        "type": "Polygon",
        "coordinates": [
          [
            [
              72.81,
              19.005
            ],
            [
              72.82000000000001,
              19.005
            ],
            [
              72.82000000000001,
              19.0125
            ],
            [
              72.81,
              19.0125
            ],
            [
              72.81,
              19.005
            ]
          ]
        ]
      }
    },
    {
      "type": "Feature",
      "properties": {
        "name": "Cell R14 C07",
        "code": "mumb_014_007",
        "city": "Mumbai"
      },
      "geometry": {
        "type": "Polygon",
        "coordinates": [
          [
            [
              72.82000000000001,
              19.005
            ],
            [
              72.83000000000001,
              19.005
            ],
            [
              72.83000000000001,
              19.0125
            ],
            [
              72.82000000000001,
              19.0125
            ],
            [
              72.82000000000001,
              19.005
            ]
          ]
        ]
      }
    },
    {
      "type": "Feature",
      "properties": {
        "name": "Cell R14 C08",
        "code": "mumb_014_008",
        "city": "Mumbai"
      },
      "geometry": {
        "type": "Polygon",
        "coordinates": [
          [
            [
              72.83,
              19.005
            ],
            [
              72.84,
              19.005
            ],
            [
              72.84,
              19.0125
            ],
            [
              72.83,
              19.0125
            ],
            [
              72.83,
              19.005
            ]
          ]
        ]
      }
    },
    {
      "type": "Feature",
      "properties": {
        "name": "Cell R14 C09",
        "code": "mumb_014_009",
        "city": "Mumbai"
      },
      "geometry": {
        "type": "Polygon",
        "coordinates": [
          [
            [
              72.84,
              19.005
            ],
            [
              72.85000000000001,
              19.005
            ],
            [
              72.85000000000001,
              19.0125
            ],
            [
              72.84,
              19.0125
            ],
            [
              72.84,
              19.005
            ]
          ]
        ]
      }
    },
    {
      "type": "Feature",
      "properties": {
        "name": "Cell R14 C10",
        "code": "mumb_014_010",
        "city": "Mumbai"
      },
      "geometry": {
        "type": "Polygon",
        "coordinates": [
          [
            [
              72.85,
              19.005
            ],
            [
              72.86,
              19.005
            ],
            [
              72.86,
              19.0125
            ],
            [
              72.85,
              19.0125
            ],
            [
              72.85,
              19.005
            ]
          ]
        ]
      }
    },
    {
      "type": "Feature",
      "properties": {
        "name": "Cell R14 C11",
        "code": "mumb_014_011",
        "city": "Mumbai"
      },
      "geometry": {
        "type": "Polygon",
        "coordinates": [
          [
            [
              72.86,
              19.005
            ],
            [
              72.87,
              19.005
            ],
            [
              72.87,
              19.0125
            ],
            [
              72.86,
              19.0125
            ],
            [
              72.86,
              19.005
            ]
          ]
        ]
      }
    },
    {
      "type": "Feature",
      "properties": {
        "name": "Cell R14 C12",
        "code": "mumb_014_012",
        "city": "Mumbai"
      },
      "geometry": {
        "type": "Polygon",
        "coordinates": [
          [
            [
              72.87,
              19.005
            ],
            [
              72.88000000000001,
              19.005
            ],
            [
              72.88000000000001,
              19.0125
            ],
            [
              72.87,
              19.0125
            ],
            [
              72.87,
              19.005
            ]
          ]
        ]
      }
    },
    {
      "type": "Feature",
      "properties": {
        "name": "Cell R14 C13",
        "code": "mumb_014_013",
        "city": "Mumbai"
      },
      "geometry": {
        "type": "Polygon",
        "coordinates": [
          [
            [
              72.88,
              19.005
            ],
            [
              72.89,
              19.005
            ],
            [
              72.89,
              19.0125
            ],
            [
              72.88,
              19.0125
            ],
            [
              72.88,
              19.005
            ]
          ]
        ]
      }
    },
    {
      "type": "Feature",
      "properties": {
        "name": "Cell R14 C14",
        "code": "mumb_014_014",
        "city": "Mumbai"
      },
      "geometry": {
        "type": "Polygon",
        "coordinates": [
          [
            [
              72.89,
              19.005
            ],
            [
              72.9,
              19.005
            ],
            [
              72.9,
              19.0125
            ],
            [
              72.89,
              19.0125
            ],
            [
              72.89,
              19.005
            ]
          ]
        ]
      }
    },
    {
      "type": "Feature",
      "properties": {
        "name": "Cell R14 C15",
        "code": "mumb_014_015",
        "city": "Mumbai"
      },
      "geometry": {
        "type": "Polygon",
        "coordinates": [
          [
            [
              72.9,
              19.005
            ],
            [
              72.91000000000001,
              19.005
            ],
            [
              72.91000000000001,
              19.0125
            ],
            [
              72.9,
              19.0125
            ],
            [
              72.9,
              19.005
            ]
          ]
        ]
      }
    },
    {
      "type": "Feature",
      "properties": {
        "name": "Cell R14 C16",
        "code": "mumb_014_016",
        "city": "Mumbai"
      },
      "geometry": {
        "type": "Polygon",
        "coordinates": [
          [
            [
              72.91,
              19.005
            ],
            [
              72.92,
              19.005
            ],
            [
              72.92,
              19.0125
            ],
            [
              72.91,
              19.0125
            ],
            [
              72.91,
              19.005
            ]
          ]
        ]
      }
    },
    {
      "type": "Feature",
      "properties": {
        "name": "Cell R14 C17",
        "code": "mumb_014_017",
        "city": "Mumbai"
      },
      "geometry": {
        "type": "Polygon",
        "coordinates": [
          [
            [
              72.92,
              19.005
            ],
            [
              72.93,
              19.005
            ],
            [
              72.93,
              19.0125
            ],
            [
              72.92,
              19.0125
            ],
            [
              72.92,
              19.005
            ]
          ]
        ]
      }
    },
    {
      "type": "Feature",
      "properties": {
        "name": "Cell R14 C18",
        "code": "mumb_014_018",
        "city": "Mumbai"
      },
      "geometry": {
        "type": "Polygon",
        "coordinates": [
          [
            [
              72.93,
              19.005
            ],
            [
              72.94000000000001,
              19.005
            ],
            [
              72.94000000000001,
              19.0125
            ],
            [
              72.93,
              19.0125
            ],
            [
              72.93,
              19.005
            ]
          ]
        ]
      }
    },
    {
      "type": "Feature",
      "properties": {
        "name": "Cell R14 C19",
        "code": "mumb_014_019",
        "city": "Mumbai"
      },
      "geometry": {
        "type": "Polygon",
        "coordinates": [
          [
            [
              72.94,
              19.005
            ],
            [
              72.95,
              19.005
            ],
            [
              72.95,
              19.0125
            ],
            [
              72.94,
              19.0125
            ],
            [
              72.94,
              19.005
            ]
          ]
        ]
      }
    },
    {
      "type": "Feature",
      "properties": {
        "name": "Cell R15 C00",
        "code": "mumb_015_000",
        "city": "Mumbai"
      },
      "geometry": {
        "type": "Polygon",
        "coordinates": [
          [
            [
              72.75,
              19.0125
            ],
            [
              72.76,
              19.0125
            ],
            [
              72.76,
              19.02
            ],
            [
              72.75,
              19.02
            ],
            [
              72.75,
              19.0125
            ]
          ]
        ]
      }
    },
    {
      "type": "Feature",
      "properties": {
        "name": "Cell R15 C01",
        "code": "mumb_015_001",
        "city": "Mumbai"
      },
      "geometry": {
        "type": "Polygon",
        "coordinates": [
          [
            [
              72.76,
              19.0125
            ],
            [
              72.77000000000001,
              19.0125
            ],
            [
              72.77000000000001,
              19.02
            ],
            [
              72.76,
              19.02
            ],
            [
              72.76,
              19.0125
            ]
          ]
        ]
      }
    },
    {
      "type": "Feature",
      "properties": {
        "name": "Cell R15 C02",
        "code": "mumb_015_002",
        "city": "Mumbai"
      },
      "geometry": {
        "type": "Polygon",
        "coordinates": [
          [
            [
              72.77,
              19.0125
            ],
            [
              72.78,
              19.0125
            ],
            [
              72.78,
              19.02
            ],
            [
              72.77,
              19.02
            ],
            [
              72.77,
              19.0125
            ]
          ]
        ]
      }
    },
    {
      "type": "Feature",
      "properties": {
        "name": "Cell R15 C03",
        "code": "mumb_015_003",
        "city": "Mumbai"
      },
      "geometry": {
        "type": "Polygon",
        "coordinates": [
          [
            [
              72.78,
              19.0125
            ],
            [
              72.79,
              19.0125
            ],
            [
              72.79,
              19.02
            ],
            [
              72.78,
              19.02
            ],
            [
              72.78,
              19.0125
            ]
          ]
        ]
      }
    },
    {
      "type": "Feature",
      "properties": {
        "name": "Cell R15 C04",
        "code": "mumb_015_004",
        "city": "Mumbai"
      },
      "geometry": {
        "type": "Polygon",
        "coordinates": [
          [
            [
              72.79,
              19.0125
            ],
            [
              72.80000000000001,
              19.0125
            ],
            [
              72.80000000000001,
              19.02
            ],
            [
              72.79,
              19.02
            ],
            [
              72.79,
              19.0125
            ]
          ]
        ]
      }
    },
    {
      "type": "Feature",
      "properties": {
        "name": "Cell R15 C05",
        "code": "mumb_015_005",
        "city": "Mumbai"
      },
      "geometry": {
        "type": "Polygon",
        "coordinates": [
          [
            [
              72.8,
              19.0125
            ],
            [
              72.81,
              19.0125
            ],
            [
              72.81,
              19.02
            ],
            [
              72.8,
              19.02
            ],
            [
              72.8,
              19.0125
            ]
          ]
        ]
      }
    },
    {
      "type": "Feature",
      "properties": {
        "name": "Cell R15 C06",
        "code": "mumb_015_006",
        "city": "Mumbai"
      },
      "geometry": {
        "type": "Polygon",
        "coordinates": [
          [
            [
              72.81,
              19.0125
            ],
            [
              72.82000000000001,
              19.0125
            ],
            [
              72.82000000000001,
              19.02
            ],
            [
              72.81,
              19.02
            ],
            [
              72.81,
              19.0125
            ]
          ]
        ]
      }
    },
    {
      "type": "Feature",
      "properties": {
        "name": "Cell R15 C07",
        "code": "mumb_015_007",
        "city": "Mumbai"
      },
      "geometry": {
        "type": "Polygon",
        "coordinates": [
          [
            [
              72.82000000000001,
              19.0125
            ],
            [
              72.83000000000001,
              19.0125
            ],
            [
              72.83000000000001,
              19.02
            ],
            [
              72.82000000000001,
              19.02
            ],
            [
              72.82000000000001,
              19.0125
            ]
          ]
        ]
      }
    },
    {
      "type": "Feature",
      "properties": {
        "name": "Cell R15 C08",
        "code": "mumb_015_008",
        "city": "Mumbai"
      },
      "geometry": {
        "type": "Polygon",
        "coordinates": [
          [
            [
              72.83,
              19.0125
            ],
            [
              72.84,
              19.0125
            ],
            [
              72.84,
              19.02
            ],
            [
              72.83,
              19.02
            ],
            [
              72.83,
              19.0125
            ]
          ]
        ]
      }
    },
    {
      "type": "Feature",
      "properties": {
        "name": "Cell R15 C09",
        "code": "mumb_015_009",
        "city": "Mumbai"
      },
      "geometry": {
        "type": "Polygon",
        "coordinates": [
          [
            [
              72.84,
              19.0125
            ],
            [
              72.85000000000001,
              19.0125
            ],
            [
              72.85000000000001,
              19.02
            ],
            [
              72.84,
              19.02
            ],
            [
              72.84,
              19.0125
            ]
          ]
        ]
      }
    },
    {
      "type": "Feature",
      "properties": {
        "name": "Cell R15 C10",
        "code": "mumb_015_010",
        "city": "Mumbai"
      },
      "geometry": {
        "type": "Polygon",
        "coordinates": [
          [
            [
              72.85,
              19.0125
            ],
            [
              72.86,
              19.0125
            ],
            [
              72.86,
              19.02
            ],
            [
              72.85,
              19.02
            ],
            [
              72.85,
              19.0125
            ]
          ]
        ]
      }
    },
    {
      "type": "Feature",
      "properties": {
        "name": "Cell R15 C11",
        "code": "mumb_015_011",
        "city": "Mumbai"
      },
      "geometry": {
        "type": "Polygon",
        "coordinates": [
          [
            [
              72.86,
              19.0125
            ],
            [
              72.87,
              19.0125
            ],
            [
              72.87,
              19.02
            ],
            [
              72.86,
              19.02
            ],
            [
              72.86,
              19.0125
            ]
          ]
        ]
      }
    },
    {
      "type": "Feature",
      "properties": {
        "name": "Cell R15 C12",
        "code": "mumb_015_012",
        "city": "Mumbai"
      },
      "geometry": {
        "type": "Polygon",
        "coordinates": [
          [
            [
              72.87,
              19.0125
            ],
            [
              72.88000000000001,
              19.0125
            ],
            [
              72.88000000000001,
              19.02
            ],
            [
              72.87,
              19.02
            ],
            [
              72.87,
              19.0125
            ]
          ]
        ]
      }
    },
    {
      "type": "Feature",
      "properties": {
        "name": "Cell R15 C13",
        "code": "mumb_015_013",
        "city": "Mumbai"
      },
      "geometry": {
        "type": "Polygon",
        "coordinates": [
          [
            [
              72.88,
              19.0125
            ],
            [
              72.89,
              19.0125
            ],
            [
              72.89,
              19.02
            ],
            [
              72.88,
              19.02
            ],
            [
              72.88,
              19.0125
            ]
          ]
        ]
      }
    },
    {
      "type": "Feature",
      "properties": {
        "name": "Cell R15 C14",
        "code": "mumb_015_014",
        "city": "Mumbai"
      },
      "geometry": {
        "type": "Polygon",
        "coordinates": [
          [
            [
              72.89,
              19.0125
            ],
            [
              72.9,
              19.0125
            ],
            [
              72.9,
              19.02
            ],
            [
              72.89,
              19.02
            ],
            [
              72.89,
              19.0125
            ]
          ]
        ]
      }
    },
    {
      "type": "Feature",
      "properties": {
        "name": "Cell R15 C15",
        "code": "mumb_015_015",
        "city": "Mumbai"
      },
      "geometry": {
        "type": "Polygon",
        "coordinates": [
          [
            [
              72.9,
              19.0125
            ],
            [
              72.91000000000001,
              19.0125
            ],
            [
              72.91000000000001,
              19.02
            ],
            [
              72.9,
              19.02
            ],
            [
              72.9,
              19.0125
            ]
          ]
        ]
      }
    },
    {
      "type": "Feature",
      "properties": {
        "name": "Cell R15 C16",
        "code": "mumb_015_016",
        "city": "Mumbai"
      },
      "geometry": {
        "type": "Polygon",
        "coordinates": [
          [
            [
              72.91,
              19.0125
            ],
            [
              72.92,
              19.0125
            ],
            [
              72.92,
              19.02
            ],
            [
              72.91,
              19.02
            ],
            [
              72.91,
              19.0125
            ]
          ]
        ]
      }
    },
    {
      "type": "Feature",
      "properties": {
        "name": "Cell R15 C17",
        "code": "mumb_015_017",
        "city": "Mumbai"
      },
      "geometry": {
        "type": "Polygon",
        "coordinates": [
          [
            [
              72.92,
              19.0125
            ],
            [
              72.93,
              19.0125
            ],
            [
              72.93,
              19.02
            ],
            [
              72.92,
              19.02
            ],
            [
              72.92,
              19.0125
            ]
          ]
        ]
      }
    },
    {
      "type": "Feature",
      "properties": {
        "name": "Cell R15 C18",
        "code": "mumb_015_018",
        "city": "Mumbai"
      },
      "geometry": {
        "type": "Polygon",
        "coordinates": [
          [
            [
              72.93,
              19.0125
            ],
            [
              72.94000000000001,
              19.0125
            ],
            [
              72.94000000000001,
              19.02
            ],
            [
              72.93,
              19.02
            ],
            [
              72.93,
              19.0125
            ]
          ]
        ]
      }
    },
    {
      "type": "Feature",
      "properties": {
        "name": "Cell R15 C19",
        "code": "mumb_015_019",
        "city": "Mumbai"
      },
      "geometry": {
        "type": "Polygon",
        "coordinates": [
          [
            [
              72.94,
              19.0125
            ],
            [
              72.95,
              19.0125
            ],
            [
              72.95,
              19.02
            ],
            [
              72.94,
              19.02
            ],
            [
              72.94,
              19.0125
            ]
          ]
        ]
      }
    },
    {
      "type": "Feature",
      "properties": {
        "name": "Cell R16 C00",
        "code": "mumb_016_000",
        "city": "Mumbai"
      },
      "geometry": {
        "type": "Polygon",
        "coordinates": [
          [
            [
              72.75,
              19.02
            ],
            [
              72.76,
              19.02
            ],
            [
              72.76,
              19.0275
            ],
            [
              72.75,
              19.0275
            ],
            [
              72.75,
              19.02
            ]
          ]
        ]
      }
    },
    {
      "type": "Feature",
      "properties": {
        "name": "Cell R16 C01",
        "code": "mumb_016_001",
        "city": "Mumbai"
      },
      "geometry": {
        "type": "Polygon",
        "coordinates": [
          [
            [
              72.76,
              19.02
            ],
            [
              72.77000000000001,
              19.02
            ],
            [
              72.77000000000001,
              19.0275
            ],
            [
              72.76,
              19.0275
            ],
            [
              72.76,
              19.02
            ]
          ]
        ]
      }
    },
    {
      "type": "Feature",
      "properties": {
        "name": "Cell R16 C02",
        "code": "mumb_016_002",
        "city": "Mumbai"
      },
      "geometry": {
        "type": "Polygon",
        "coordinates": [
          [
            [
              72.77,
              19.02
            ],
            [
              72.78,
              19.02
            ],
            [
              72.78,
              19.0275
            ],
            [
              72.77,
              19.0275
            ],
            [
              72.77,
              19.02
            ]
          ]
        ]
      }
    },
    {
      "type": "Feature",
      "properties": {
        "name": "Cell R16 C03",
        "code": "mumb_016_003",
        "city": "Mumbai"
      },
      "geometry": {
        "type": "Polygon",
        "coordinates": [
          [
            [
              72.78,
              19.02
            ],
            [
              72.79,
              19.02
            ],
            [
              72.79,
              19.0275
            ],
            [
              72.78,
              19.0275
            ],
            [
              72.78,
              19.02
            ]
          ]
        ]
      }
    },
    {
      "type": "Feature",
      "properties": {
        "name": "Cell R16 C04",
        "code": "mumb_016_004",
        "city": "Mumbai"
      },
      "geometry": {
        "type": "Polygon",
        "coordinates": [
          [
            [
              72.79,
              19.02
            ],
            [
              72.80000000000001,
              19.02
            ],
            [
              72.80000000000001,
              19.0275
            ],
            [
              72.79,
              19.0275
            ],
            [
              72.79,
              19.02
            ]
          ]
        ]
      }
    },
    {
      "type": "Feature",
      "properties": {
        "name": "Cell R16 C05",
        "code": "mumb_016_005",
        "city": "Mumbai"
      },
      "geometry": {
        "type": "Polygon",
        "coordinates": [
          [
            [
              72.8,
              19.02
            ],
            [
              72.81,
              19.02
            ],
            [
              72.81,
              19.0275
            ],
            [
              72.8,
              19.0275
            ],
            [
              72.8,
              19.02
            ]
          ]
        ]
      }
    },
    {
      "type": "Feature",
      "properties": {
        "name": "Cell R16 C06",
        "code": "mumb_016_006",
        "city": "Mumbai"
      },
      "geometry": {
        "type": "Polygon",
        "coordinates": [
          [
            [
              72.81,
              19.02
            ],
            [
              72.82000000000001,
              19.02
            ],
            [
              72.82000000000001,
              19.0275
            ],
            [
              72.81,
              19.0275
            ],
            [
              72.81,
              19.02
            ]
          ]
        ]
      }
    },
    {
      "type": "Feature",
      "properties": {
        "name": "Cell R16 C07",
        "code": "mumb_016_007",
        "city": "Mumbai"
      },
      "geometry": {
        "type": "Polygon",
        "coordinates": [
          [
            [
              72.82000000000001,
              19.02
            ],
            [
              72.83000000000001,
              19.02
            ],
            [
              72.83000000000001,
              19.0275
            ],
            [
              72.82000000000001,
              19.0275
            ],
            [
              72.82000000000001,
              19.02
            ]
          ]
        ]
      }
    },
    {
      "type": "Feature",
      "properties": {
        "name": "Cell R16 C08",
        "code": "mumb_016_008",
        "city": "Mumbai"
      },
      "geometry": {
        "type": "Polygon",
        "coordinates": [
          [
            [
              72.83,
              19.02
            ],
            [
              72.84,
              19.02
            ],
            [
              72.84,
              19.0275
            ],
            [
              72.83,
              19.0275
            ],
            [
              72.83,
              19.02
            ]
          ]
        ]
      }
    },
    {
      "type": "Feature",
      "properties": {
        "name": "Cell R16 C09",
        "code": "mumb_016_009",
        "city": "Mumbai"
      },
      "geometry": {
        "type": "Polygon",
        "coordinates": [
          [
            [
              72.84,
              19.02
            ],
            [
              72.85000000000001,
              19.02
            ],
            [
              72.85000000000001,
              19.0275
            ],
            [
              72.84,
              19.0275
            ],
            [
              72.84,
              19.02
            ]
          ]
        ]
      }
    },
    {
      "type": "Feature",
      "properties": {
        "name": "Cell R16 C10",
        "code": "mumb_016_010",
        "city": "Mumbai"
      },
      "geometry": {
        "type": "Polygon",
        "coordinates": [
          [
            [
              72.85,
              19.02
            ],
            [
              72.86,
              19.02
            ],
            [
              72.86,
              19.0275
            ],
            [
              72.85,
              19.0275
            ],
            [
              72.85,
              19.02
            ]
          ]
        ]
      }
    },
    {
      "type": "Feature",
      "properties": {
        "name": "Cell R16 C11",
        "code": "mumb_016_011",
        "city": "Mumbai"
      },
      "geometry": {
        "type": "Polygon",
        "coordinates": [
          [
            [
              72.86,
              19.02
            ],
            [
              72.87,
              19.02
            ],
            [
              72.87,
              19.0275
            ],
            [
              72.86,
              19.0275
            ],
            [
              72.86,
              19.02
            ]
          ]
        ]
      }
    },
    {
      "type": "Feature",
      "properties": {
        "name": "Cell R16 C12",
        "code": "mumb_016_012",
        "city": "Mumbai"
      },
      "geometry": {
        "type": "Polygon",
        "coordinates": [
          [
            [
              72.87,
              19.02
            ],
            [
              72.88000000000001,
              19.02
            ],
            [
              72.88000000000001,
              19.0275
            ],
            [
              72.87,
              19.0275
            ],
            [
              72.87,
              19.02
            ]
          ]
        ]
      }
    },
    {
      "type": "Feature",
      "properties": {
        "name": "Cell R16 C13",
        "code": "mumb_016_013",
        "city": "Mumbai"
      },
      "geometry": {
        "type": "Polygon",
        "coordinates": [
          [
            [
              72.88,
              19.02
            ],
            [
              72.89,
              19.02
            ],
            [
              72.89,
              19.0275
            ],
            [
              72.88,
              19.0275
            ],
            [
              72.88,
              19.02
            ]
          ]
        ]
      }
    },
    {
      "type": "Feature",
      "properties": {
        "name": "Cell R16 C14",
        "code": "mumb_016_014",
        "city": "Mumbai"
      },
      "geometry": {
        "type": "Polygon",
        "coordinates": [
          [
            [
              72.89,
              19.02
            ],
            [
              72.9,
              19.02
            ],
            [
              72.9,
              19.0275
            ],
            [
              72.89,
              19.0275
            ],
            [
              72.89,
              19.02
            ]
          ]
        ]
      }
    },
    {
      "type": "Feature",
      "properties": {
        "name": "Cell R16 C15",
        "code": "mumb_016_015",
        "city": "Mumbai"
      },
      "geometry": {
        "type": "Polygon",
        "coordinates": [
          [
            [
              72.9,
              19.02
            ],
            [
              72.91000000000001,
              19.02
            ],
            [
              72.91000000000001,
              19.0275
            ],
            [
              72.9,
              19.0275
            ],
            [
              72.9,
              19.02
            ]
          ]
        ]
      }
    },
    {
      "type": "Feature",
      "properties": {
        "name": "Cell R16 C16",
        "code": "mumb_016_016",
        "city": "Mumbai"
      },
      "geometry": {
        "type": "Polygon",
        "coordinates": [
          [
            [
              72.91,
              19.02
            ],
            [
              72.92,
              19.02
            ],
            [
              72.92,
              19.0275
            ],
            [
              72.91,
              19.0275
            ],
            [
              72.91,
              19.02
            ]
          ]
        ]
      }
    },
    {
      "type": "Feature",
      "properties": {
        "name": "Cell R16 C17",
        "code": "mumb_016_017",
        "city": "Mumbai"
      },
      "geometry": {
        "type": "Polygon",
        "coordinates": [
          [
            [
              72.92,
              19.02
            ],
            [
              72.93,
              19.02
            ],
            [
              72.93,
              19.0275
            ],
            [
              72.92,
              19.0275
            ],
            [
              72.92,
              19.02
            ]
          ]
        ]
      }
    },
    {
      "type": "Feature",
      "properties": {
        "name": "Cell R16 C18",
        "code": "mumb_016_018",
        "city": "Mumbai"
      },
      "geometry": {
        "type": "Polygon",
        "coordinates": [
          [
            [
              72.93,
              19.02
            ],
            [
              72.94000000000001,
              19.02
            ],
            [
              72.94000000000001,
              19.0275
            ],
            [
              72.93,
              19.0275
            ],
            [
              72.93,
              19.02
            ]
          ]
        ]
      }
    },
    {
      "type": "Feature",
      "properties": {
        "name": "Cell R16 C19",
        "code": "mumb_016_019",
        "city": "Mumbai"
      },
      "geometry": {
        "type": "Polygon",
        "coordinates": [
          [
            [
              72.94,
              19.02
            ],
            [
              72.95,
              19.02
            ],
            [
              72.95,
              19.0275
            ],
            [
              72.94,
              19.0275
            ],
            [
              72.94,
              19.02
            ]
          ]
        ]
      }
    },
    {
      "type": "Feature",
      "properties": {
        "name": "Cell R17 C00",
        "code": "mumb_017_000",
        "city": "Mumbai"
      },
      "geometry": {
        "type": "Polygon",
        "coordinates": [
          [
            [
              72.75,
              19.0275
            ],
            [
              72.76,
              19.0275
            ],
            [
              72.76,
              19.035
            ],
            [
              72.75,
              19.035
            ],
            [
              72.75,
              19.0275
            ]
          ]
        ]
      }
    },
    {
      "type": "Feature",
      "properties": {
        "name": "Cell R17 C01",
        "code": "mumb_017_001",
        "city": "Mumbai"
      },
      "geometry": {
        "type": "Polygon",
        "coordinates": [
          [
            [
              72.76,
              19.0275
            ],
            [
              72.77000000000001,
              19.0275
            ],
            [
              72.77000000000001,
              19.035
            ],
            [
              72.76,
              19.035
            ],
            [
              72.76,
              19.0275
            ]
          ]
        ]
      }
    },
    {
      "type": "Feature",
      "properties": {
        "name": "Cell R17 C02",
        "code": "mumb_017_002",
        "city": "Mumbai"
      },
      "geometry": {
        "type": "Polygon",
        "coordinates": [
          [
            [
              72.77,
              19.0275
            ],
            [
              72.78,
              19.0275
            ],
            [
              72.78,
              19.035
            ],
            [
              72.77,
              19.035
            ],
            [
              72.77,
              19.0275
            ]
          ]
        ]
      }
    },
    {
      "type": "Feature",
      "properties": {
        "name": "Cell R17 C03",
        "code": "mumb_017_003",
        "city": "Mumbai"
      },
      "geometry": {
        "type": "Polygon",
        "coordinates": [
          [
            [
              72.78,
              19.0275
            ],
            [
              72.79,
              19.0275
            ],
            [
              72.79,
              19.035
            ],
            [
              72.78,
              19.035
            ],
            [
              72.78,
              19.0275
            ]
          ]
        ]
      }
    },
    {
      "type": "Feature",
      "properties": {
        "name": "Cell R17 C04",
        "code": "mumb_017_004",
        "city": "Mumbai"
      },
      "geometry": {
        "type": "Polygon",
        "coordinates": [
          [
            [
              72.79,
              19.0275
            ],
            [
              72.80000000000001,
              19.0275
            ],
            [
              72.80000000000001,
              19.035
            ],
            [
              72.79,
              19.035
            ],
            [
              72.79,
              19.0275
            ]
          ]
        ]
      }
    },
    {
      "type": "Feature",
      "properties": {
        "name": "Cell R17 C05",
        "code": "mumb_017_005",
        "city": "Mumbai"
      },
      "geometry": {
        "type": "Polygon",
        "coordinates": [
          [
            [
              72.8,
              19.0275
            ],
            [
              72.81,
              19.0275
            ],
            [
              72.81,
              19.035
            ],
            [
              72.8,
              19.035
            ],
            [
              72.8,
              19.0275
            ]
          ]
        ]
      }
    },
    {
      "type": "Feature",
      "properties": {
        "name": "Cell R17 C06",
        "code": "mumb_017_006",
        "city": "Mumbai"
      },
      "geometry": {
        "type": "Polygon",
        "coordinates": [
          [
            [
              72.81,
              19.0275
            ],
            [
              72.82000000000001,
              19.0275
            ],
            [
              72.82000000000001,
              19.035
            ],
            [
              72.81,
              19.035
            ],
            [
              72.81,
              19.0275
            ]
          ]
        ]
      }
    },
    {
      "type": "Feature",
      "properties": {
        "name": "Cell R17 C07",
        "code": "mumb_017_007",
        "city": "Mumbai"
      },
      "geometry": {
        "type": "Polygon",
        "coordinates": [
          [
            [
              72.82000000000001,
              19.0275
            ],
            [
              72.83000000000001,
              19.0275
            ],
            [
              72.83000000000001,
              19.035
            ],
            [
              72.82000000000001,
              19.035
            ],
            [
              72.82000000000001,
              19.0275
            ]
          ]
        ]
      }
    },
    {
      "type": "Feature",
      "properties": {
        "name": "Cell R17 C08",
        "code": "mumb_017_008",
        "city": "Mumbai"
      },
      "geometry": {
        "type": "Polygon",
        "coordinates": [
          [
            [
              72.83,
              19.0275
            ],
            [
              72.84,
              19.0275
            ],
            [
              72.84,
              19.035
            ],
            [
              72.83,
              19.035
            ],
            [
              72.83,
              19.0275
            ]
          ]
        ]
      }
    },
    {
      "type": "Feature",
      "properties": {
        "name": "Cell R17 C09",
        "code": "mumb_017_009",
        "city": "Mumbai"
      },
      "geometry": {
        "type": "Polygon",
        "coordinates": [
          [
            [
              72.84,
              19.0275
            ],
            [
              72.85000000000001,
              19.0275
            ],
            [
              72.85000000000001,
              19.035
            ],
            [
              72.84,
              19.035
            ],
            [
              72.84,
              19.0275
            ]
          ]
        ]
      }
    },
    {
      "type": "Feature",
      "properties": {
        "name": "Cell R17 C10",
        "code": "mumb_017_010",
        "city": "Mumbai"
      },
      "geometry": {
        "type": "Polygon",
        "coordinates": [
          [
            [
              72.85,
              19.0275
            ],
            [
              72.86,
              19.0275
            ],
            [
              72.86,
              19.035
            ],
            [
              72.85,
              19.035
            ],
            [
              72.85,
              19.0275
            ]
          ]
        ]
      }
    },
    {
      "type": "Feature",
      "properties": {
        "name": "Cell R17 C11",
        "code": "mumb_017_011",
        "city": "Mumbai"
      },
      "geometry": {
        "type": "Polygon",
        "coordinates": [
          [
            [
              72.86,
              19.0275
            ],
            [
              72.87,
              19.0275
            ],
            [
              72.87,
              19.035
            ],
            [
              72.86,
              19.035
            ],
            [
              72.86,
              19.0275
            ]
          ]
        ]
      }
    },
    {
      "type": "Feature",
      "properties": {
        "name": "Cell R17 C12",
        "code": "mumb_017_012",
        "city": "Mumbai"
      },
      "geometry": {
        "type": "Polygon",
        "coordinates": [
          [
            [
              72.87,
              19.0275
            ],
            [
              72.88000000000001,
              19.0275
            ],
            [
              72.88000000000001,
              19.035
            ],
            [
              72.87,
              19.035
            ],
            [
              72.87,
              19.0275
            ]
          ]
        ]
      }
    },
    {
      "type": "Feature",
      "properties": {
        "name": "Cell R17 C13",
        "code": "mumb_017_013",
        "city": "Mumbai"
      },
      "geometry": {
        "type": "Polygon",
        "coordinates": [
          [
            [
              72.88,
              19.0275
            ],
            [
              72.89,
              19.0275
            ],
            [
              72.89,
              19.035
            ],
            [
              72.88,
              19.035
            ],
            [
              72.88,
              19.0275
            ]
          ]
        ]
      }
    },
    {
      "type": "Feature",
      "properties": {
        "name": "Cell R17 C14",
        "code": "mumb_017_014",
        "city": "Mumbai"
      },
      "geometry": {
        "type": "Polygon",
        "coordinates": [
          [
            [
              72.89,
              19.0275
            ],
            [
              72.9,
              19.0275
            ],
            [
              72.9,
              19.035
            ],
            [
              72.89,
              19.035
            ],
            [
              72.89,
              19.0275
            ]
          ]
        ]
      }
    },
    {
      "type": "Feature",
      "properties": {
        "name": "Cell R17 C15",
        "code": "mumb_017_015",
        "city": "Mumbai"
      },
      "geometry": {
        "type": "Polygon",
        "coordinates": [
          [
            [
              72.9,
              19.0275
            ],
            [
              72.91000000000001,
              19.0275
            ],
            [
              72.91000000000001,
              19.035
            ],
            [
              72.9,
              19.035
            ],
            [
              72.9,
              19.0275
            ]
          ]
        ]
      }
    },
    {
      "type": "Feature",
      "properties": {
        "name": "Cell R17 C16",
        "code": "mumb_017_016",
        "city": "Mumbai"
      },
      "geometry": {
        "type": "Polygon",
        "coordinates": [
          [
            [
              72.91,
              19.0275
            ],
            [
              72.92,
              19.0275
            ],
            [
              72.92,
              19.035
            ],
            [
              72.91,
              19.035
            ],
            [
              72.91,
              19.0275
            ]
          ]
        ]
      }
    },
    {
      "type": "Feature",
      "properties": {
        "name": "Cell R17 C17",
        "code": "mumb_017_017",
        "city": "Mumbai"
      },
      "geometry": {
        "type": "Polygon",
        "coordinates": [
          [
            [
              72.92,
              19.0275
            ],
            [
              72.93,
              19.0275
            ],
            [
              72.93,
              19.035
            ],
            [
              72.92,
              19.035
            ],
            [
              72.92,
              19.0275
            ]
          ]
        ]
      }
    },
    {
      "type": "Feature",
      "properties": {
        "name": "Cell R17 C18",
        "code": "mumb_017_018",
        "city": "Mumbai"
      },
      "geometry": {
        "type": "Polygon",
        "coordinates": [
          [
            [
              72.93,
              19.0275
            ],
            [
              72.94000000000001,
              19.0275
            ],
            [
              72.94000000000001,
              19.035
            ],
            [
              72.93,
              19.035
            ],
            [
              72.93,
              19.0275
            ]
          ]
        ]
      }
    },
    {
      "type": "Feature",
      "properties": {
        "name": "Cell R17 C19",
        "code": "mumb_017_019",
        "city": "Mumbai"
      },
      "geometry": {
        "type": "Polygon",
        "coordinates": [
          [
            [
              72.94,
              19.0275
            ],
            [
              72.95,
              19.0275
            ],
            [
              72.95,
              19.035
            ],
            [
              72.94,
              19.035
            ],
            [
              72.94,
              19.0275
            ]
          ]
        ]
      }
    },
    {
      "type": "Feature",
      "properties": {
        "name": "Cell R18 C00",
        "code": "mumb_018_000",
        "city": "Mumbai"
      },
      "geometry": {
        "type": "Polygon",
        "coordinates": [
          [
            [
              72.75,
              19.035
            ],
            [
              72.76,
              19.035
            ],
            [
              72.76,
              19.0425
            ],
            [
              72.75,
              19.0425
            ],
            [
              72.75,
              19.035
            ]
          ]
        ]
      }
    },
    {
      "type": "Feature",
      "properties": {
        "name": "Cell R18 C01",
        "code": "mumb_018_001",
        "city": "Mumbai"
      },
      "geometry": {
        "type": "Polygon",
        "coordinates": [
          [
            [
              72.76,
              19.035
            ],
            [
              72.77000000000001,
              19.035
            ],
            [
              72.77000000000001,
              19.0425
            ],
            [
              72.76,
              19.0425
            ],
            [
              72.76,
              19.035
            ]
          ]
        ]
      }
    },
    {
      "type": "Feature",
      "properties": {
        "name": "Cell R18 C02",
        "code": "mumb_018_002",
        "city": "Mumbai"
      },
      "geometry": {
        "type": "Polygon",
        "coordinates": [
          [
            [
              72.77,
              19.035
            ],
            [
              72.78,
              19.035
            ],
            [
              72.78,
              19.0425
            ],
            [
              72.77,
              19.0425
            ],
            [
              72.77,
              19.035
            ]
          ]
        ]
      }
    },
    {
      "type": "Feature",
      "properties": {
        "name": "Cell R18 C03",
        "code": "mumb_018_003",
        "city": "Mumbai"
      },
      "geometry": {
        "type": "Polygon",
        "coordinates": [
          [
            [
              72.78,
              19.035
            ],
            [
              72.79,
              19.035
            ],
            [
              72.79,
              19.0425
            ],
            [
              72.78,
              19.0425
            ],
            [
              72.78,
              19.035
            ]
          ]
        ]
      }
    },
    {
      "type": "Feature",
      "properties": {
        "name": "Cell R18 C04",
        "code": "mumb_018_004",
        "city": "Mumbai"
      },
      "geometry": {
        "type": "Polygon",
        "coordinates": [
          [
            [
              72.79,
              19.035
            ],
            [
              72.80000000000001,
              19.035
            ],
            [
              72.80000000000001,
              19.0425
            ],
            [
              72.79,
              19.0425
            ],
            [
              72.79,
              19.035
            ]
          ]
        ]
      }
    },
    {
      "type": "Feature",
      "properties": {
        "name": "Cell R18 C05",
        "code": "mumb_018_005",
        "city": "Mumbai"
      },
      "geometry": {
        "type": "Polygon",
        "coordinates": [
          [
            [
              72.8,
              19.035
            ],
            [
              72.81,
              19.035
            ],
            [
              72.81,
              19.0425
            ],
            [
              72.8,
              19.0425
            ],
            [
              72.8,
              19.035
            ]
          ]
        ]
      }
    },
    {
      "type": "Feature",
      "properties": {
        "name": "Cell R18 C06",
        "code": "mumb_018_006",
        "city": "Mumbai"
      },
      "geometry": {
        "type": "Polygon",
        "coordinates": [
          [
            [
              72.81,
              19.035
            ],
            [
              72.82000000000001,
              19.035
            ],
            [
              72.82000000000001,
              19.0425
            ],
            [
              72.81,
              19.0425
            ],
            [
              72.81,
              19.035
            ]
          ]
        ]
      }
    },
    {
      "type": "Feature",
      "properties": {
        "name": "Cell R18 C07",
        "code": "mumb_018_007",
        "city": "Mumbai"
      },
      "geometry": {
        "type": "Polygon",
        "coordinates": [
          [
            [
              72.82000000000001,
              19.035
            ],
            [
              72.83000000000001,
              19.035
            ],
            [
              72.83000000000001,
              19.0425
            ],
            [
              72.82000000000001,
              19.0425
            ],
            [
              72.82000000000001,
              19.035
            ]
          ]
        ]
      }
    },
    {
      "type": "Feature",
      "properties": {
        "name": "Cell R18 C08",
        "code": "mumb_018_008",
        "city": "Mumbai"
      },
      "geometry": {
        "type": "Polygon",
        "coordinates": [
          [
            [
              72.83,
              19.035
            ],
            [
              72.84,
              19.035
            ],
            [
              72.84,
              19.0425
            ],
            [
              72.83,
              19.0425
            ],
            [
              72.83,
              19.035
            ]
          ]
        ]
      }
    },
    {
      "type": "Feature",
      "properties": {
        "name": "Cell R18 C09",
        "code": "mumb_018_009",
        "city": "Mumbai"
      },
      "geometry": {
        "type": "Polygon",
        "coordinates": [
          [
            [
              72.84,
              19.035
            ],
            [
              72.85000000000001,
              19.035
            ],
            [
              72.85000000000001,
              19.0425
            ],
            [
              72.84,
              19.0425
            ],
            [
              72.84,
              19.035
            ]
          ]
        ]
      }
    },
    {
      "type": "Feature",
      "properties": {
        "name": "Cell R18 C10",
        "code": "mumb_018_010",
        "city": "Mumbai"
      },
      "geometry": {
        "type": "Polygon",
        "coordinates": [
          [
            [
              72.85,
              19.035
            ],
            [
              72.86,
              19.035
            ],
            [
              72.86,
              19.0425
            ],
            [
              72.85,
              19.0425
            ],
            [
              72.85,
              19.035
            ]
          ]
        ]
      }
    },
    {
      "type": "Feature",
      "properties": {
        "name": "Cell R18 C11",
        "code": "mumb_018_011",
        "city": "Mumbai"
      },
      "geometry": {
        "type": "Polygon",
        "coordinates": [
          [
            [
              72.86,
              19.035
            ],
            [
              72.87,
              19.035
            ],
            [
              72.87,
              19.0425
            ],
            [
              72.86,
              19.0425
            ],
            [
              72.86,
              19.035
            ]
          ]
        ]
      }
    },
    {
      "type": "Feature",
      "properties": {
        "name": "Cell R18 C12",
        "code": "mumb_018_012",
        "city": "Mumbai"
      },
      "geometry": {
        "type": "Polygon",
        "coordinates": [
          [
            [
              72.87,
              19.035
            ],
            [
              72.88000000000001,
              19.035
            ],
            [
              72.88000000000001,
              19.0425
            ],
            [
              72.87,
              19.0425
            ],
            [
              72.87,
              19.035
            ]
          ]
        ]
      }
    },
    {
      "type": "Feature",
      "properties": {
        "name": "Cell R18 C13",
        "code": "mumb_018_013",
        "city": "Mumbai"
      },
      "geometry": {
        "type": "Polygon",
        "coordinates": [
          [
            [
              72.88,
              19.035
            ],
            [
              72.89,
              19.035
            ],
            [
              72.89,
              19.0425
            ],
            [
              72.88,
              19.0425
            ],
            [
              72.88,
              19.035
            ]
          ]
        ]
      }
    },
    {
      "type": "Feature",
      "properties": {
        "name": "Cell R18 C14",
        "code": "mumb_018_014",
        "city": "Mumbai"
      },
      "geometry": {
        "type": "Polygon",
        "coordinates": [
          [
            [
              72.89,
              19.035
            ],
            [
              72.9,
              19.035
            ],
            [
              72.9,
              19.0425
            ],
            [
              72.89,
              19.0425
            ],
            [
              72.89,
              19.035
            ]
          ]
        ]
      }
    },
    {
      "type": "Feature",
      "properties": {
        "name": "Cell R18 C15",
        "code": "mumb_018_015",
        "city": "Mumbai"
      },
      "geometry": {
        "type": "Polygon",
        "coordinates": [
          [
            [
              72.9,
              19.035
            ],
            [
              72.91000000000001,
              19.035
            ],
            [
              72.91000000000001,
              19.0425
            ],
            [
              72.9,
              19.0425
            ],
            [
              72.9,
              19.035
            ]
          ]
        ]
      }
    },
    {
      "type": "Feature",
      "properties": {
        "name": "Cell R18 C16",
        "code": "mumb_018_016",
        "city": "Mumbai"
      },
      "geometry": {
        "type": "Polygon",
        "coordinates": [
          [
            [
              72.91,
              19.035
            ],
            [
              72.92,
              19.035
            ],
            [
              72.92,
              19.0425
            ],
            [
              72.91,
              19.0425
            ],
            [
              72.91,
              19.035
            ]
          ]
        ]
      }
    },
    {
      "type": "Feature",
      "properties": {
        "name": "Cell R18 C17",
        "code": "mumb_018_017",
        "city": "Mumbai"
      },
      "geometry": {
        "type": "Polygon",
        "coordinates": [
          [
            [
              72.92,
              19.035
            ],
            [
              72.93,
              19.035
            ],
            [
              72.93,
              19.0425
            ],
            [
              72.92,
              19.0425
            ],
            [
              72.92,
              19.035
            ]
          ]
        ]
      }
    },
    {
      "type": "Feature",
      "properties": {
        "name": "Cell R18 C18",
        "code": "mumb_018_018",
        "city": "Mumbai"
      },
      "geometry": {
        "type": "Polygon",
        "coordinates": [
          [
            [
              72.93,
              19.035
            ],
            [
              72.94000000000001,
              19.035
            ],
            [
              72.94000000000001,
              19.0425
            ],
            [
              72.93,
              19.0425
            ],
            [
              72.93,
              19.035
            ]
          ]
        ]
      }
    },
    {
      "type": "Feature",
      "properties": {
        "name": "Cell R18 C19",
        "code": "mumb_018_019",
        "city": "Mumbai"
      },
      "geometry": {
        "type": "Polygon",
        "coordinates": [
          [
            [
              72.94,
              19.035
            ],
            [
              72.95,
              19.035
            ],
            [
              72.95,
              19.0425
            ],
            [
              72.94,
              19.0425
            ],
            [
              72.94,
              19.035
            ]
          ]
        ]
      }
    },
    {
      "type": "Feature",
      "properties": {
        "name": "Cell R19 C00",
        "code": "mumb_019_000",
        "city": "Mumbai"
      },
      "geometry": {
        "type": "Polygon",
        "coordinates": [
          [
            [
              72.75,
              19.0425
            ],
            [
              72.76,
              19.0425
            ],
            [
              72.76,
              19.05
            ],
            [
              72.75,
              19.05
            ],
            [
              72.75,
              19.0425
            ]
          ]
        ]
      }
    },
    {
      "type": "Feature",
      "properties": {
        "name": "Cell R19 C01",
        "code": "mumb_019_001",
        "city": "Mumbai"
      },
      "geometry": {
        "type": "Polygon",
        "coordinates": [
          [
            [
              72.76,
              19.0425
            ],
            [
              72.77000000000001,
              19.0425
            ],
            [
              72.77000000000001,
              19.05
            ],
            [
              72.76,
              19.05
            ],
            [
              72.76,
              19.0425
            ]
          ]
        ]
      }
    },
    {
      "type": "Feature",
      "properties": {
        "name": "Cell R19 C02",
        "code": "mumb_019_002",
        "city": "Mumbai"
      },
      "geometry": {
        "type": "Polygon",
        "coordinates": [
          [
            [
              72.77,
              19.0425
            ],
            [
              72.78,
              19.0425
            ],
            [
              72.78,
              19.05
            ],
            [
              72.77,
              19.05
            ],
            [
              72.77,
              19.0425
            ]
          ]
        ]
      }
    },
    {
      "type": "Feature",
      "properties": {
        "name": "Cell R19 C03",
        "code": "mumb_019_003",
        "city": "Mumbai"
      },
      "geometry": {
        "type": "Polygon",
        "coordinates": [
          [
            [
              72.78,
              19.0425
            ],
            [
              72.79,
              19.0425
            ],
            [
              72.79,
              19.05
            ],
            [
              72.78,
              19.05
            ],
            [
              72.78,
              19.0425
            ]
          ]
        ]
      }
    },
    {
      "type": "Feature",
      "properties": {
        "name": "Cell R19 C04",
        "code": "mumb_019_004",
        "city": "Mumbai"
      },
      "geometry": {
        "type": "Polygon",
        "coordinates": [
          [
            [
              72.79,
              19.0425
            ],
            [
              72.80000000000001,
              19.0425
            ],
            [
              72.80000000000001,
              19.05
            ],
            [
              72.79,
              19.05
            ],
            [
              72.79,
              19.0425
            ]
          ]
        ]
      }
    },
    {
      "type": "Feature",
      "properties": {
        "name": "Cell R19 C05",
        "code": "mumb_019_005",
        "city": "Mumbai"
      },
      "geometry": {
        "type": "Polygon",
        "coordinates": [
          [
            [
              72.8,
              19.0425
            ],
            [
              72.81,
              19.0425
            ],
            [
              72.81,
              19.05
            ],
            [
              72.8,
              19.05
            ],
            [
              72.8,
              19.0425
            ]
          ]
        ]
      }
    },
    {
      "type": "Feature",
      "properties": {
        "name": "Cell R19 C06",
        "code": "mumb_019_006",
        "city": "Mumbai"
      },
      "geometry": {
        "type": "Polygon",
        "coordinates": [
          [
            [
              72.81,
              19.0425
            ],
            [
              72.82000000000001,
              19.0425
            ],
            [
              72.82000000000001,
              19.05
            ],
            [
              72.81,
              19.05
            ],
            [
              72.81,
              19.0425
            ]
          ]
        ]
      }
    },
    {
      "type": "Feature",
      "properties": {
        "name": "Cell R19 C07",
        "code": "mumb_019_007",
        "city": "Mumbai"
      },
      "geometry": {
        "type": "Polygon",
        "coordinates": [
          [
            [
              72.82000000000001,
              19.0425
            ],
            [
              72.83000000000001,
              19.0425
            ],
            [
              72.83000000000001,
              19.05
            ],
            [
              72.82000000000001,
              19.05
            ],
            [
              72.82000000000001,
              19.0425
            ]
          ]
        ]
      }
    },
    {
      "type": "Feature",
      "properties": {
        "name": "Cell R19 C08",
        "code": "mumb_019_008",
        "city": "Mumbai"
      },
      "geometry": {
        "type": "Polygon",
        "coordinates": [
          [
            [
              72.83,
              19.0425
            ],
            [
              72.84,
              19.0425
            ],
            [
              72.84,
              19.05
            ],
            [
              72.83,
              19.05
            ],
            [
              72.83,
              19.0425
            ]
          ]
        ]
      }
    },
    {
      "type": "Feature",
      "properties": {
        "name": "Cell R19 C09",
        "code": "mumb_019_009",
        "city": "Mumbai"
      },
      "geometry": {
        "type": "Polygon",
        "coordinates": [
          [
            [
              72.84,
              19.0425
            ],
            [
              72.85000000000001,
              19.0425
            ],
            [
              72.85000000000001,
              19.05
            ],
            [
              72.84,
              19.05
            ],
            [
              72.84,
              19.0425
            ]
          ]
        ]
      }
    },
    {
      "type": "Feature",
      "properties": {
        "name": "Cell R19 C10",
        "code": "mumb_019_010",
        "city": "Mumbai"
      },
      "geometry": {
        "type": "Polygon",
        "coordinates": [
          [
            [
              72.85,
              19.0425
            ],
            [
              72.86,
              19.0425
            ],
            [
              72.86,
              19.05
            ],
            [
              72.85,
              19.05
            ],
            [
              72.85,
              19.0425
            ]
          ]
        ]
      }
    },
    {
      "type": "Feature",
      "properties": {
        "name": "Cell R19 C11",
        "code": "mumb_019_011",
        "city": "Mumbai"
      },
      "geometry": {
        "type": "Polygon",
        "coordinates": [
          [
            [
              72.86,
              19.0425
            ],
            [
              72.87,
              19.0425
            ],
            [
              72.87,
              19.05
            ],
            [
              72.86,
              19.05
            ],
            [
              72.86,
              19.0425
            ]
          ]
        ]
      }
    },
    {
      "type": "Feature",
      "properties": {
        "name": "Cell R19 C12",
        "code": "mumb_019_012",
        "city": "Mumbai"
      },
      "geometry": {
        "type": "Polygon",
        "coordinates": [
          [
            [
              72.87,
              19.0425
            ],
            [
              72.88000000000001,
              19.0425
            ],
            [
              72.88000000000001,
              19.05
            ],
            [
              72.87,
              19.05
            ],
            [
              72.87,
              19.0425
            ]
          ]
        ]
      }
    },
    {
      "type": "Feature",
      "properties": {
        "name": "Cell R19 C13",
        "code": "mumb_019_013",
        "city": "Mumbai"
      },
      "geometry": {
        "type": "Polygon",
        "coordinates": [
          [
            [
              72.88,
              19.0425
            ],
            [
              72.89,
              19.0425
            ],
            [
              72.89,
              19.05
            ],
            [
              72.88,
              19.05
            ],
            [
              72.88,
              19.0425
            ]
          ]
        ]
      }
    },
    {
      "type": "Feature",
      "properties": {
        "name": "Cell R19 C14",
        "code": "mumb_019_014",
        "city": "Mumbai"
      },
      "geometry": {
        "type": "Polygon",
        "coordinates": [
          [
            [
              72.89,
              19.0425
            ],
            [
              72.9,
              19.0425
            ],
            [
              72.9,
              19.05
            ],
            [
              72.89,
              19.05
            ],
            [
              72.89,
              19.0425
            ]
          ]
        ]
      }
    },
    {
      "type": "Feature",
      "properties": {
        "name": "Cell R19 C15",
        "code": "mumb_019_015",
        "city": "Mumbai"
      },
      "geometry": {
        "type": "Polygon",
        "coordinates": [
          [
            [
              72.9,
              19.0425
            ],
            [
              72.91000000000001,
              19.0425
            ],
            [
              72.91000000000001,
              19.05
            ],
            [
              72.9,
              19.05
            ],
            [
              72.9,
              19.0425
            ]
          ]
        ]
      }
    },
    {
      "type": "Feature",
      "properties": {
        "name": "Cell R19 C16",
        "code": "mumb_019_016",
        "city": "Mumbai"
      },
      "geometry": {
        "type": "Polygon",
        "coordinates": [
          [
            [
              72.91,
              19.0425
            ],
            [
              72.92,
              19.0425
            ],
            [
              72.92,
              19.05
            ],
            [
              72.91,
              19.05
            ],
            [
              72.91,
              19.0425
            ]
          ]
        ]
      }
    },
    {
      "type": "Feature",
      "properties": {
        "name": "Cell R19 C17",
        "code": "mumb_019_017",
        "city": "Mumbai"
      },
      "geometry": {
        "type": "Polygon",
        "coordinates": [
          [
            [
              72.92,
              19.0425
            ],
            [
              72.93,
              19.0425
            ],
            [
              72.93,
              19.05
            ],
            [
              72.92,
              19.05
            ],
            [
              72.92,
              19.0425
            ]
          ]
        ]
      }
    },
    {
      "type": "Feature",
      "properties": {
        "name": "Cell R19 C18",
        "code": "mumb_019_018",
        "city": "Mumbai"
      },
      "geometry": {
        "type": "Polygon",
        "coordinates": [
          [
            [
              72.93,
              19.0425
            ],
            [
              72.94000000000001,
              19.0425
            ],
            [
              72.94000000000001,
              19.05
            ],
            [
              72.93,
              19.05
            ],
            [
              72.93,
              19.0425
            ]
          ]
        ]
      }
    },
    {
      "type": "Feature",
      "properties": {
        "name": "Cell R19 C19",
        "code": "mumb_019_019",
        "city": "Mumbai"
      },
      "geometry": {
        "type": "Polygon",
        "coordinates": [
          [
            [
              72.94,
              19.0425
            ],
            [
              72.95,
              19.0425
            ],
            [
              72.95,
              19.05
            ],
            [
              72.94,
              19.05
            ],
            [
              72.94,
              19.0425
            ]
          ]
        ]
      }
    }
  ]
}