{
  "type": "FeatureCollection",
  "features": [
    {
      "type": "Feature",
      "properties": {
        "name": "Cell R00 C00",
        "code": "delh_000_000",
        "city": "Delhi"
      },
      "geometry": {
        "type": "Polygon",
        "coordinates": [
          [
            [
              77.1,
              28.5
            ],
            [
              77.11,
              28.5
            ],
            [
              77.11,
              28.5075
            ],
            [
              77.1,
              28.5075
            ],
            [
              77.1,
              28.5
            ]
          ]
        ]
      }
    },
    {
      "type": "Feature",
      "properties": {
        "name": "Cell R00 C01",
        "code": "delh_000_001",
        "city": "Delhi"
      },
      "geometry": {
        "type": "Polygon",
        "coordinates": [
          [
            [
              77.11,
              28.5
            ],
            [
              77.12,
              28.5
            ],
            [
              77.12,
              28.5075
            ],
            [
              77.11,
              28.5075
            ],
            [
              77.11,
              28.5
            ]
          ]
        ]
      }
    },
    {
      "type": "Feature",
      "properties": {
        "name": "Cell R00 C02",
        "code": "delh_000_002",
        "city": "Delhi"
      },
      "geometry": {
        "type": "Polygon",
        "coordinates": [
          [
            [
              77.11999999999999,
              28.5
            ],
            [
              77.13,
              28.5
            ],
            [
              77.13,
              28.5075
            ],
            [
              77.11999999999999,
              28.5075
            ],
            [
              77.11999999999999,
              28.5
            ]
          ]
        ]
      }
    },
    {
      "type": "Feature",
      "properties": {
        "name": "Cell R00 C03",
        "code": "delh_000_003",
        "city": "Delhi"
      },
      "geometry": {
        "type": "Polygon",
        "coordinates": [
          [
            [
              77.13,
              28.5
            ],
            [
              77.14,
              28.5
            ],
            [
              77.14,
              28.5075
            ],
            [
              77.13,
              28.5075
            ],
            [
              77.13,
              28.5
            ]
          ]
        ]
      }
    },
    {
      "type": "Feature",
      "properties": {
        "name": "Cell R00 C04",
        "code": "delh_000_004",
        "city": "Delhi"
      },
      "geometry": {
        "type": "Polygon",
        "coordinates": [
          [
            [
              77.14,
              28.5
            ],
            [
              77.15,
              28.5
            ],
            [
              77.15,
              28.5075
            ],
            [
              77.14,
              28.5075
            ],
            [
              77.14,
              28.5
            ]
          ]
        ]
      }
    },
    {
      "type": "Feature",
      "properties": {
        "name": "Cell R00 C05",
        "code": "delh_000_005",
        "city": "Delhi"
      },
      "geometry": {
        "type": "Polygon",
        "coordinates": [
          [
            [
              77.14999999999999,
              28.5
            ],
            [
              77.16,
              28.5
            ],
            [
              77.16,
              28.5075
            ],
            [
              77.14999999999999,
              28.5075
            ],
            [
              77.14999999999999,
              28.5
            ]
          ]
        ]
      }
    },
    {
      "type": "Feature",
      "properties": {
        "name": "Cell R00 C06",
        "code": "delh_000_006",
        "city": "Delhi"
      },
      "geometry": {
        "type": "Polygon",
        "coordinates": [
          [
            [
              77.16,
              28.5
            ],
            [
              77.17,
              28.5
            ],
            [
              77.17,
              28.5075
            ],
            [
              77.16,
              28.5075
            ],
            [
              77.16,
              28.5
            ]
          ]
        ]
      }
    },
    {
      "type": "Feature",
      "properties": {
        "name": "Cell R00 C07",
        "code": "delh_000_007",
        "city": "Delhi"
      },
      "geometry": {
        "type": "Polygon",
        "coordinates": [
          [
            [
              77.17,
              28.5
            ],
            [
              77.18,
              28.5
            ],
            [
              77.18,
              28.5075
            ],
            [
              77.17,
              28.5075
            ],
            [
              77.17,
              28.5
            ]
          ]
        ]
      }
    },
    {
      "type": "Feature",
      "properties": {
        "name": "Cell R00 C08",
        "code": "delh_000_008",
        "city": "Delhi"
      },
      "geometry": {
        "type": "Polygon",
        "coordinates": [
          [
            [
              77.17999999999999,
              28.5
            ],
            [
              77.19,
              28.5
            ],
            [
              77.19,
              28.5075
            ],
            [
              77.17999999999999,
              28.5075
            ],
            [
              77.17999999999999,
              28.5
            ]
          ]
        ]
      }
    },
    {
      "type": "Feature",
      "properties": {
        "name": "Cell R00 C09",
        "code": "delh_000_009",
        "city": "Delhi"
      },
      "geometry": {
        "type": "Polygon",
        "coordinates": [
          [
            [
              77.19,
              28.5
            ],
            [
              77.2,
              28.5
            ],
            [
              77.2,
              28.5075
            ],
            [
              77.19,
              28.5075
            ],
            [
              77.19,
              28.5
            ]
          ]
        ]
      }
    },
    {
      "type": "Feature",
      "properties": {
        "name": "Cell R00 C10",
        "code": "delh_000_010",
        "city": "Delhi"
      },
      "geometry": {
        "type": "Polygon",
        "coordinates": [
          [
            [
              77.19999999999999,
              28.5
            ],
            [
              77.21,
              28.5
            ],
            [
              77.21,
              28.5075
            ],
            [
              77.19999999999999,
              28.5075
            ],
            [
              77.19999999999999,
              28.5
            ]
          ]
        ]
      }
    },
    {
      "type": "Feature",
      "properties": {
        "name": "Cell R00 C11",
        "code": "delh_000_011",
        "city": "Delhi"
      },
      "geometry": {
        "type": "Polygon",
        "coordinates": [
          [
            [
              77.21,
              28.5
            ],
            [
              77.22,
              28.5
            ],
            [
              77.22,
              28.5075
            ],
            [
              77.21,
              28.5075
            ],
            [
              77.21,
              28.5
            ]
          ]
        ]
      }
    },
    {
      "type": "Feature",
      "properties": {
        "name": "Cell R00 C12",
        "code": "delh_000_012",
        "city": "Delhi"
      },
      "geometry": {
        "type": "Polygon",
        "coordinates": [
          [
            [
              77.22,
              28.5
            ],
            [
              77.23,
              28.5
            ],
            [
              77.23,
              28.5075
            ],
            [
              77.22,
              28.5075
            ],
            [
              77.22,
              28.5
            ]
          ]
        ]
      }
    },
    {
      "type": "Feature",
      "properties": {
        "name": "Cell R00 C13",
        "code": "delh_000_013",
        "city": "Delhi"
      },
      "geometry": {
        "type": "Polygon",
        "coordinates": [
          [
            [
              77.22999999999999,
              28.5
            ],
            [
              77.24,
              28.5
            ],
            [
              77.24,
              28.5075
            ],
            [
              77.22999999999999,
              28.5075
            ],
            [
              77.22999999999999,
              28.5
            ]
          ]
        ]
      }
    },
    {
      "type": "Feature",
      "properties": {
        "name": "Cell R00 C14",
        "code": "delh_000_014",
        "city": "Delhi"
      },
      "geometry": {
        "type": "Polygon",
        "coordinates": [
          [
            [
              77.24,
              28.5
            ],
            [
              77.25,
              28.5
            ],
            [
              77.25,
              28.5075
            ],
            [
              77.24,
              28.5075
            ],
            [
              77.24,
              28.5
            ]
          ]
        ]
      }
    },
    {
      "type": "Feature",
      "properties": {
        "name": "Cell R00 C15",
        "code": "delh_000_015",
        "city": "Delhi"
      },
      "geometry": {
        "type": "Polygon",
        "coordinates": [
          [
            [
              77.25,
              28.5
            ],
            [
              77.26,
              28.5
            ],
            [
              77.26,
              28.5075
            ],
            [
              77.25,
              28.5075
            ],
            [
              77.25,
              28.5
            ]
          ]
        ]
      }
    },
    {
      "type": "Feature",
      "properties": {
        "name": "Cell R00 C16",
        "code": "delh_000_016",
        "city": "Delhi"
      },
      "geometry": {
        "type": "Polygon",
        "coordinates": [
          [
            [
              77.25999999999999,
              28.5
            ],
            [
              77.27,
              28.5
            ],
            [
              77.27,
              28.5075
            ],
            [
              77.25999999999999,
              28.5075
            ],
            [
              77.25999999999999,
              28.5
            ]
          ]
        ]
      }
    },
    {
      "type": "Feature",
      "properties": {
        "name": "Cell R00 C17",
        "code": "delh_000_017",
        "city": "Delhi"
      },
      "geometry": {
        "type": "Polygon",
        "coordinates": [
          [
            [
              77.27,
              28.5
            ],
            [
              77.28,
              28.5
            ],
            [
              77.28,
              28.5075
            ],
            [
              77.27,
              28.5075
            ],
            [
              77.27,
              28.5
            ]
          ]
        ]
      }
    },
    {
      "type": "Feature",
      "properties": {
        "name": "Cell R00 C18",
        "code": "delh_000_018",
        "city": "Delhi"
      },
      "geometry": {
        "type": "Polygon",
        "coordinates": [
          [
            [
              77.28,
              28.5
            ],
            [
              77.29,
              28.5
            ],
            [
              77.29,
              28.5075
            ],
            [
              77.28,
              28.5075
            ],
            [
              77.28,
              28.5
            ]
          ]
        ]
      }
    },
    {
      "type": "Feature",
      "properties": {
        "name": "Cell R00 C19",
        "code": "delh_000_019",
        "city": "Delhi"
      },
      "geometry": {
        "type": "Polygon",
        "coordinates": [
          [
            [
              77.28999999999999,
              28.5
            ],
            [
              77.3,
              28.5
            ],
            [
              77.3,
              28.5075
            ],
            [
              77.28999999999999,
              28.5075
            ],
            [
              77.28999999999999,
              28.5
            ]
          ]
        ]
      }
    },
    {
      "type": "Feature",
      "properties": {
        "name": "Cell R01 C00",
        "code": "delh_001_000",
        "city": "Delhi"
      },
      "geometry": {
        "type": "Polygon",
        "coordinates": [
          [
            [
              77.1,
              28.5075
            ],
            [
              77.11,
              28.5075
            ],
            [
              77.11,
              28.515
            ],
            [
              77.1,
              28.515
            ],
            [
              77.1,
              28.5075
            ]
          ]
        ]
      }
    },
    {
      "type": "Feature",
      "properties": {
        "name": "Cell R01 C01",
        "code": "delh_001_001",
        "city": "Delhi"
      },
      "geometry": {
        "type": "Polygon",
        "coordinates": [
          [
            [
              77.11,
              28.5075
            ],
            [
              77.12,
              28.5075
            ],
            [
              77.12,
              28.515
            ],
            [
              77.11,
              28.515
            ],
            [
              77.11,
              28.5075
            ]
          ]
        ]
      }
    },
    {
      "type": "Feature",
      "properties": {
        "name": "Cell R01 C02",
        "code": "delh_001_002",
        "city": "Delhi"
      },
      "geometry": {
        "type": "Polygon",
        "coordinates": [
          [
            [
              77.11999999999999,
              28.5075
            ],
            [
              77.13,
              28.5075
            ],
            [
              77.13,
              28.515
            ],
            [
              77.11999999999999,
              28.515
            ],
            [
              77.11999999999999,
              28.5075
            ]
          ]
        ]
      }
    },
    {
      "type": "Feature",
      "properties": {
        "name": "Cell R01 C03",
        "code": "delh_001_003",
        "city": "Delhi"
      },
      "geometry": {
        "type": "Polygon",
        "coordinates": [
          [
            [
              77.13,
              28.5075
            ],
            [
              77.14,
              28.5075
            ],
            [
              77.14,
              28.515
            ],
            [
              77.13,
              28.515
            ],
            [
              77.13,
              28.5075
            ]
          ]
        ]
      }
    },
    {
      "type": "Feature",
      "properties": {
        "name": "Cell R01 C04",
        "code": "delh_001_004",
        "city": "Delhi"
      },
      "geometry": {
        "type": "Polygon",
        "coordinates": [
          [
            [
              77.14,
              28.5075
            ],
            [
              77.15,
              28.5075
            ],
            [
              77.15,
              28.515
            ],
            [
              77.14,
              28.515
            ],
            [
              77.14,
              28.5075
            ]
          ]
        ]
      }
    },
    {
      "type": "Feature",
      "properties": {
        "name": "Cell R01 C05",
        "code": "delh_001_005",
        "city": "Delhi"
      },
      "geometry": {
        "type": "Polygon",
        "coordinates": [
          [
            [
              77.14999999999999,
              28.5075
            ],
            [
              77.16,
              28.5075
            ],
            [
              77.16,
              28.515
            ],
            [
              77.14999999999999,
              28.515
            ],
            [
              77.14999999999999,
              28.5075
            ]
          ]
        ]
      }
    },
    {
      "type": "Feature",
      "properties": {
        "name": "Cell R01 C06",
        "code": "delh_001_006",
        "city": "Delhi"
      },
      "geometry": {
        "type": "Polygon",
        "coordinates": [
          [
            [
              77.16,
              28.5075
            ],
            [
              77.17,
              28.5075
            ],
            [
              77.17,
              28.515
            ],
            [
              77.16,
              28.515
            ],
            [
              77.16,
              28.5075
            ]
          ]
        ]
      }
    },
    {
      "type": "Feature",
      "properties": {
        "name": "Cell R01 C07",
        "code": "delh_001_007",
        "city": "Delhi"
      },
      "geometry": {
        "type": "Polygon",
        "coordinates": [
          [
            [
              77.17,
              28.5075
            ],
            [
              77.18,
              28.5075
            ],
            [
              77.18,
              28.515
            ],
            [
              77.17,
              28.515
            ],
            [
              77.17,
              28.5075
            ]
          ]
        ]
      }
    },
    {
      "type": "Feature",
      "properties": {
        "name": "Cell R01 C08",
        "code": "delh_001_008",
        "city": "Delhi"
      },
      "geometry": {
        "type": "Polygon",
        "coordinates": [
          [
            [
              77.17999999999999,
              28.5075
            ],
            [
              77.19,
              28.5075
            ],
            [
              77.19,
              28.515
            ],
            [
              77.17999999999999,
              28.515
            ],
            [
              77.17999999999999,
              28.5075
            ]
          ]
        ]
      }
    },
    {
      "type": "Feature",
      "properties": {
        "name": "Cell R01 C09",
        "code": "delh_001_009",
        "city": "Delhi"
      },
      "geometry": {
        "type": "Polygon",
        "coordinates": [
          [
            [
              77.19,
              28.5075
            ],
            [
              77.2,
              28.5075
            ],
            [
              77.2,
              28.515
            ],
            [
              77.19,
              28.515
            ],
            [
              77.19,
              28.5075
            ]
          ]
        ]
      }
    },
    {
      "type": "Feature",
      "properties": {
        "name": "Cell R01 C10",
        "code": "delh_001_010",
        "city": "Delhi"
      },
      "geometry": {
        "type": "Polygon",
        "coordinates": [
          [
            [
              77.19999999999999,
              28.5075
            ],
            [
              77.21,
              28.5075
            ],
            [
              77.21,
              28.515
            ],
            [
              77.19999999999999,
              28.515
            ],
            [
              77.19999999999999,
              28.5075
            ]
          ]
        ]
      }
    },
    {
      "type": "Feature",
      "properties": {
        "name": "Cell R01 C11",
        "code": "delh_001_011",
        "city": "Delhi"
      },
      "geometry": {
        "type": "Polygon",
        "coordinates": [
          [
            [
              77.21,
              28.5075
            ],
            [
              77.22,
              28.5075
            ],
            [
              77.22,
              28.515
            ],
            [
              77.21,
              28.515
            ],
            [
              77.21,
              28.5075
            ]
          ]
        ]
      }
    },
    {
      "type": "Feature",
      "properties": {
        "name": "Cell R01 C12",
        "code": "delh_001_012",
        "city": "Delhi"
      },
      "geometry": {
        "type": "Polygon",
        "coordinates": [
          [
            [
              77.22,
              28.5075
            ],
            [
              77.23,
              28.5075
            ],
            [
              77.23,
              28.515
            ],
            [
              77.22,
              28.515
            ],
            [
              77.22,
              28.5075
            ]
          ]
        ]
      }
    },
    {
      "type": "Feature",
      "properties": {
        "name": "Cell R01 C13",
        "code": "delh_001_013",
        "city": "Delhi"
      },
      "geometry": {
        "type": "Polygon",
        "coordinates": [
          [
            [
              77.22999999999999,
              28.5075
            ],
            [
              77.24,
              28.5075
            ],
            [
              77.24,
              28.515
            ],
            [
              77.22999999999999,
              28.515
            ],
            [
              77.22999999999999,
              28.5075
            ]
          ]
        ]
      }
    },
    {
      "type": "Feature",
      "properties": {
        "name": "Cell R01 C14",
        "code": "delh_001_014",
        "city": "Delhi"
      },
      "geometry": {
        "type": "Polygon",
        "coordinates": [
          [
            [
              77.24,
              28.5075
            ],
            [
              77.25,
              28.5075
            ],
            [
              77.25,
              28.515
            ],
            [
              77.24,
              28.515
            ],
            [
              77.24,
              28.5075
            ]
          ]
        ]
      }
    },
    {
      "type": "Feature",
      "properties": {
        "name": "Cell R01 C15",
        "code": "delh_001_015",
        "city": "Delhi"
      },
      "geometry": {
        "type": "Polygon",
        "coordinates": [
          [
            [
              77.25,
              28.5075
            ],
            [
              77.26,
              28.5075
            ],
            [
              77.26,
              28.515
            ],
            [
              77.25,
              28.515
            ],
            [
              77.25,
              28.5075
            ]
          ]
        ]
      }
    },
    {
      "type": "Feature",
      "properties": {
        "name": "Cell R01 C16",
        "code": "delh_001_016",
        "city": "Delhi"
      },
      "geometry": {
        "type": "Polygon",
        "coordinates": [
          [
            [
              77.25999999999999,
              28.5075
            ],
            [
              77.27,
              28.5075
            ],
            [
              77.27,
              28.515
            ],
            [
              77.25999999999999,
              28.515
            ],
            [
              77.25999999999999,
              28.5075
            ]
          ]
        ]
      }
    },
    {
      "type": "Feature",
      "properties": {
        "name": "Cell R01 C17",
        "code": "delh_001_017",
        "city": "Delhi"
      },
      "geometry": {
        "type": "Polygon",
        "coordinates": [
          [
            [
              77.27,
              28.5075
            ],
            [
              77.28,
              28.5075
            ],
            [
              77.28,
              28.515
            ],
            [
              77.27,
              28.515
            ],
            [
              77.27,
              28.5075
            ]
          ]
        ]
      }
    },
    {
      "type": "Feature",
      "properties": {
        "name": "Cell R01 C18",
        "code": "delh_001_018",
        "city": "Delhi"
      },
      "geometry": {
        "type": "Polygon",
        "coordinates": [
          [
            [
              77.28,
              28.5075
            ],
            [
              77.29,
              28.5075
            ],
            [
              77.29,
              28.515
            ],
            [
              77.28,
              28.515
            ],
            [
              77.28,
              28.5075
            ]
          ]
        ]
      }
    },
    {
      "type": "Feature",
      "properties": {
        "name": "Cell R01 C19",
        "code": "delh_001_019",
        "city": "Delhi"
      },
      "geometry": {
        "type": "Polygon",
        "coordinates": [
          [
            [
              77.28999999999999,
              28.5075
            ],
            [
              77.3,
              28.5075
            ],
            [
              77.3,
              28.515
            ],
            [
              77.28999999999999,
              28.515
            ],
            [
              77.28999999999999,
              28.5075
            ]
          ]
        ]
      }
    },
    {
      "type": "Feature",
      "properties": {
        "name": "Cell R02 C00",
        "code": "delh_002_000",
        "city": "Delhi"
      },
      "geometry": {
        "type": "Polygon",
        "coordinates": [
          [
            [
              77.1,
              28.515
            ],
            [
              77.11,
              28.515
            ],
            [
              77.11,
              28.5225
            ],
            [
              77.1,
              28.5225
            ],
            [
              77.1,
              28.515
            ]
          ]
        ]
      }
    },
    {
      "type": "Feature",
      "properties": {
        "name": "Cell R02 C01",
        "code": "delh_002_001",
        "city": "Delhi"
      },
      "geometry": {
        "type": "Polygon",
        "coordinates": [
          [
            [
              77.11,
              28.515
            ],
            [
              77.12,
              28.515
            ],
            [
              77.12,
              28.5225
            ],
            [
              77.11,
              28.5225
            ],
            [
              77.11,
              28.515
            ]
          ]
        ]
      }
    },
    {
      "type": "Feature",
      "properties": {
        "name": "Cell R02 C02",
        "code": "delh_002_002",
        "city": "Delhi"
      },
      "geometry": {
        "type": "Polygon",
        "coordinates": [
          [
            [
              77.11999999999999,
              28.515
            ],
            [
              77.13,
              28.515
            ],
            [
              77.13,
              28.5225
            ],
            [
              77.11999999999999,
              28.5225
            ],
            [
              77.11999999999999,
              28.515
            ]
          ]
        ]
      }
    },
    {
      "type": "Feature",
      "properties": {
        "name": "Cell R02 C03",
        "code": "delh_002_003",
        "city": "Delhi"
      },
      "geometry": {
        "type": "Polygon",
        "coordinates": [
          [
            [
              77.13,
              28.515
            ],
            [
              77.14,
              28.515
            ],
            [
              77.14,
              28.5225
            ],
            [
              77.13,
              28.5225
            ],
            [
              77.13,
              28.515
            ]
          ]
        ]
      }
    },
    {
      "type": "Feature",
      "properties": {
        "name": "Cell R02 C04",
        "code": "delh_002_004",
        "city": "Delhi"
      },
      "geometry": {
        "type": "Polygon",
        "coordinates": [
          [
            [
              77.14,
              28.515
            ],
            [
              77.15,
              28.515
            ],
            [
              77.15,
              28.5225
            ],
            [
              77.14,
              28.5225
            ],
            [
              77.14,
              28.515
            ]
          ]
        ]
      }
    },
    {
      "type": "Feature",
      "properties": {
        "name": "Cell R02 C05",
        "code": "delh_002_005",
        "city": "Delhi"
      },
      "geometry": {
        "type": "Polygon",
        "coordinates": [
          [
            [
              77.14999999999999,
              28.515
            ],
            [
              77.16,
              28.515
            ],
            [
              77.16,
              28.5225
            ],
            [
              77.14999999999999,
              28.5225
            ],
            [
              77.14999999999999,
              28.515
            ]
          ]
        ]
      }
    },
    {
      "type": "Feature",
      "properties": {
        "name": "Cell R02 C06",
        "code": "delh_002_006",
        "city": "Delhi"
      },
      "geometry": {
        "type": "Polygon",
        "coordinates": [
          [
            [
              77.16,
              28.515
            ],
            [
              77.17,
              28.515
            ],
            [
              77.17,
              28.5225
            ],
            [
              77.16,
              28.5225
            ],
            [
              77.16,
              28.515
            ]
          ]
        ]
      }
    },
    {
      "type": "Feature",
      "properties": {
        "name": "Cell R02 C07",
        "code": "delh_002_007",
        "city": "Delhi"
      },
      "geometry": {
        "type": "Polygon",
        "coordinates": [
          [
            [
              77.17,
              28.515
            ],
            [
              77.18,
              28.515
            ],
            [
              77.18,
              28.5225
            ],
            [
              77.17,
              28.5225
            ],
            [
              77.17,
              28.515
            ]
          ]
        ]
      }
    },
    {
      "type": "Feature",
      "properties": {
        "name": "Cell R02 C08",
        "code": "delh_002_008",
        "city": "Delhi"
      },
      "geometry": {
        "type": "Polygon",
        "coordinates": [
          [
            [
              77.17999999999999,
              28.515
            ],
            [
              77.19,
              28.515
            ],
            [
              77.19,
              28.5225
            ],
            [
              77.17999999999999,
              28.5225
            ],
            [
              77.17999999999999,
              28.515
            ]
          ]
        ]
      }
    },
    {
      "type": "Feature",
      "properties": {
        "name": "Cell R02 C09",
        "code": "delh_002_009",
        "city": "Delhi"
      },
      "geometry": {
        "type": "Polygon",
        "coordinates": [
          [
            [
              77.19,
              28.515
            ],
            [
              77.2,
              28.515
            ],
            [
              77.2,
              28.5225
            ],
            [
              77.19,
              28.5225
            ],
            [
              77.19,
              28.515
            ]
          ]
        ]
      }
    },
    {
      "type": "Feature",
      "properties": {
        "name": "Cell R02 C10",
        "code": "delh_002_010",
        "city": "Delhi"
      },
      "geometry": {
        "type": "Polygon",
        "coordinates": [
          [
            [
              77.19999999999999,
              28.515
            ],
            [
              77.21,
              28.515
            ],
            [
              77.21,
              28.5225
            ],
            [
              77.19999999999999,
              28.5225
            ],
            [
              77.19999999999999,
              28.515
            ]
          ]
        ]
      }
    },
    {
      "type": "Feature",
      "properties": {
        "name": "Cell R02 C11",
        "code": "delh_002_011",
        "city": "Delhi"
      },
      "geometry": {
        "type": "Polygon",
        "coordinates": [
          [
            [
              77.21,
              28.515
            ],
            [
              77.22,
              28.515
            ],
            [
              77.22,
              28.5225
            ],
            [
              77.21,
              28.5225
            ],
            [
              77.21,
              28.515
            ]
          ]
        ]
      }
    },
    {
      "type": "Feature",
      "properties": {
        "name": "Cell R02 C12",
        "code": "delh_002_012",
        "city": "Delhi"
      },
      "geometry": {
        "type": "Polygon",
        "coordinates": [
          [
            [
              77.22,
              28.515
            ],
            [
              77.23,
              28.515
            ],
            [
              77.23,
              28.5225
            ],
            [
              77.22,
              28.5225
            ],
            [
              77.22,
              28.515
            ]
          ]
        ]
      }
    },
    {
      "type": "Feature",
      "properties": {
        "name": "Cell R02 C13",
        "code": "delh_002_013",
        "city": "Delhi"
      },
      "geometry": {
        "type": "Polygon",
        "coordinates": [
          [
            [
              77.22999999999999,
              28.515
            ],
            [
              77.24,
              28.515
            ],
            [
              77.24,
              28.5225
            ],
            [
              77.22999999999999,
              28.5225
            ],
            [
              77.22999999999999,
              28.515
            ]
          ]
        ]
      }
    },
    {
      "type": "Feature",
      "properties": {
        "name": "Cell R02 C14",
        "code": "delh_002_014",
        "city": "Delhi"
      },
      "geometry": {
        "type": "Polygon",
        "coordinates": [
          [
            [
              77.24,
              28.515
            ],
            [
              77.25,
              28.515
            ],
            [
              77.25,
              28.5225
            ],
            [
              77.24,
              28.5225
            ],
            [
              77.24,
              28.515
            ]
          ]
        ]
      }
    },
    {
      "type": "Feature",
      "properties": {
        "name": "Cell R02 C15",
        "code": "delh_002_015",
        "city": "Delhi"
      },
      "geometry": {
        "type": "Polygon",
        "coordinates": [
          [
            [
              77.25,
              28.515
            ],
            [
              77.26,
              28.515
            ],
            [
              77.26,
              28.5225
            ],
            [
              77.25,
              28.5225
            ],
            [
              77.25,
              28.515
            ]
          ]
        ]
      }
    },
    {
      "type": "Feature",
      "properties": {
        "name": "Cell R02 C16",
        "code": "delh_002_016",
        "city": "Delhi"
      },
      "geometry": {
        "type": "Polygon",
        "coordinates": [
          [
            [
              77.25999999999999,
              28.515
            ],
            [
              77.27,
              28.515
            ],
            [
              77.27,
              28.5225
            ],
            [
              77.25999999999999,
              28.5225
            ],
            [
              77.25999999999999,
              28.515
            ]
          ]
        ]
      }
    },
    {
      "type": "Feature",
      "properties": {
        "name": "Cell R02 C17",
        "code": "delh_002_017",
        "city": "Delhi"
      },
      "geometry": {
        "type": "Polygon",
        "coordinates": [
          [
            [
              77.27,
              28.515
            ],
            [
              77.28,
              28.515
            ],
            [
              77.28,
              28.5225
            ],
            [
              77.27,
              28.5225
            ],
            [
              77.27,
              28.515
            ]
          ]
        ]
      }
    },
    {
      "type": "Feature",
      "properties": {
        "name": "Cell R02 C18",
        "code": "delh_002_018",
        "city": "Delhi"
      },
      "geometry": {
        "type": "Polygon",
        "coordinates": [
          [
            [
              77.28,
              28.515
            ],
            [
              77.29,
              28.515
            ],
            [
              77.29,
              28.5225
            ],
            [
              77.28,
              28.5225
            ],
            [
              77.28,
              28.515
            ]
          ]
        ]
      }
    },
    {
      "type": "Feature",
      "properties": {
        "name": "Cell R02 C19",
        "code": "delh_002_019",
        "city": "Delhi"
      },
      "geometry": {
        "type": "Polygon",
        "coordinates": [
          [
            [
              77.28999999999999,
              28.515
            ],
            [
              77.3,
              28.515
            ],
            [
              77.3,
              28.5225
            ],
            [
              77.28999999999999,
              28.5225
            ],
            [
              77.28999999999999,
              28.515
            ]
          ]
        ]
      }
    },
    {
      "type": "Feature",
      "properties": {
        "name": "Cell R03 C00",
        "code": "delh_003_000",
        "city": "Delhi"
      },
      "geometry": {
        "type": "Polygon",
        "coordinates": [
          [
            [
              77.1,
              28.5225
            ],
            [
              77.11,
              28.5225
            ],
            [
              77.11,
              28.53
            ],
            [
              77.1,
              28.53
            ],
            [
              77.1,
              28.5225
            ]
          ]
        ]
      }
    },
    {
      "type": "Feature",
      "properties": {
        "name": "Cell R03 C01",
        "code": "delh_003_001",
        "city": "Delhi"
      },
      "geometry": {
        "type": "Polygon",
        "coordinates": [
          [
            [
              77.11,
              28.5225
            ],
            [
              77.12,
              28.5225
            ],
            [
              77.12,
              28.53
            ],
            [
              77.11,
              28.53
            ],
            [
              77.11,
              28.5225
            ]
          ]
        ]
      }
    },
    {
      "type": "Feature",
      "properties": {
        "name": "Cell R03 C02",
        "code": "delh_003_002",
        "city": "Delhi"
      },
      "geometry": {
        "type": "Polygon",
        "coordinates": [
          [
            [
              77.11999999999999,
              28.5225
            ],
            [
              77.13,
              28.5225
            ],
            [
              77.13,
              28.53
            ],
            [
              77.11999999999999,
              28.53
            ],
            [
              77.11999999999999,
              28.5225
            ]
          ]
        ]
      }
    },
    {
      "type": "Feature",
      "properties": {
        "name": "Cell R03 C03",
        "code": "delh_003_003",
        "city": "Delhi"
      },
      "geometry": {
        "type": "Polygon",
        "coordinates": [
          [
            [
              77.13,
              28.5225
            ],
            [
              77.14,
              28.5225
            ],
            [
              77.14,
              28.53
            ],
            [
              77.13,
              28.53
            ],
            [
              77.13,
              28.5225
            ]
          ]
        ]
      }
    },
    {
      "type": "Feature",
      "properties": {
        "name": "Cell R03 C04",
        "code": "delh_003_004",
        "city": "Delhi"
      },
      "geometry": {
        "type": "Polygon",
        "coordinates": [
          [
            [
              77.14,
              28.5225
            ],
            [
              77.15,
              28.5225
            ],
            [
              77.15,
              28.53
            ],
            [
              77.14,
              28.53
            ],
            [
              77.14,
              28.5225
            ]
          ]
        ]
      }
    },
    {
      "type": "Feature",
      "properties": {
        "name": "Cell R03 C05",
        "code": "delh_003_005",
        "city": "Delhi"
      },
      "geometry": {
        "type": "Polygon",
        "coordinates": [
          [
            [
              77.14999999999999,
              28.5225
            ],
            [
              77.16,
              28.5225
            ],
            [
              77.16,
              28.53
            ],
            [
              77.14999999999999,
              28.53
            ],
            [
              77.14999999999999,
              28.5225
            ]
          ]
        ]
      }
    },
    {
      "type": "Feature",
      "properties": {
        "name": "Cell R03 C06",
        "code": "delh_003_006",
        "city": "Delhi"
      },
      "geometry": {
        "type": "Polygon",
        "coordinates": [
          [
            [
              77.16,
              28.5225
            ],
            [
              77.17,
              28.5225
            ],
            [
              77.17,
              28.53
            ],
            [
              77.16,
              28.53
            ],
            [
              77.16,
              28.5225
            ]
          ]
        ]
      }
    },
    {
      "type": "Feature",
      "properties": {
        "name": "Cell R03 C07",
        "code": "delh_003_007",
        "city": "Delhi"
      },
      "geometry": {
        "type": "Polygon",
        "coordinates": [
          [
            [
              77.17,
              28.5225
            ],
            [
              77.18,
              28.5225
            ],
            [
              77.18,
              28.53
            ],
            [
              77.17,
              28.53
            ],
            [
              77.17,
              28.5225
            ]
          ]
        ]
      }
    },
    {
      "type": "Feature",
      "properties": {
        "name": "Cell R03 C08",
        "code": "delh_003_008",
        "city": "Delhi"
      },
      "geometry": {
        "type": "Polygon",
        "coordinates": [
          [
            [
              77.17999999999999,
              28.5225
            ],
            [
              77.19,
              28.5225
            ],
            [
              77.19,
              28.53
            ],
            [
              77.17999999999999,
              28.53
            ],
            [
              77.17999999999999,
              28.5225
            ]
          ]
        ]
      }
    },
    {
      "type": "Feature",
      "properties": {
        "name": "Cell R03 C09",
        "code": "delh_003_009",
        "city": "Delhi"
      },
      "geometry": {
        "type": "Polygon",
        "coordinates": [
          [
            [
              77.19,
              28.5225
            ],
            [
              77.2,
              28.5225
            ],
            [
              77.2,
              28.53
            ],
            [
              77.19,
              28.53
            ],
            [
              77.19,
              28.5225
            ]
          ]
        ]
      }
    },
    {
      "type": "Feature",
      "properties": {
        "name": "Cell R03 C10",
        "code": "delh_003_010",
        "city": "Delhi"
      },
      "geometry": {
        "type": "Polygon",
        "coordinates": [
          [
            [
              77.19999999999999,
              28.5225
            ],
            [
              77.21,
              28.5225
            ],
            [
              77.21,
              28.53
            ],
            [
              77.19999999999999,
              28.53
            ],
            [
              77.19999999999999,
              28.5225
            ]
          ]
        ]
      }
    },
    {
      "type": "Feature",
      "properties": {
        "name": "Cell R03 C11",
        "code": "delh_003_011",
        "city": "Delhi"
      },
      "geometry": {
        "type": "Polygon",
        "coordinates": [
          [
            [
              77.21,
              28.5225
            ],
            [
              77.22,
              28.5225
            ],
            [
              77.22,
              28.53
            ],
            [
              77.21,
              28.53
            ],
            [
              77.21,
              28.5225
            ]
          ]
        ]
      }
    },
    {
      "type": "Feature",
      "properties": {
        "name": "Cell R03 C12",
        "code": "delh_003_012",
        "city": "Delhi"
      },
      "geometry": {
        "type": "Polygon",
        "coordinates": [
          [
            [
              77.22,
              28.5225
            ],
            [
              77.23,
              28.5225
            ],
            [
              77.23,
              28.53
            ],
            [
              77.22,
              28.53
            ],
            [
              77.22,
              28.5225
            ]
          ]
        ]
      }
    },
    {
      "type": "Feature",
      "properties": {
        "name": "Cell R03 C13",
        "code": "delh_003_013",
        "city": "Delhi"
      },
      "geometry": {
        "type": "Polygon",
        "coordinates": [
          [
            [
              77.22999999999999,
              28.5225
            ],
            [
              77.24,
              28.5225
            ],
            [
              77.24,
              28.53
            ],
            [
              77.22999999999999,
              28.53
            ],
            [
              77.22999999999999,
              28.5225
            ]
          ]
        ]
      }
    },
    {
      "type": "Feature",
      "properties": {
        "name": "Cell R03 C14",
        "code": "delh_003_014",
        "city": "Delhi"
      },
      "geometry": {
        "type": "Polygon",
        "coordinates": [
          [
            [
              77.24,
              28.5225
            ],
            [
              77.25,
              28.5225
            ],
            [
              77.25,
              28.53
            ],
            [
              77.24,
              28.53
            ],
            [
              77.24,
              28.5225
            ]
          ]
        ]
      }
    },
    {
      "type": "Feature",
      "properties": {
        "name": "Cell R03 C15",
        "code": "delh_003_015",
        "city": "Delhi"
      },
      "geometry": {
        "type": "Polygon",
        "coordinates": [
          [
            [
              77.25,
              28.5225
            ],
            [
              77.26,
              28.5225
            ],
            [
              77.26,
              28.53
            ],
            [
              77.25,
              28.53
            ],
            [
              77.25,
              28.5225
            ]
          ]
        ]
      }
    },
    {
      "type": "Feature",
      "properties": {
        "name": "Cell R03 C16",
        "code": "delh_003_016",
        "city": "Delhi"
      },
      "geometry": {
        "type": "Polygon",
        "coordinates": [
          [
            [
              77.25999999999999,
              28.5225
            ],
            [
              77.27,
              28.5225
            ],
            [
              77.27,
              28.53
            ],
            [
              77.25999999999999,
              28.53
            ],
            [
              77.25999999999999,
              28.5225
            ]
          ]
        ]
      }
    },
    {
      "type": "Feature",
      "properties": {
        "name": "Cell R03 C17",
        "code": "delh_003_017",
        "city": "Delhi"
      },
      "geometry": {
        "type": "Polygon",
        "coordinates": [
          [
            [
              77.27,
              28.5225
            ],
            [
              77.28,
              28.5225
            ],
            [
              77.28,
              28.53
            ],
            [
              77.27,
              28.53
            ],
            [
              77.27,
              28.5225
            ]
          ]
        ]
      }
    },
    {
      "type": "Feature",
      "properties": {
        "name": "Cell R03 C18",
        "code": "delh_003_018",
        "city": "Delhi"
      },
      "geometry": {
        "type": "Polygon",
        "coordinates": [
          [
            [
              77.28,
              28.5225
            ],
            [
              77.29,
              28.5225
            ],
            [
              77.29,
              28.53
            ],
            [
              77.28,
              28.53
            ],
            [
              77.28,
              28.5225
            ]
          ]
        ]
      }
    },
    {
      "type": "Feature",
      "properties": {
        "name": "Cell R03 C19",
        "code": "delh_003_019",
        "city": "Delhi"
      },
      "geometry": {
        "type": "Polygon",
        "coordinates": [
          [
            [
              77.28999999999999,
              28.5225
            ],
            [
              77.3,
              28.5225
            ],
            [
              77.3,
              28.53
            ],
            [
              77.28999999999999,
              28.53
            ],
            [
              77.28999999999999,
              28.5225
            ]
          ]
        ]
      }
    },
    {
      "type": "Feature",
      "properties": {
        "name": "Cell R04 C00",
        "code": "delh_004_000",
        "city": "Delhi"
      },
      "geometry": {
        "type": "Polygon",
        "coordinates": [
          [
            [
              77.1,
              28.53
            ],
            [
              77.11,
              28.53
            ],
            [
              77.11,
              28.5375
            ],
            [
              77.1,
              28.5375
            ],
            [
              77.1,
              28.53
            ]
          ]
        ]
      }
    },
    {
      "type": "Feature",
      "properties": {
        "name": "Cell R04 C01",
        "code": "delh_004_001",
        "city": "Delhi"
      },
      "geometry": {
        "type": "Polygon",
        "coordinates": [
          [
            [
              77.11,
              28.53
            ],
            [
              77.12,
              28.53
            ],
            [
              77.12,
              28.5375
            ],
            [
              77.11,
              28.5375
            ],
            [
              77.11,
              28.53
            ]
          ]
        ]
      }
    },
    {
      "type": "Feature",
      "properties": {
        "name": "Cell R04 C02",
        "code": "delh_004_002",
        "city": "Delhi"
      },
      "geometry": {
        "type": "Polygon",
        "coordinates": [
          [
            [
              77.11999999999999,
              28.53
            ],
            [
              77.13,
              28.53
            ],
            [
              77.13,
              28.5375
            ],
            [
              77.11999999999999,
              28.5375
            ],
            [
              77.11999999999999,
              28.53
            ]
          ]
        ]
      }
    },
    {
      "type": "Feature",
      "properties": {
        "name": "Cell R04 C03",
        "code": "delh_004_003",
        "city": "Delhi"
      },
      "geometry": {
        "type": "Polygon",
        "coordinates": [
          [
            [
              77.13,
              28.53
            ],
            [
              77.14,
              28.53
            ],
            [
              77.14,
              28.5375
            ],
            [
              77.13,
              28.5375
            ],
            [
              77.13,
              28.53
            ]
          ]
        ]
      }
    },
    {
      "type": "Feature",
      "properties": {
        "name": "Cell R04 C04",
        "code": "delh_004_004",
        "city": "Delhi"
      },
      "geometry": {
        "type": "Polygon",
        "coordinates": [
          [
            [
              77.14,
              28.53
            ],
            [
              77.15,
              28.53
            ],
            [
              77.15,
              28.5375
            ],
            [
              77.14,
              28.5375
            ],
            [
              77.14,
              28.53
            ]
          ]
        ]
      }
    },
    {
      "type": "Feature",
      "properties": {
        "name": "Cell R04 C05",
        "code": "delh_004_005",
        "city": "Delhi"
      },
      "geometry": {
        "type": "Polygon",
        "coordinates": [
          [
            [
              77.14999999999999,
              28.53
            ],
            [
              77.16,
              28.53
            ],
            [
              77.16,
              28.5375
            ],
            [
              77.14999999999999,
              28.5375
            ],
            [
              77.14999999999999,
              28.53
            ]
          ]
        ]
      }
    },
    {
      "type": "Feature",
      "properties": {
        "name": "Cell R04 C06",
        "code": "delh_004_006",
        "city": "Delhi"
      },
      "geometry": {
        "type": "Polygon",
        "coordinates": [
          [
            [
              77.16,
              28.53
            ],
            [
              77.17,
              28.53
            ],
            [
              77.17,
              28.5375
            ],
            [
              77.16,
              28.5375
            ],
            [
              77.16,
              28.53
            ]
          ]
        ]
      }
    },
    {
      "type": "Feature",
      "properties": {
        "name": "Cell R04 C07",
        "code": "delh_004_007",
        "city": "Delhi"
      },
      "geometry": {
        "type": "Polygon",
        "coordinates": [
          [
            [
              77.17,
              28.53
            ],
            [
              77.18,
              28.53
            ],
            [
              77.18,
              28.5375
            ],
            [
              77.17,
              28.5375
            ],
            [
              77.17,
              28.53
            ]
          ]
        ]
      }
    },
    {
      "type": "Feature",
      "properties": {
        "name": "Cell R04 C08",
        "code": "delh_004_008",
        "city": "Delhi"
      },
      "geometry": {
        "type": "Polygon",
        "coordinates": [
          [
            [
              77.17999999999999,
              28.53
            ],
            [
              77.19,
              28.53
            ],
            [
              77.19,
              28.5375
            ],
            [
              77.17999999999999,
              28.5375
            ],
            [
              77.17999999999999,
              28.53
            ]
          ]
        ]
      }
    },
    {
      "type": "Feature",
      "properties": {
        "name": "Cell R04 C09",
        "code": "delh_004_009",
        "city": "Delhi"
      },
      "geometry": {
        "type": "Polygon",
        "coordinates": [
          [
            [
              77.19,
              28.53
            ],
            [
              77.2,
              28.53
            ],
            [
              77.2,
              28.5375
            ],
            [
              77.19,
              28.5375
            ],
            [
              77.19,
              28.53
            ]
          ]
        ]
      }
    },
    {
      "type": "Feature",
      "properties": {
        "name": "Cell R04 C10",
        "code": "delh_004_010",
        "city": "Delhi"
      },
      "geometry": {
        "type": "Polygon",
        "coordinates": [
          [
            [
              77.19999999999999,
              28.53
            ],
            [
              77.21,
              28.53
            ],
            [
              77.21,
              28.5375
            ],
            [
              77.19999999999999,
              28.5375
            ],
            [
              77.19999999999999,
              28.53
            ]
          ]
        ]
      }
    },
    {
      "type": "Feature",
      "properties": {
        "name": "Cell R04 C11",
        "code": "delh_004_011",
        "city": "Delhi"
      },
      "geometry": {
        "type": "Polygon",
        "coordinates": [
          [
            [
              77.21,
              28.53
            ],
            [
              77.22,
              28.53
            ],
            [
              77.22,
              28.5375
            ],
            [
              77.21,
              28.5375
            ],
            [
              77.21,
              28.53
            ]
          ]
        ]
      }
    },
    {
      "type": "Feature",
      "properties": {
        "name": "Cell R04 C12",
        "code": "delh_004_012",
        "city": "Delhi"
      },
      "geometry": {
        "type": "Polygon",
        "coordinates": [
          [
            [
              77.22,
              28.53
            ],
            [
              77.23,
              28.53
            ],
            [
              77.23,
              28.5375
            ],
            [
              77.22,
              28.5375
            ],
            [
              77.22,
              28.53
            ]
          ]
        ]
      }
    },
    {
      "type": "Feature",
      "properties": {
        "name": "Cell R04 C13",
        "code": "delh_004_013",
        "city": "Delhi"
      },
      "geometry": {
        "type": "Polygon",
        "coordinates": [
          [
            [
              77.22999999999999,
              28.53
            ],
            [
              77.24,
              28.53
            ],
            [
              77.24,
              28.5375
            ],
            [
              77.22999999999999,
              28.5375
            ],
            [
              77.22999999999999,
              28.53
            ]
          ]
        ]
      }
    },
    {
      "type": "Feature",
      "properties": {
        "name": "Cell R04 C14",
        "code": "delh_004_014",
        "city": "Delhi"
      },
      "geometry": {
        "type": "Polygon",
        "coordinates": [
          [
            [
              77.24,
              28.53
            ],
            [
              77.25,
              28.53
            ],
            [
              77.25,
              28.5375
            ],
            [
              77.24,
              28.5375
            ],
            [
              77.24,
              28.53
            ]
          ]
        ]
      }
    },
    {
      "type": "Feature",
      "properties": {
        "name": "Cell R04 C15",
        "code": "delh_004_015",
        "city": "Delhi"
      },
      "geometry": {
        "type": "Polygon",
        "coordinates": [
          [
            [
              77.25,
              28.53
            ],
            [
              77.26,
              28.53
            ],
            [
              77.26,
              28.5375
            ],
            [
              77.25,
              28.5375
            ],
            [
              77.25,
              28.53
            ]
          ]
        ]
      }
    },
    {
      "type": "Feature",
      "properties": {
        "name": "Cell R04 C16",
        "code": "delh_004_016",
        "city": "Delhi"
      },
      "geometry": {
        "type": "Polygon",
        "coordinates": [
          [
            [
              77.25999999999999,
              28.53
            ],
            [
              77.27,
              28.53
            ],
            [
              77.27,
              28.5375
            ],
            [
              77.25999999999999,
              28.5375
            ],
            [
              77.25999999999999,
              28.53
            ]
          ]
        ]
      }
    },
    {
      "type": "Feature",
      "properties": {
        "name": "Cell R04 C17",
        "code": "delh_004_017",
        "city": "Delhi"
      },
      "geometry": {
        "type": "Polygon",
        "coordinates": [
          [
            [
              77.27,
              28.53
            ],
            [
              77.28,
              28.53
            ],
            [
              77.28,
              28.5375
            ],
            [
              77.27,
              28.5375
            ],
            [
              77.27,
              28.53
            ]
          ]
        ]
      }
    },
    {
      "type": "Feature",
      "properties": {
        "name": "Cell R04 C18",
        "code": "delh_004_018",
        "city": "Delhi"
      },
      "geometry": {
        "type": "Polygon",
        "coordinates": [
          [
            [
              77.28,
              28.53
            ],
            [
              77.29,
              28.53
            ],
            [
              77.29,
              28.5375
            ],
            [
              77.28,
              28.5375
            ],
            [
              77.28,
              28.53
            ]
          ]
        ]
      }
    },
    {
      "type": "Feature",
      "properties": {
        "name": "Cell R04 C19",
        "code": "delh_004_019",
        "city": "Delhi"
      },
      "geometry": {
        "type": "Polygon",
        "coordinates": [
          [
            [
              77.28999999999999,
              28.53
            ],
            [
              77.3,
              28.53
            ],
            [
              77.3,
              28.5375
            ],
            [
              77.28999999999999,
              28.5375
            ],
            [
              77.28999999999999,
              28.53
            ]
          ]
        ]
      }
    },
    {
      "type": "Feature",
      "properties": {
        "name": "Cell R05 C00",
        "code": "delh_005_000",
        "city": "Delhi"
      },
      "geometry": {
        "type": "Polygon",
        "coordinates": [
          [
            [
              77.1,
              28.5375
            ],
            [
              77.11,
              28.5375
            ],
            [
              77.11,
              28.545
            ],
            [
              77.1,
              28.545
            ],
            [
              77.1,
              28.5375
            ]
          ]
        ]
      }
    },
    {
      "type": "Feature",
      "properties": {
        "name": "Cell R05 C01",
        "code": "delh_005_001",
        "city": "Delhi"
      },
      "geometry": {
        "type": "Polygon",
        "coordinates": [
          [
            [
              77.11,
              28.5375
            ],
            [
              77.12,
              28.5375
            ],
            [
              77.12,
              28.545
            ],
            [
              77.11,
              28.545
            ],
            [
              77.11,
              28.5375
            ]
          ]
        ]
      }
    },
    {
      "type": "Feature",
      "properties": {
        "name": "Cell R05 C02",
        "code": "delh_005_002",
        "city": "Delhi"
      },
      "geometry": {
        "type": "Polygon",
        "coordinates": [
          [
            [
              77.11999999999999,
              28.5375
            ],
            [
              77.13,
              28.5375
            ],
            [
              77.13,
              28.545
            ],
            [
              77.11999999999999,
              28.545
            ],
            [
              77.11999999999999,
              28.5375
            ]
          ]
        ]
      }
    },
    {
      "type": "Feature",
      "properties": {
        "name": "Cell R05 C03",
        "code": "delh_005_003",
        "city": "Delhi"
      },
      "geometry": {
        "type": "Polygon",
        "coordinates": [
          [
            [
              77.13,
              28.5375
            ],
            [
              77.14,
              28.5375
            ],
            [
              77.14,
              28.545
            ],
            [
              77.13,
              28.545
            ],
            [
              77.13,
              28.5375
            ]
          ]
        ]
      }
    },
    {
      "type": "Feature",
      "properties": {
        "name": "Cell R05 C04",
        "code": "delh_005_004",
        "city": "Delhi"
      },
      "geometry": {
        "type": "Polygon",
        "coordinates": [
          [
            [
              77.14,
              28.5375
            ],
            [
              77.15,
              28.5375
            ],
            [
              77.15,
              28.545
            ],
            [
              77.14,
              28.545
            ],
            [
              77.14,
              28.5375
            ]
          ]
        ]
      }
    },
    {
      "type": "Feature",
      "properties": {
        "name": "Cell R05 C05",
        "code": "delh_005_005",
        "city": "Delhi"
      },
      "geometry": {
        "type": "Polygon",
        "coordinates": [
          [
            [
              77.14999999999999,
              28.5375
            ],
            [
              77.16,
              28.5375
            ],
            [
              77.16,
              28.545
            ],
            [
              77.14999999999999,
              28.545
            ],
            [
              77.14999999999999,
              28.5375
            ]
          ]
        ]
      }
    },
    {
      "type": "Feature",
      "properties": {
        "name": "Cell R05 C06",
        "code": "delh_005_006",
        "city": "Delhi"
      },
      "geometry": {
        "type": "Polygon",
        "coordinates": [
          [
            [
              77.16,
              28.5375
            ],
            [
              77.17,
              28.5375
            ],
            [
              77.17,
              28.545
            ],
            [
              77.16,
              28.545
            ],
            [
              77.16,
              28.5375
            ]
          ]
        ]
      }
    },
    {
      "type": "Feature",
      "properties": {
        "name": "Cell R05 C07",
        "code": "delh_005_007",
        "city": "Delhi"
      },
      "geometry": {
        "type": "Polygon",
        "coordinates": [
          [
            [
              77.17,
              28.5375
            ],
            [
              77.18,
              28.5375
            ],
            [
              77.18,
              28.545
            ],
            [
              77.17,
              28.545
            ],
            [
              77.17,
              28.5375
            ]
          ]
        ]
      }
    },
    {
      "type": "Feature",
      "properties": {
        "name": "Cell R05 C08",
        "code": "delh_005_008",
        "city": "Delhi"
      },
      "geometry": {
        "type": "Polygon",
        "coordinates": [
          [
            [
              77.17999999999999,
              28.5375
            ],
            [
              77.19,
              28.5375
            ],
            [
              77.19,
              28.545
            ],
            [
              77.17999999999999,
              28.545
            ],
            [
              77.17999999999999,
              28.5375
            ]
          ]
        ]
      }
    },
    {
      "type": "Feature",
      "properties": {
        "name": "Cell R05 C09",
        "code": "delh_005_009",
        "city": "Delhi"
      },
      "geometry": {
        "type": "Polygon",
        "coordinates": [
          [
            [
              77.19,
              28.5375
            ],
            [
              77.2,
              28.5375
            ],
            [
              77.2,
              28.545
            ],
            [
              77.19,
              28.545
            ],
            [
              77.19,
              28.5375
            ]
          ]
        ]
      }
    },
    {
      "type": "Feature",
      "properties": {
        "name": "Cell R05 C10",
        "code": "delh_005_010",
        "city": "Delhi"
      },
      "geometry": {
        "type": "Polygon",
        "coordinates": [
          [
            [
              77.19999999999999,
              28.5375
            ],
            [
              77.21,
              28.5375
            ],
            [
              77.21,
              28.545
            ],
            [
              77.19999999999999,
              28.545
            ],
            [
              77.19999999999999,
              28.5375
            ]
          ]
        ]
      }
    },
    {
      "type": "Feature",
      "properties": {
        "name": "Cell R05 C11",
        "code": "delh_005_011",
        "city": "Delhi"
      },
      "geometry": {
        "type": "Polygon",
        "coordinates": [
          [
            [
              77.21,
              28.5375
            ],
            [
              77.22,
              28.5375
            ],
            [
              77.22,
              28.545
            ],
            [
              77.21,
              28.545
            ],
            [
              77.21,
              28.5375
            ]
          ]
        ]
      }
    },
    {
      "type": "Feature",
      "properties": {
        "name": "Cell R05 C12",
        "code": "delh_005_012",
        "city": "Delhi"
      },
      "geometry": {
        "type": "Polygon",
        "coordinates": [
          [
            [
              77.22,
              28.5375
            ],
            [
              77.23,
              28.5375
            ],
            [
              77.23,
              28.545
            ],
            [
              77.22,
              28.545
            ],
            [
              77.22,
              28.5375
            ]
          ]
        ]
      }
    },
    {
      "type": "Feature",
      "properties": {
        "name": "Cell R05 C13",
        "code": "delh_005_013",
        "city": "Delhi"
      },
      "geometry": {
        "type": "Polygon",
        "coordinates": [
          [
            [
              77.22999999999999,
              28.5375
            ],
            [
              77.24,
              28.5375
            ],
            [
              77.24,
              28.545
            ],
            [
              77.22999999999999,
              28.545
            ],
            [
              77.22999999999999,
              28.5375
            ]
          ]
        ]
      }
    },
    {
      "type": "Feature",
      "properties": {
        "name": "Cell R05 C14",
        "code": "delh_005_014",
        "city": "Delhi"
      },
      "geometry": {
        "type": "Polygon",
        "coordinates": [
          [
            [
              77.24,
              28.5375
            ],
            [
              77.25,
              28.5375
            ],
            [
              77.25,
              28.545
            ],
            [
              77.24,
              28.545
            ],
            [
              77.24,
              28.5375
            ]
          ]
        ]
      }
    },
    {
      "type": "Feature",
      "properties": {
        "name": "Cell R05 C15",
        "code": "delh_005_015",
        "city": "Delhi"
      },
      "geometry": {
        "type": "Polygon",
        "coordinates": [
          [
            [
              77.25,
              28.5375
            ],
            [
              77.26,
              28.5375
            ],
            [
              77.26,
              28.545
            ],
            [
              77.25,
              28.545
            ],
            [
              77.25,
              28.5375
            ]
          ]
        ]
      }
    },
    {
      "type": "Feature",
      "properties": {
        "name": "Cell R05 C16",
        "code": "delh_005_016",
        "city": "Delhi"
      },
      "geometry": {
        "type": "Polygon",
        "coordinates": [
          [
            [
              77.25999999999999,
              28.5375
            ],
            [
              77.27,
              28.5375
            ],
            [
              77.27,
              28.545
            ],
            [
              77.25999999999999,
              28.545
            ],
            [
              77.25999999999999,
              28.5375
            ]
          ]
        ]
      }
    },
    {
      "type": "Feature",
      "properties": {
        "name": "Cell R05 C17",
        "code": "delh_005_017",
        "city": "Delhi"
      },
      "geometry": {
        "type": "Polygon",
        "coordinates": [
          [
            [
              77.27,
              28.5375
            ],
            [
              77.28,
              28.5375
            ],
            [
              77.28,
              28.545
            ],
            [
              77.27,
              28.545
            ],
            [
              77.27,
              28.5375
            ]
          ]
        ]
      }
    },
    {
      "type": "Feature",
      "properties": {
        "name": "Cell R05 C18",
        "code": "delh_005_018",
        "city": "Delhi"
      },
      "geometry": {
        "type": "Polygon",
        "coordinates": [
          [
            [
              77.28,
              28.5375
            ],
            [
              77.29,
              28.5375
            ],
            [
              77.29,
              28.545
            ],
            [
              77.28,
              28.545
            ],
            [
              77.28,
              28.5375
            ]
          ]
        ]
      }
    },
    {
      "type": "Feature",
      "properties": {
        "name": "Cell R05 C19",
        "code": "delh_005_019",
        "city": "Delhi"
      },
      "geometry": {
        "type": "Polygon",
        "coordinates": [
          [
            [
              77.28999999999999,
              28.5375
            ],
            [
              77.3,
              28.5375
            ],
            [
              77.3,
              28.545
            ],
            [
              77.28999999999999,
              28.545
            ],
            [
              77.28999999999999,
              28.5375
            ]
          ]
        ]
      }
    },
    {
      "type": "Feature",
      "properties": {
        "name": "Cell R06 C00",
        "code": "delh_006_000",
        "city": "Delhi"
      },
      "geometry": {
        "type": "Polygon",
        "coordinates": [
          [
            [
              77.1,
              28.544999999999998
            ],
            [
              77.11,
              28.544999999999998
            ],
            [
              77.11,
              28.5525
            ],
            [
              77.1,
              28.5525
            ],
            [
              77.1,
              28.544999999999998
            ]
          ]
        ]
      }
    },
    {
      "type": "Feature",
      "properties": {
        "name": "Cell R06 C01",
        "code": "delh_006_001",
        "city": "Delhi"
      },
      "geometry": {
        "type": "Polygon",
        "coordinates": [
          [
            [
              77.11,
              28.544999999999998
            ],
            [
              77.12,
              28.544999999999998
            ],
            [
              77.12,
              28.5525
            ],
            [
              77.11,
              28.5525
            ],
            [
              77.11,
              28.544999999999998
            ]
          ]
        ]
      }
    },
    {
      "type": "Feature",
      "properties": {
        "name": "Cell R06 C02",
        "code": "delh_006_002",
        "city": "Delhi"
      },
      "geometry": {
        "type": "Polygon",
        "coordinates": [
          [
            [
              77.11999999999999,
              28.544999999999998
            ],
            [
              77.13,
              28.544999999999998
            ],
            [
              77.13,
              28.5525
            ],
            [
              77.11999999999999,
              28.5525
            ],
            [
              77.11999999999999,
              28.544999999999998
            ]
          ]
        ]
      }
    },
    {
      "type": "Feature",
      "properties": {
        "name": "Cell R06 C03",
        "code": "delh_006_003",
        "city": "Delhi"
      },
      "geometry": {
        "type": "Polygon",
        "coordinates": [
          [
            [
              77.13,
              28.544999999999998
            ],
            [
              77.14,
              28.544999999999998
            ],
            [
              77.14,
              28.5525
            ],
            [
              77.13,
              28.5525
            ],
            [
              77.13,
              28.544999999999998
            ]
          ]
        ]
      }
    },
    {
      "type": "Feature",
      "properties": {
        "name": "Cell R06 C04",
        "code": "delh_006_004",
        "city": "Delhi"
      },
      "geometry": {
        "type": "Polygon",
        "coordinates": [
          [
            [
              77.14,
              28.544999999999998
            ],
            [
              77.15,
              28.544999999999998
            ],
            [
              77.15,
              28.5525
            ],
            [
              77.14,
              28.5525
            ],
            [
              77.14,
              28.544999999999998
            ]
          ]
        ]
      }
    },
    {
      "type": "Feature",
      "properties": {
        "name": "Cell R06 C05",
        "code": "delh_006_005",
        "city": "Delhi"
      },
      "geometry": {
        "type": "Polygon",
        "coordinates": [
          [
            [
              77.14999999999999,
              28.544999999999998
            ],
            [
              77.16,
              28.544999999999998
            ],
            [
              77.16,
              28.5525
            ],
            [
              77.14999999999999,
              28.5525
            ],
            [
              77.14999999999999,
              28.544999999999998
            ]
          ]
        ]
      }
    },
    {
      "type": "Feature",
      "properties": {
        "name": "Cell R06 C06",
        "code": "delh_006_006",
        "city": "Delhi"
      },
      "geometry": {
        "type": "Polygon",
        "coordinates": [
          [
            [
              77.16,
              28.544999999999998
            ],
            [
              77.17,
              28.544999999999998
            ],
            [
              77.17,
              28.5525
            ],
            [
              77.16,
              28.5525
            ],
            [
              77.16,
              28.544999999999998
            ]
          ]
        ]
      }
    },
    {
      "type": "Feature",
      "properties": {
        "name": "Cell R06 C07",
        "code": "delh_006_007",
        "city": "Delhi"
      },
      "geometry": {
        "type": "Polygon",
        "coordinates": [
          [
            [
              77.17,
              28.544999999999998
            ],
            [
              77.18,
              28.544999999999998
            ],
            [
              77.18,
              28.5525
            ],
            [
              77.17,
              28.5525
            ],
            [
              77.17,
              28.544999999999998
            ]
          ]
        ]
      }
    },
    {
      "type": "Feature",
      "properties": {
        "name": "Cell R06 C08",
        "code": "delh_006_008",
        "city": "Delhi"
      },
      "geometry": {
        "type": "Polygon",
        "coordinates": [
          [
            [
              77.17999999999999,
              28.544999999999998
            ],
            [
              77.19,
              28.544999999999998
            ],
            [
              77.19,
              28.5525
            ],
            [
              77.17999999999999,
              28.5525
            ],
            [
              77.17999999999999,
              28.544999999999998
            ]
          ]
        ]
      }
    },
    {
      "type": "Feature",
      "properties": {
        "name": "Cell R06 C09",
        "code": "delh_006_009",
        "city": "Delhi"
      },
      "geometry": {
        "type": "Polygon",
        "coordinates": [
          [
            [
              77.19,
              28.544999999999998
            ],
            [
              77.2,
              28.544999999999998
            ],
            [
              77.2,
              28.5525
            ],
            [
              77.19,
              28.5525
            ],
            [
              77.19,
              28.544999999999998
            ]
          ]
        ]
      }
    },
    {
      "type": "Feature",
      "properties": {
        "name": "Cell R06 C10",
        "code": "delh_006_010",
        "city": "Delhi"
      },
      "geometry": {
        "type": "Polygon",
        "coordinates": [
          [
            [
              77.19999999999999,
              28.544999999999998
            ],
            [
              77.21,
              28.544999999999998
            ],
            [
              77.21,
              28.5525
            ],
            [
              77.19999999999999,
              28.5525
            ],
            [
              77.19999999999999,
              28.544999999999998
            ]
          ]
        ]
      }
    },
    {
      "type": "Feature",
      "properties": {
        "name": "Cell R06 C11",
        "code": "delh_006_011",
        "city": "Delhi"
      },
      "geometry": {
        "type": "Polygon",
        "coordinates": [
          [
            [
              77.21,
              28.544999999999998
            ],
            [
              77.22,
              28.544999999999998
            ],
            [
              77.22,
              28.5525
            ],
            [
              77.21,
              28.5525
            ],
            [
              77.21,
              28.544999999999998
            ]
          ]
        ]
      }
    },
    {
      "type": "Feature",
      "properties": {
        "name": "Cell R06 C12",
        "code": "delh_006_012",
        "city": "Delhi"
      },
      "geometry": {
        "type": "Polygon",
        "coordinates": [
          [
            [
              77.22,
              28.544999999999998
            ],
            [
              77.23,
              28.544999999999998
            ],
            [
              77.23,
              28.5525
            ],
            [
              77.22,
              28.5525
            ],
            [
              77.22,
              28.544999999999998
            ]
          ]
        ]
      }
    },
    {
      "type": "Feature",
      "properties": {
        "name": "Cell R06 C13",
        "code": "delh_006_013",
        "city": "Delhi"
      },
      "geometry": {
        "type": "Polygon",
        "coordinates": [
          [
            [
              77.22999999999999,
              28.544999999999998
            ],
            [
              77.24,
              28.544999999999998
            ],
            [
              77.24,
              28.5525
            ],
            [
              77.22999999999999,
              28.5525
            ],
            [
              77.22999999999999,
              28.544999999999998
            ]
          ]
        ]
      }
    },
    {
      "type": "Feature",
      "properties": {
        "name": "Cell R06 C14",
        "code": "delh_006_014",
        "city": "Delhi"
      },
      "geometry": {
        "type": "Polygon",
        "coordinates": [
          [
            [
              77.24,
              28.544999999999998
            ],
            [
              77.25,
              28.544999999999998
            ],
            [
              77.25,
              28.5525
            ],
            [
              77.24,
              28.5525
            ],
            [
              77.24,
              28.544999999999998
            ]
          ]
        ]
      }
    },
    {
      "type": "Feature",
      "properties": {
        "name": "Cell R06 C15",
        "code": "delh_006_015",
        "city": "Delhi"
      },
      "geometry": {
        "type": "Polygon",
        "coordinates": [
          [
            [
              77.25,
              28.544999999999998
            ],
            [
              77.26,
              28.544999999999998
            ],
            [
              77.26,
              28.5525
            ],
            [
              77.25,
              28.5525
            ],
            [
              77.25,
              28.544999999999998
            ]
          ]
        ]
      }
    },
    {
      "type": "Feature",
      "properties": {
        "name": "Cell R06 C16",
        "code": "delh_006_016",
        "city": "Delhi"
      },
      "geometry": {
        "type": "Polygon",
        "coordinates": [
          [
            [
              77.25999999999999,
              28.544999999999998
            ],
            [
              77.27,
              28.544999999999998
            ],
            [
              77.27,
              28.5525
            ],
            [
              77.25999999999999,
              28.5525
            ],
            [
              77.25999999999999,
              28.544999999999998
            ]
          ]
        ]
      }
    },
    {
      "type": "Feature",
      "properties": {
        "name": "Cell R06 C17",
        "code": "delh_006_017",
        "city": "Delhi"
      },
      "geometry": {
        "type": "Polygon",
        "coordinates": [
          [
            [
              77.27,
              28.544999999999998
            ],
            [
              77.28,
              28.544999999999998
            ],
            [
              77.28,
              28.5525
            ],
            [
              77.27,
              28.5525
            ],
            [
              77.27,
              28.544999999999998
            ]
          ]
        ]
      }
    },
    {
      "type": "Feature",
      "properties": {
        "name": "Cell R06 C18",
        "code": "delh_006_018",
        "city": "Delhi"
      },
      "geometry": {
        "type": "Polygon",
        "coordinates": [
          [
            [
              77.28,
              28.544999999999998
            ],
            [
              77.29,
              28.544999999999998
            ],
            [
              77.29,
              28.5525
            ],
            [
              77.28,
              28.5525
            ],
            [
              77.28,
              28.544999999999998
            ]
          ]
        ]
      }
    },
    {
      "type": "Feature",
      "properties": {
        "name": "Cell R06 C19",
        "code": "delh_006_019",
        "city": "Delhi"
      },
      "geometry": {
        "type": "Polygon",
        "coordinates": [
          [
            [
              77.28999999999999,
              28.544999999999998
            ],
            [
              77.3,
              28.544999999999998
            ],
            [
              77.3,
              28.5525
            ],
            [
              77.28999999999999,
              28.5525
            ],
            [
              77.28999999999999,
              28.544999999999998
            ]
          ]
        ]
      }
    },
    {
      "type": "Feature",
      "properties": {
        "name": "Cell R07 C00",
        "code": "delh_007_000",
        "city": "Delhi"
      },
      "geometry": {
        "type": "Polygon",
        "coordinates": [
          [
            [
              77.1,
              28.5525
            ],
            [
              77.11,
              28.5525
            ],
            [
              77.11,
              28.56
            ],
            [
              77.1,
              28.56
            ],
            [
              77.1,
              28.5525
            ]
          ]
        ]
      }
    },
    {
      "type": "Feature",
      "properties": {
        "name": "Cell R07 C01",
        "code": "delh_007_001",
        "city": "Delhi"
      },
      "geometry": {
        "type": "Polygon",
        "coordinates": [
          [
            [
              77.11,
              28.5525
            ],
            [
              77.12,
              28.5525
            ],
            [
              77.12,
              28.56
            ],
            [
              77.11,
              28.56
            ],
            [
              77.11,
              28.5525
            ]
          ]
        ]
      }
    },
    {
      "type": "Feature",
      "properties": {
        "name": "Cell R07 C02",
        "code": "delh_007_002",
        "city": "Delhi"
      },
      "geometry": {
        "type": "Polygon",
        "coordinates": [
          [
            [
              77.11999999999999,
              28.5525
            ],
            [
              77.13,
              28.5525
            ],
            [
              77.13,
              28.56
            ],
            [
              77.11999999999999,
              28.56
            ],
            [
              77.11999999999999,
              28.5525
            ]
          ]
        ]
      }
    },
    {
      "type": "Feature",
      "properties": {
        "name": "Cell R07 C03",
        "code": "delh_007_003",
        "city": "Delhi"
      },
      "geometry": {
        "type": "Polygon",
        "coordinates": [
          [
            [
              77.13,
              28.5525
            ],
            [
              77.14,
              28.5525
            ],
            [
              77.14,
              28.56
            ],
            [
              77.13,
              28.56
            ],
            [
              77.13,
              28.5525
            ]
          ]
        ]
      }
    },
    {
      "type": "Feature",
      "properties": {
        "name": "Cell R07 C04",
        "code": "delh_007_004",
        "city": "Delhi"
      },
      "geometry": {
        "type": "Polygon",
        "coordinates": [
          [
            [
              77.14,
              28.5525
            ],
            [
              77.15,
              28.5525
            ],
            [
              77.15,
              28.56
            ],
            [
              77.14,
              28.56
            ],
            [
              77.14,
              28.5525
            ]
          ]
        ]
      }
    },
    {
      "type": "Feature",
      "properties": {
        "name": "Cell R07 C05",
        "code": "delh_007_005",
        "city": "Delhi"
      },
      "geometry": {
        "type": "Polygon",
        "coordinates": [
          [
            [
              77.14999999999999,
              28.5525
            ],
            [
              77.16,
              28.5525
            ],
            [
              77.16,
              28.56
            ],
            [
              77.14999999999999,
              28.56
            ],
            [
              77.14999999999999,
              28.5525
            ]
          ]
        ]
      }
    },
    {
      "type": "Feature",
      "properties": {
        "name": "Cell R07 C06",
        "code": "delh_007_006",
        "city": "Delhi"
      },
      "geometry": {
        "type": "Polygon",
        "coordinates": [
          [
            [
              77.16,
              28.5525
            ],
            [
              77.17,
              28.5525
            ],
            [
              77.17,
              28.56
            ],
            [
              77.16,
              28.56
            ],
            [
              77.16,
              28.5525
            ]
          ]
        ]
      }
    },
    {
      "type": "Feature",
      "properties": {
        "name": "Cell R07 C07",
        "code": "delh_007_007",
        "city": "Delhi"
      },
      "geometry": {
        "type": "Polygon",
        "coordinates": [
          [
            [
              77.17,
              28.5525
            ],
            [
              77.18,
              28.5525
            ],
            [
              77.18,
              28.56
            ],
            [
              77.17,
              28.56
            ],
            [
              77.17,
              28.5525
            ]
          ]
        ]
      }
    },
    {
      "type": "Feature",
      "properties": {
        "name": "Cell R07 C08",
        "code": "delh_007_008",
        "city": "Delhi"
      },
      "geometry": {
        "type": "Polygon",
        "coordinates": [
          [
            [
              77.17999999999999,
              28.5525
            ],
            [
              77.19,
              28.5525
            ],
            [
              77.19,
              28.56
            ],
            [
              77.17999999999999,
              28.56
            ],
            [
              77.17999999999999,
              28.5525
            ]
          ]
        ]
      }
    },
    {
      "type": "Feature",
      "properties": {
        "name": "Cell R07 C09",
        "code": "delh_007_009",
        "city": "Delhi"
      },
      "geometry": {
        "type": "Polygon",
        "coordinates": [
          [
            [
              77.19,
              28.5525
            ],
            [
              77.2,
              28.5525
            ],
            [
              77.2,
              28.56
            ],
            [
              77.19,
              28.56
            ],
            [
              77.19,
              28.5525
            ]
          ]
        ]
      }
    },
    {
      "type": "Feature",
      "properties": {
        "name": "Cell R07 C10",
        "code": "delh_007_010",
        "city": "Delhi"
      },
      "geometry": {
        "type": "Polygon",
        "coordinates": [
          [
            [
              77.19999999999999,
              28.5525
            ],
            [
              77.21,
              28.5525
            ],
            [
              77.21,
              28.56
            ],
            [
              77.19999999999999,
              28.56
            ],
            [
              77.19999999999999,
              28.5525
            ]
          ]
        ]
      }
    },
    {
      "type": "Feature",
      "properties": {
        "name": "Cell R07 C11",
        "code": "delh_007_011",
        "city": "Delhi"
      },
      "geometry": {
        "type": "Polygon",
        "coordinates": [
          [
            [
              77.21,
              28.5525
            ],
            [
              77.22,
              28.5525
            ],
            [
              77.22,
              28.56
            ],
            [
              77.21,
              28.56
            ],
            [
              77.21,
              28.5525
            ]
          ]
        ]
      }
    },
    {
      "type": "Feature",
      "properties": {
        "name": "Cell R07 C12",
        "code": "delh_007_012",
        "city": "Delhi"
      },
      "geometry": {
        "type": "Polygon",
        "coordinates": [
          [
            [
              77.22,
              28.5525
            ],
            [
              77.23,
              28.5525
            ],
            [
              77.23,
              28.56
            ],
            [
              77.22,
              28.56
            ],
            [
              77.22,
              28.5525
            ]
          ]
        ]
      }
    },
    {
      "type": "Feature",
      "properties": {
        "name": "Cell R07 C13",
        "code": "delh_007_013",
        "city": "Delhi"
      },
      "geometry": {
        "type": "Polygon",
        "coordinates": [
          [
            [
              77.22999999999999,
              28.5525
            ],
            [
              77.24,
              28.5525
            ],
            [
              77.24,
              28.56
            ],
            [
              77.22999999999999,
              28.56
            ],
            [
              77.22999999999999,
              28.5525
            ]
          ]
        ]
      }
    },
    {
      "type": "Feature",
      "properties": {
        "name": "Cell R07 C14",
        "code": "delh_007_014",
        "city": "Delhi"
      },
      "geometry": {
        "type": "Polygon",
        "coordinates": [
          [
            [
              77.24,
              28.5525
            ],
            [
              77.25,
              28.5525
            ],
            [
              77.25,
              28.56
            ],
            [
              77.24,
              28.56
            ],
            [
              77.24,
              28.5525
            ]
          ]
        ]
      }
    },
    {
      "type": "Feature",
      "properties": {
        "name": "Cell R07 C15",
        "code": "delh_007_015",
        "city": "Delhi"
      },
      "geometry": {
        "type": "Polygon",
        "coordinates": [
          [
            [
              77.25,
              28.5525
            ],
            [
              77.26,
              28.5525
            ],
            [
              77.26,
              28.56
            ],
            [
              77.25,
              28.56
            ],
            [
              77.25,
              28.5525
            ]
          ]
        ]
      }
    },
    {
      "type": "Feature",
      "properties": {
        "name": "Cell R07 C16",
        "code": "delh_007_016",
        "city": "Delhi"
      },
      "geometry": {
        "type": "Polygon",
        "coordinates": [
          [
            [
              77.25999999999999,
              28.5525
            ],
            [
              77.27,
              28.5525
            ],
            [
              77.27,
              28.56
            ],
            [
              77.25999999999999,
              28.56
            ],
            [
              77.25999999999999,
              28.5525
            ]
          ]
        ]
      }
    },
    {
      "type": "Feature",
      "properties": {
        "name": "Cell R07 C17",
        "code": "delh_007_017",
        "city": "Delhi"
      },
      "geometry": {
        "type": "Polygon",
        "coordinates": [
          [
            [
              77.27,
              28.5525
            ],
            [
              77.28,
              28.5525
            ],
            [
              77.28,
              28.56
            ],
            [
              77.27,
              28.56
            ],
            [
              77.27,
              28.5525
            ]
          ]
        ]
      }
    },
    {
      "type": "Feature",
      "properties": {
        "name": "Cell R07 C18",
        "code": "delh_007_018",
        "city": "Delhi"
      },
      "geometry": {
        "type": "Polygon",
        "coordinates": [
          [
            [
              77.28,
              28.5525
            ],
            [
              77.29,
              28.5525
            ],
            [
              77.29,
              28.56
            ],
            [
              77.28,
              28.56
            ],
            [
              77.28,
              28.5525
            ]
          ]
        ]
      }
    },
    {
      "type": "Feature",
      "properties": {
        "name": "Cell R07 C19",
        "code": "delh_007_019",
        "city": "Delhi"
      },
      "geometry": {
        "type": "Polygon",
        "coordinates": [
          [
            [
              77.28999999999999,
              28.5525
            ],
            [
              77.3,
              28.5525
            ],
            [
              77.3,
              28.56
            ],
            [
              77.28999999999999,
              28.56
            ],
            [
              77.28999999999999,
              28.5525
            ]
          ]
        ]
      }
    },
    {
      "type": "Feature",
      "properties": {
        "name": "Cell R08 C00",
        "code": "delh_008_000",
        "city": "Delhi"
      },
      "geometry": {
        "type": "Polygon",
        "coordinates": [
          [
            [
              77.1,
              28.56
            ],
            [
              77.11,
              28.56
            ],
            [
              77.11,
              28.5675
            ],
            [
              77.1,
              28.5675
            ],
            [
              77.1,
              28.56
            ]
          ]
        ]
      }
    },
    {
      "type": "Feature",
      "properties": {
        "name": "Cell R08 C01",
        "code": "delh_008_001",
        "city": "Delhi"
      },
      "geometry": {
        "type": "Polygon",
        "coordinates": [
          [
            [
              77.11,
              28.56
            ],
            [
              77.12,
              28.56
            ],
            [
              77.12,
              28.5675
            ],
            [
              77.11,
              28.5675
            ],
            [
              77.11,
              28.56
            ]
          ]
        ]
      }
    },
    {
      "type": "Feature",
      "properties": {
        "name": "Cell R08 C02",
        "code": "delh_008_002",
        "city": "Delhi"
      },
      "geometry": {
        "type": "Polygon",
        "coordinates": [
          [
            [
              77.11999999999999,
              28.56
            ],
            [
              77.13,
              28.56
            ],
            [
              77.13,
              28.5675
            ],
            [
              77.11999999999999,
              28.5675
            ],
            [
              77.11999999999999,
              28.56
            ]
          ]
        ]
      }
    },
    {
      "type": "Feature",
      "properties": {
        "name": "Cell R08 C03",
        "code": "delh_008_003",
        "city": "Delhi"
      },
      "geometry": {
        "type": "Polygon",
        "coordinates": [
          [
            [
              77.13,
              28.56
            ],
            [
              77.14,
              28.56
            ],
            [
              77.14,
              28.5675
            ],
            [
              77.13,
              28.5675
            ],
            [
              77.13,
              28.56
            ]
          ]
        ]
      }
    },
    {
      "type": "Feature",
      "properties": {
        "name": "Cell R08 C04",
        "code": "delh_008_004",
        "city": "Delhi"
      },
      "geometry": {
        "type": "Polygon",
        "coordinates": [
          [
            [
              77.14,
              28.56
            ],
            [
              77.15,
              28.56
            ],
            [
              77.15,
              28.5675
            ],
            [
              77.14,
              28.5675
            ],
            [
              77.14,
              28.56
            ]
          ]
        ]
      }
    },
    {
      "type": "Feature",
      "properties": {
        "name": "Cell R08 C05",
        "code": "delh_008_005",
        "city": "Delhi"
      },
      "geometry": {
        "type": "Polygon",
        "coordinates": [
          [
            [
              77.14999999999999,
              28.56
            ],
            [
              77.16,
              28.56
            ],
            [
              77.16,
              28.5675
            ],
            [
              77.14999999999999,
              28.5675
            ],
            [
              77.14999999999999,
              28.56
            ]
          ]
        ]
      }
    },
    {
      "type": "Feature",
      "properties": {
        "name": "Cell R08 C06",
        "code": "delh_008_006",
        "city": "Delhi"
      },
      "geometry": {
        "type": "Polygon",
        "coordinates": [
          [
            [
              77.16,
              28.56
            ],
            [
              77.17,
              28.56
            ],
            [
              77.17,
              28.5675
            ],
            [
              77.16,
              28.5675
            ],
            [
              77.16,
              28.56
            ]
          ]
        ]
      }
    },
    {
      "type": "Feature",
      "properties": {
        "name": "Cell R08 C07",
        "code": "delh_008_007",
        "city": "Delhi"
      },
      "geometry": {
        "type": "Polygon",
        "coordinates": [
          [
            [
              77.17,
              28.56
            ],
            [
              77.18,
              28.56
            ],
            [
              77.18,
              28.5675
            ],
            [
              77.17,
              28.5675
            ],
            [
              77.17,
              28.56
            ]
          ]
        ]
      }
    },
    {
      "type": "Feature",
      "properties": {
        "name": "Cell R08 C08",
        "code": "delh_008_008",
        "city": "Delhi"
      },
      "geometry": {
        "type": "Polygon",
        "coordinates": [
          [
            [
              77.17999999999999,
              28.56
            ],
            [
              77.19,
              28.56
            ],
            [
              77.19,
              28.5675
            ],
            [
              77.17999999999999,
              28.5675
            ],
            [
              77.17999999999999,
              28.56
            ]
          ]
        ]
      }
    },
    {
      "type": "Feature",
      "properties": {
        "name": "Cell R08 C09",
        "code": "delh_008_009",
        "city": "Delhi"
      },
      "geometry": {
        "type": "Polygon",
        "coordinates": [
          [
            [
              77.19,
              28.56
            ],
            [
              77.2,
              28.56
            ],
            [
              77.2,
              28.5675
            ],
            [
              77.19,
              28.5675
            ],
            [
              77.19,
              28.56
            ]
          ]
        ]
      }
    },
    {
      "type": "Feature",
      "properties": {
        "name": "Cell R08 C10",
        "code": "delh_008_010",
        "city": "Delhi"
      },
      "geometry": {
        "type": "Polygon",
        "coordinates": [
          [
            [
              77.19999999999999,
              28.56
            ],
            [
              77.21,
              28.56
            ],
            [
              77.21,
              28.5675
            ],
            [
              77.19999999999999,
              28.5675
            ],
            [
              77.19999999999999,
              28.56
            ]
          ]
        ]
      }
    },
    {
      "type": "Feature",
      "properties": {
        "name": "Cell R08 C11",
        "code": "delh_008_011",
        "city": "Delhi"
      },
      "geometry": {
        "type": "Polygon",
        "coordinates": [
          [
            [
              77.21,
              28.56
            ],
            [
              77.22,
              28.56
            ],
            [
              77.22,
              28.5675
            ],
            [
              77.21,
              28.5675
            ],
            [
              77.21,
              28.56
            ]
          ]
        ]
      }
    },
    {
      "type": "Feature",
      "properties": {
        "name": "Cell R08 C12",
        "code": "delh_008_012",
        "city": "Delhi"
      },
      "geometry": {
        "type": "Polygon",
        "coordinates": [
          [
            [
              77.22,
              28.56
            ],
            [
              77.23,
              28.56
            ],
            [
              77.23,
              28.5675
            ],
            [
              77.22,
              28.5675
            ],
            [
              77.22,
              28.56
            ]
          ]
        ]
      }
    },
    {
      "type": "Feature",
      "properties": {
        "name": "Cell R08 C13",
        "code": "delh_008_013",
        "city": "Delhi"
      },
      "geometry": {
        "type": "Polygon",
        "coordinates": [
          [
            [
              77.22999999999999,
              28.56
            ],
            [
              77.24,
              28.56
            ],
            [
              77.24,
              28.5675
            ],
            [
              77.22999999999999,
              28.5675
            ],
            [
              77.22999999999999,
              28.56
            ]
          ]
        ]
      }
    },
    {
      "type": "Feature",
      "properties": {
        "name": "Cell R08 C14",
        "code": "delh_008_014",
        "city": "Delhi"
      },
      "geometry": {
        "type": "Polygon",
        "coordinates": [
          [
            [
              77.24,
              28.56
            ],
            [
              77.25,
              28.56
            ],
            [
              77.25,
              28.5675
            ],
            [
              77.24,
              28.5675
            ],
            [
              77.24,
              28.56
            ]
          ]
        ]
      }
    },
    {
      "type": "Feature",
      "properties": {
        "name": "Cell R08 C15",
        "code": "delh_008_015",
        "city": "Delhi"
      },
      "geometry": {
        "type": "Polygon",
        "coordinates": [
          [
            [
              77.25,
              28.56
            ],
            [
              77.26,
              28.56
            ],
            [
              77.26,
              28.5675
            ],
            [
              77.25,
              28.5675
            ],
            [
              77.25,
              28.56
            ]
          ]
        ]
      }
    },
    {
      "type": "Feature",
      "properties": {
        "name": "Cell R08 C16",
        "code": "delh_008_016",
        "city": "Delhi"
      },
      "geometry": {
        "type": "Polygon",
        "coordinates": [
          [
            [
              77.25999999999999,
              28.56
            ],
            [
              77.27,
              28.56
            ],
            [
              77.27,
              28.5675
            ],
            [
              77.25999999999999,
              28.5675
            ],
            [
              77.25999999999999,
              28.56
            ]
          ]
        ]
      }
    },
    {
      "type": "Feature",
      "properties": {
        "name": "Cell R08 C17",
        "code": "delh_008_017",
        "city": "Delhi"
      },
      "geometry": {
        "type": "Polygon",
        "coordinates": [
          [
            [
              77.27,
              28.56
            ],
            [
              77.28,
              28.56
            ],
            [
              77.28,
              28.5675
            ],
            [
              77.27,
              28.5675
            ],
            [
              77.27,
              28.56
            ]
          ]
        ]
      }
    },
    {
      "type": "Feature",
      "properties": {
        "name": "Cell R08 C18",
        "code": "delh_008_018",
        "city": "Delhi"
      },
      "geometry": {
        "type": "Polygon",
        "coordinates": [
          [
            [
              77.28,
              28.56
            ],
            [
              77.29,
              28.56
            ],
            [
              77.29,
              28.5675
            ],
            [
              77.28,
              28.5675
            ],
            [
              77.28,
              28.56
            ]
          ]
        ]
      }
    },
    {
      "type": "Feature",
      "properties": {
        "name": "Cell R08 C19",
        "code": "delh_008_019",
        "city": "Delhi"
      },
      "geometry": {
        "type": "Polygon",
        "coordinates": [
          [
            [
              77.28999999999999,
              28.56
            ],
            [
              77.3,
              28.56
            ],
            [
              77.3,
              28.5675
            ],
            [
              77.28999999999999,
              28.5675
            ],
            [
              77.28999999999999,
              28.56
            ]
          ]
        ]
      }
    },
    {
      "type": "Feature",
      "properties": {
        "name": "Cell R09 C00",
        "code": "delh_009_000",
        "city": "Delhi"
      },
      "geometry": {
        "type": "Polygon",
        "coordinates": [
          [
            [
              77.1,
              28.5675
            ],
            [
              77.11,
              28.5675
            ],
            [
              77.11,
              28.575
            ],
            [
              77.1,
              28.575
            ],
            [
              77.1,
              28.5675
            ]
          ]
        ]
      }
    },
    {
      "type": "Feature",
      "properties": {
        "name": "Cell R09 C01",
        "code": "delh_009_001",
        "city": "Delhi"
      },
      "geometry": {
        "type": "Polygon",
        "coordinates": [
          [
            [
              77.11,
              28.5675
            ],
            [
              77.12,
              28.5675
            ],
            [
              77.12,
              28.575
            ],
            [
              77.11,
              28.575
            ],
            [
              77.11,
              28.5675
            ]
          ]
        ]
      }
    },
    {
      "type": "Feature",
      "properties": {
        "name": "Cell R09 C02",
        "code": "delh_009_002",
        "city": "Delhi"
      },
      "geometry": {
        "type": "Polygon",
        "coordinates": [
          [
            [
              77.11999999999999,
              28.5675
            ],
            [
              77.13,
              28.5675
            ],
            [
              77.13,
              28.575
            ],
            [
              77.11999999999999,
              28.575
            ],
            [
              77.11999999999999,
              28.5675
            ]
          ]
        ]
      }
    },
    {
      "type": "Feature",
      "properties": {
        "name": "Cell R09 C03",
        "code": "delh_009_003",
        "city": "Delhi"
      },
      "geometry": {
        "type": "Polygon",
        "coordinates": [
          [
            [
              77.13,
              28.5675
            ],
            [
              77.14,
              28.5675
            ],
            [
              77.14,
              28.575
            ],
            [
              77.13,
              28.575
            ],
            [
              77.13,
              28.5675
            ]
          ]
        ]
      }
    },
    {
      "type": "Feature",
      "properties": {
        "name": "Cell R09 C04",
        "code": "delh_009_004",
        "city": "Delhi"
      },
      "geometry": {
        "type": "Polygon",
        "coordinates": [
          [
            [
              77.14,
              28.5675
            ],
            [
              77.15,
              28.5675
            ],
            [
              77.15,
              28.575
            ],
            [
              77.14,
              28.575
            ],
            [
              77.14,
              28.5675
            ]
          ]
        ]
      }
    },
    {
      "type": "Feature",
      "properties": {
        "name": "Cell R09 C05",
        "code": "delh_009_005",
        "city": "Delhi"
      },
      "geometry": {
        "type": "Polygon",
        "coordinates": [
          [
            [
              77.14999999999999,
              28.5675
            ],
            [
              77.16,
              28.5675
            ],
            [
              77.16,
              28.575
            ],
            [
              77.14999999999999,
              28.575
            ],
            [
              77.14999999999999,
              28.5675
            ]
          ]
        ]
      }
    },
    {
      "type": "Feature",
      "properties": {
        "name": "Cell R09 C06",
        "code": "delh_009_006",
        "city": "Delhi"
      },
      "geometry": {
        "type": "Polygon",
        "coordinates": [
          [
            [
              77.16,
              28.5675
            ],
            [
              77.17,
              28.5675
            ],
            [
              77.17,
              28.575
            ],
            [
              77.16,
              28.575
            ],
            [
              77.16,
              28.5675
            ]
          ]
        ]
      }
    },
    {
      "type": "Feature",
      "properties": {
        "name": "Cell R09 C07",
        "code": "delh_009_007",
        "city": "Delhi"
      },
      "geometry": {
        "type": "Polygon",
        "coordinates": [
          [
            [
              77.17,
              28.5675
            ],
            [
              77.18,
              28.5675
            ],
            [
              77.18,
              28.575
            ],
            [
              77.17,
              28.575
            ],
            [
              77.17,
              28.5675
            ]
          ]
        ]
      }
    },
    {
      "type": "Feature",
      "properties": {
        "name": "Cell R09 C08",
        "code": "delh_009_008",
        "city": "Delhi"
      },
      "geometry": {
        "type": "Polygon",
        "coordinates": [
          [
            [
              77.17999999999999,
              28.5675
            ],
            [
              77.19,
              28.5675
            ],
            [
              77.19,
              28.575
            ],
            [
              77.17999999999999,
              28.575
            ],
            [
              77.17999999999999,
              28.5675
            ]
          ]
        ]
      }
    },
    {
      "type": "Feature",
      "properties": {
        "name": "Cell R09 C09",
        "code": "delh_009_009",
        "city": "Delhi"
      },
      "geometry": {
        "type": "Polygon",
        "coordinates": [
          [
            [
              77.19,
              28.5675
            ],
            [
              77.2,
              28.5675
            ],
            [
              77.2,
              28.575
            ],
            [
              77.19,
              28.575
            ],
            [
              77.19,
              28.5675
            ]
          ]
        ]
      }
    },
    {
      "type": "Feature",
      "properties": {
        "name": "Cell R09 C10",
        "code": "delh_009_010",
        "city": "Delhi"
      },
      "geometry": {
        "type": "Polygon",
        "coordinates": [
          [
            [
              77.19999999999999,
              28.5675
            ],
            [
              77.21,
              28.5675
            ],
            [
              77.21,
              28.575
            ],
            [
              77.19999999999999,
              28.575
            ],
            [
              77.19999999999999,
              28.5675
            ]
          ]
        ]
      }
    },
    {
      "type": "Feature",
      "properties": {
        "name": "Cell R09 C11",
        "code": "delh_009_011",
        "city": "Delhi"
      },
      "geometry": {
        "type": "Polygon",
        "coordinates": [
          [
            [
              77.21,
              28.5675
            ],
            [
              77.22,
              28.5675
            ],
            [
              77.22,
              28.575
            ],
            [
              77.21,
              28.575
            ],
            [
              77.21,
              28.5675
            ]
          ]
        ]
      }
    },
    {
      "type": "Feature",
      "properties": {
        "name": "Cell R09 C12",
        "code": "delh_009_012",
        "city": "Delhi"
      },
      "geometry": {
        "type": "Polygon",
        "coordinates": [
          [
            [
              77.22,
              28.5675
            ],
            [
              77.23,
              28.5675
            ],
            [
              77.23,
              28.575
            ],
            [
              77.22,
              28.575
            ],
            [
              77.22,
              28.5675
            ]
          ]
        ]
      }
    },
    {
      "type": "Feature",
      "properties": {
        "name": "Cell R09 C13",
        "code": "delh_009_013",
        "city": "Delhi"
      },
      "geometry": {
        "type": "Polygon",
        "coordinates": [
          [
            [
              77.22999999999999,
              28.5675
            ],
            [
              77.24,
              28.5675
            ],
            [
              77.24,
              28.575
            ],
            [
              77.22999999999999,
              28.575
            ],
            [
              77.22999999999999,
              28.5675
            ]
          ]
        ]
      }
    },
    {
      "type": "Feature",
      "properties": {
        "name": "Cell R09 C14",
        "code": "delh_009_014",
        "city": "Delhi"
      },
      "geometry": {
        "type": "Polygon",
        "coordinates": [
          [
            [
              77.24,
              28.5675
            ],
            [
              77.25,
              28.5675
            ],
            [
              77.25,
              28.575
            ],
            [
              77.24,
              28.575
            ],
            [
              77.24,
              28.5675
            ]
          ]
        ]
      }
    },
    {
      "type": "Feature",
      "properties": {
        "name": "Cell R09 C15",
        "code": "delh_009_015",
        "city": "Delhi"
      },
      "geometry": {
        "type": "Polygon",
        "coordinates": [
          [
            [
              77.25,
              28.5675
            ],
            [
              77.26,
              28.5675
            ],
            [
              77.26,
              28.575
            ],
            [
              77.25,
              28.575
            ],
            [
              77.25,
              28.5675
            ]
          ]
        ]
      }
    },
    {
      "type": "Feature",
      "properties": {
        "name": "Cell R09 C16",
        "code": "delh_009_016",
        "city": "Delhi"
      },
      "geometry": {
        "type": "Polygon",
        "coordinates": [
          [
            [
              77.25999999999999,
              28.5675
            ],
            [
              77.27,
              28.5675
            ],
            [
              77.27,
              28.575
            ],
            [
              77.25999999999999,
              28.575
            ],
            [
              77.25999999999999,
              28.5675
            ]
          ]
        ]
      }
    },
    {
      "type": "Feature",
      "properties": {
        "name": "Cell R09 C17",
        "code": "delh_009_017",
        "city": "Delhi"
      },
      "geometry": {
        "type": "Polygon",
        "coordinates": [
          [
            [
              77.27,
              28.5675
            ],
            [
              77.28,
              28.5675
            ],
            [
              77.28,
              28.575
            ],
            [
              77.27,
              28.575
            ],
            [
              77.27,
              28.5675
            ]
          ]
        ]
      }
    },
    {
      "type": "Feature",
      "properties": {
        "name": "Cell R09 C18",
        "code": "delh_009_018",
        "city": "Delhi"
      },
      "geometry": {
        "type": "Polygon",
        "coordinates": [
          [
            [
              77.28,
              28.5675
            ],
            [
              77.29,
              28.5675
            ],
            [
              77.29,
              28.575
            ],
            [
              77.28,
              28.575
            ],
            [
              77.28,
              28.5675
            ]
          ]
        ]
      }
    },
    {
      "type": "Feature",
      "properties": {
        "name": "Cell R09 C19",
        "code": "delh_009_019",
        "city": "Delhi"
      },
      "geometry": {
        "type": "Polygon",
        "coordinates": [
          [
            [
              77.28999999999999,
              28.5675
            ],
            [
              77.3,
              28.5675
            ],
            [
              77.3,
              28.575
            ],
            [
              77.28999999999999,
              28.575
            ],
            [
              77.28999999999999,
              28.5675
            ]
          ]
        ]
      }
    },
    {
      "type": "Feature",
      "properties": {
        "name": "Cell R10 C00",
        "code": "delh_010_000",
        "city": "Delhi"
      },
      "geometry": {
        "type": "Polygon",
        "coordinates": [
          [
            [
              77.1,
              28.575
            ],
            [
              77.11,
              28.575
            ],
            [
              77.11,
              28.5825
            ],
            [
              77.1,
              28.5825
            ],
            [
              77.1,
              28.575
            ]
          ]
        ]
      }
    },
    {
      "type": "Feature",
      "properties": {
        "name": "Cell R10 C01",
        "code": "delh_010_001",
        "city": "Delhi"
      },
      "geometry": {
        "type": "Polygon",
        "coordinates": [
          [
            [
              77.11,
              28.575
            ],
            [
              77.12,
              28.575
            ],
            [
              77.12,
              28.5825
            ],
            [
              77.11,
              28.5825
            ],
            [
              77.11,
              28.575
            ]
          ]
        ]
      }
    },
    {
      "type": "Feature",
      "properties": {
        "name": "Cell R10 C02",
        "code": "delh_010_002",
        "city": "Delhi"
      },
      "geometry": {
        "type": "Polygon",
        "coordinates": [
          [
            [
              77.11999999999999,
              28.575
            ],
            [
              77.13,
              28.575
            ],
            [
              77.13,
              28.5825
            ],
            [
              77.11999999999999,
              28.5825
            ],
            [
              77.11999999999999,
              28.575
            ]
          ]
        ]
      }
    },
    {
      "type": "Feature",
      "properties": {
        "name": "Cell R10 C03",
        "code": "delh_010_003",
        "city": "Delhi"
      },
      "geometry": {
        "type": "Polygon",
        "coordinates": [
          [
            [
              77.13,
              28.575
            ],
            [
              77.14,
              28.575
            ],
            [
              77.14,
              28.5825
            ],
            [
              77.13,
              28.5825
            ],
            [
              77.13,
              28.575
            ]
          ]
        ]
      }
    },
    {
      "type": "Feature",
      "properties": {
        "name": "Cell R10 C04",
        "code": "delh_010_004",
        "city": "Delhi"
      },
      "geometry": {
        "type": "Polygon",
        "coordinates": [
          [
            [
              77.14,
              28.575
            ],
            [
              77.15,
              28.575
            ],
            [
              77.15,
              28.5825
            ],
            [
              77.14,
              28.5825
            ],
            [
              77.14,
              28.575
            ]
          ]
        ]
      }
    },
    {
      "type": "Feature",
      "properties": {
        "name": "Cell R10 C05",
        "code": "delh_010_005",
        "city": "Delhi"
      },
      "geometry": {
        "type": "Polygon",
        "coordinates": [
          [
            [
              77.14999999999999,
              28.575
            ],
            [
              77.16,
              28.575
            ],
            [
              77.16,
              28.5825
            ],
            [
              77.14999999999999,
              28.5825
            ],
            [
              77.14999999999999,
              28.575
            ]
          ]
        ]
      }
    },
    {
      "type": "Feature",
      "properties": {
        "name": "Cell R10 C06",
        "code": "delh_010_006",
        "city": "Delhi"
      },
      "geometry": {
        "type": "Polygon",
        "coordinates": [
          [
            [
              77.16,
              28.575
            ],
            [
              77.17,
              28.575
            ],
            [
              77.17,
              28.5825
            ],
            [
              77.16,
              28.5825
            ],
            [
              77.16,
              28.575
            ]
          ]
        ]
      }
    },
    {
      "type": "Feature",
      "properties": {
        "name": "Cell R10 C07",
        "code": "delh_010_007",
        "city": "Delhi"
      },
      "geometry": {
        "type": "Polygon",
        "coordinates": [
          [
            [
              77.17,
              28.575
            ],
            [
              77.18,
              28.575
            ],
            [
              77.18,
              28.5825
            ],
            [
              77.17,
              28.5825
            ],
            [
              77.17,
              28.575
            ]
          ]
        ]
      }
    },
    {
      "type": "Feature",
      "properties": {
        "name": "Cell R10 C08",
        "code": "delh_010_008",
        "city": "Delhi"
      },
      "geometry": {
        "type": "Polygon",
        "coordinates": [
          [
            [
              77.17999999999999,
              28.575
            ],
            [
              77.19,
              28.575
            ],
            [
              77.19,
              28.5825
            ],
            [
              77.17999999999999,
              28.5825
            ],
            [
              77.17999999999999,
              28.575
            ]
          ]
        ]
      }
    },
    {
      "type": "Feature",
      "properties": {
        "name": "Cell R10 C09",
        "code": "delh_010_009",
        "city": "Delhi"
      },
      "geometry": {
        "type": "Polygon",
        "coordinates": [
          [
            [
              77.19,
              28.575
            ],
            [
              77.2,
              28.575
            ],
            [
              77.2,
              28.5825
            ],
            [
              77.19,
              28.5825
            ],
            [
              77.19,
              28.575
            ]
          ]
        ]
      }
    },
    {
      "type": "Feature",
      "properties": {
        "name": "Cell R10 C10",
        "code": "delh_010_010",
        "city": "Delhi"
      },
      "geometry": {
        "type": "Polygon",
        "coordinates": [
          [
            [
              77.19999999999999,
              28.575
            ],
            [
              77.21,
              28.575
            ],
            [
              77.21,
              28.5825
            ],
            [
              77.19999999999999,
              28.5825
            ],
            [
              77.19999999999999,
              28.575
            ]
          ]
        ]
      }
    },
    {
      "type": "Feature",
      "properties": {
        "name": "Cell R10 C11",
        "code": "delh_010_011",
        "city": "Delhi"
      },
      "geometry": {
        "type": "Polygon",
        "coordinates": [
          [
            [
              77.21,
              28.575
            ],
            [
              77.22,
              28.575
            ],
            [
              77.22,
              28.5825
            ],
            [
              77.21,
              28.5825
            ],
            [
              77.21,
              28.575
            ]
          ]
        ]
      }
    },
    {
      "type": "Feature",
      "properties": {
        "name": "Cell R10 C12",
        "code": "delh_010_012",
        "city": "Delhi"
      },
      "geometry": {
        "type": "Polygon",
        "coordinates": [
          [
            [
              77.22,
              28.575
            ],
            [
              77.23,
              28.575
            ],
            [
              77.23,
              28.5825
            ],
            [
              77.22,
              28.5825
            ],
            [
              77.22,
              28.575
            ]
          ]
        ]
      }
    },
    {
      "type": "Feature",
      "properties": {
        "name": "Cell R10 C13",
        "code": "delh_010_013",
        "city": "Delhi"
      },
      "geometry": {
        "type": "Polygon",
        "coordinates": [
          [
            [
              77.22999999999999,
              28.575
            ],
            [
              77.24,
              28.575
            ],
            [
              77.24,
              28.5825
            ],
            [
              77.22999999999999,
              28.5825
            ],
            [
              77.22999999999999,
              28.575
            ]
          ]
        ]
      }
    },
    {
      "type": "Feature",
      "properties": {
        "name": "Cell R10 C14",
        "code": "delh_010_014",
        "city": "Delhi"
      },
      "geometry": {
        "type": "Polygon",
        "coordinates": [
          [
            [
              77.24,
              28.575
            ],
            [
              77.25,
              28.575
            ],
            [
              77.25,
              28.5825
            ],
            [
              77.24,
              28.5825
            ],
            [
              77.24,
              28.575
            ]
          ]
        ]
      }
    },
    {
      "type": "Feature",
      "properties": {
        "name": "Cell R10 C15",
        "code": "delh_010_015",
        "city": "Delhi"
      },
      "geometry": {
        "type": "Polygon",
        "coordinates": [
          [
            [
              77.25,
              28.575
            ],
            [
              77.26,
              28.575
            ],
            [
              77.26,
              28.5825
            ],
            [
              77.25,
              28.5825
            ],
            [
              77.25,
              28.575
            ]
          ]
        ]
      }
    },
    {
      "type": "Feature",
      "properties": {
        "name": "Cell R10 C16",
        "code": "delh_010_016",
        "city": "Delhi"
      },
      "geometry": {
        "type": "Polygon",
        "coordinates": [
          [
            [
              77.25999999999999,
              28.575
            ],
            [
              77.27,
              28.575
            ],
            [
              77.27,
              28.5825
            ],
            [
              77.25999999999999,
              28.5825
            ],
            [
              77.25999999999999,
              28.575
            ]
          ]
        ]
      }
    },
    {
      "type": "Feature",
      "properties": {
        "name": "Cell R10 C17",
        "code": "delh_010_017",
        "city": "Delhi"
      },
      "geometry": {
        "type": "Polygon",
        "coordinates": [
          [
            [
              77.27,
              28.575
            ],
            [
              77.28,
              28.575
            ],
            [
              77.28,
              28.5825
            ],
            [
              77.27,
              28.5825
            ],
            [
              77.27,
              28.575
            ]
          ]
        ]
      }
    },
    {
      "type": "Feature",
      "properties": {
        "name": "Cell R10 C18",
        "code": "delh_010_018",
        "city": "Delhi"
      },
      "geometry": {
        "type": "Polygon",
        "coordinates": [
          [
            [
              77.28,
              28.575
            ],
            [
              77.29,
              28.575
            ],
            [
              77.29,
              28.5825
            ],
            [
              77.28,
              28.5825
            ],
            [
              77.28,
              28.575
            ]
          ]
        ]
      }
    },
    {
      "type": "Feature",
      "properties": {
        "name": "Cell R10 C19",
        "code": "delh_010_019",
        "city": "Delhi"
      },
      "geometry": {
        "type": "Polygon",
        "coordinates": [
          [
            [
              77.28999999999999,
              28.575
            ],
            [
              77.3,
              28.575
            ],
            [
              77.3,
              28.5825
            ],
            [
              77.28999999999999,
              28.5825
            ],
            [
              77.28999999999999,
              28.575
            ]
          ]
        ]
      }
    },
    {
      "type": "Feature",
      "properties": {
        "name": "Cell R11 C00",
        "code": "delh_011_000",
        "city": "Delhi"
      },
      "geometry": {
        "type": "Polygon",
        "coordinates": [
          [
            [
              77.1,
              28.5825
            ],
            [
              77.11,
              28.5825
            ],
            [
              77.11,
              28.59
            ],
            [
              77.1,
              28.59
            ],
            [
              77.1,
              28.5825
            ]
          ]
        ]
      }
    },
    {
      "type": "Feature",
      "properties": {
        "name": "Cell R11 C01",
        "code": "delh_011_001",
        "city": "Delhi"
      },
      "geometry": {
        "type": "Polygon",
        "coordinates": [
          [
            [
              77.11,
              28.5825
            ],
            [
              77.12,
              28.5825
            ],
            [
              77.12,
              28.59
            ],
            [
              77.11,
              28.59
            ],
            [
              77.11,
              28.5825
            ]
          ]
        ]
      }
    },
    {
      "type": "Feature",
      "properties": {
        "name": "Cell R11 C02",
        "code": "delh_011_002",
        "city": "Delhi"
      },
      "geometry": {
        "type": "Polygon",
        "coordinates": [
          [
            [
              77.11999999999999,
              28.5825
            ],
            [
              77.13,
              28.5825
            ],
            [
              77.13,
              28.59
            ],
            [
              77.11999999999999,
              28.59
            ],
            [
              77.11999999999999,
              28.5825
            ]
          ]
        ]
      }
    },
    {
      "type": "Feature",
      "properties": {
        "name": "Cell R11 C03",
        "code": "delh_011_003",
        "city": "Delhi"
      },
      "geometry": {
        "type": "Polygon",
        "coordinates": [
          [
            [
              77.13,
              28.5825
            ],
            [
              77.14,
              28.5825
            ],
            [
              77.14,
              28.59
            ],
            [
              77.13,
              28.59
            ],
            [
              77.13,
              28.5825
            ]
          ]
        ]
      }
    },
    {
      "type": "Feature",
      "properties": {
        "name": "Cell R11 C04",
        "code": "delh_011_004",
        "city": "Delhi"
      },
      "geometry": {
        "type": "Polygon",
        "coordinates": [
          [
            [
              77.14,
              28.5825
            ],
            [
              77.15,
              28.5825
            ],
            [
              77.15,
              28.59
            ],
            [
              77.14,
              28.59
            ],
            [
              77.14,
              28.5825
            ]
          ]
        ]
      }
    },
    {
      "type": "Feature",
      "properties": {
        "name": "Cell R11 C05",
        "code": "delh_011_005",
        "city": "Delhi"
      },
      "geometry": {
        "type": "Polygon",
        "coordinates": [
          [
            [
              77.14999999999999,
              28.5825
            ],
            [
              77.16,
              28.5825
            ],
            [
              77.16,
              28.59
            ],
            [
              77.14999999999999,
              28.59
            ],
            [
              77.14999999999999,
              28.5825
            ]
          ]
        ]
      }
    },
    {
      "type": "Feature",
      "properties": {
        "name": "Cell R11 C06",
        "code": "delh_011_006",
        "city": "Delhi"
      },
      "geometry": {
        "type": "Polygon",
        "coordinates": [
          [
            [
              77.16,
              28.5825
            ],
            [
              77.17,
              28.5825
            ],
            [
              77.17,
              28.59
            ],
            [
              77.16,
              28.59
            ],
            [
              77.16,
              28.5825
            ]
          ]
        ]
      }
    },
    {
      "type": "Feature",
      "properties": {
        "name": "Cell R11 C07",
        "code": "delh_011_007",
        "city": "Delhi"
      },
      "geometry": {
        "type": "Polygon",
        "coordinates": [
          [
            [
              77.17,
              28.5825
            ],
            [
              77.18,
              28.5825
            ],
            [
              77.18,
              28.59
            ],
            [
              77.17,
              28.59
            ],
            [
              77.17,
              28.5825
            ]
          ]
        ]
      }
    },
    {
      "type": "Feature",
      "properties": {
        "name": "Cell R11 C08",
        "code": "delh_011_008",
        "city": "Delhi"
      },
      "geometry": {
        "type": "Polygon",
        "coordinates": [
          [
            [
              77.17999999999999,
              28.5825
            ],
            [
              77.19,
              28.5825
            ],
            [
              77.19,
              28.59
            ],
            [
              77.17999999999999,
              28.59
            ],
            [
              77.17999999999999,
              28.5825
            ]
          ]
        ]
      }
    },
    {
      "type": "Feature",
      "properties": {
        "name": "Cell R11 C09",
        "code": "delh_011_009",
        "city": "Delhi"
      },
      "geometry": {
        "type": "Polygon",
        "coordinates": [
          [
            [
              77.19,
              28.5825
            ],
            [
              77.2,
              28.5825
            ],
            [
              77.2,
              28.59
            ],
            [
              77.19,
              28.59
            ],
            [
              77.19,
              28.5825
            ]
          ]
        ]
      }
    },
    {
      "type": "Feature",
      "properties": {
        "name": "Cell R11 C10",
        "code": "delh_011_010",
        "city": "Delhi"
      },
      "geometry": {
        "type": "Polygon",
        "coordinates": [
          [
            [
              77.19999999999999,
              28.5825
            ],
            [
              77.21,
              28.5825
            ],
            [
              77.21,
              28.59
            ],
            [
              77.19999999999999,
              28.59
            ],
            [
              77.19999999999999,
              28.5825
            ]
          ]
        ]
      }
    },
    {
      "type": "Feature",
      "properties": {
        "name": "Cell R11 C11",
        "code": "delh_011_011",
        "city": "Delhi"
      },
      "geometry": {
        "type": "Polygon",
        "coordinates": [
          [
            [
              77.21,
              28.5825
            ],
            [
              77.22,
              28.5825
            ],
            [
              77.22,
              28.59
            ],
            [
              77.21,
              28.59
            ],
            [
              77.21,
              28.5825
            ]
          ]
        ]
      }
    },
    {
      "type": "Feature",
      "properties": {
        "name": "Cell R11 C12",
        "code": "delh_011_012",
        "city": "Delhi"
      },
      "geometry": {
        "type": "Polygon",
        "coordinates": [
          [
            [
              77.22,
              28.5825
            ],
            [
              77.23,
              28.5825
            ],
            [
              77.23,
              28.59
            ],
            [
              77.22,
              28.59
            ],
            [
              77.22,
              28.5825
            ]
          ]
        ]
      }
    },
    {
      "type": "Feature",
      "properties": {
        "name": "Cell R11 C13",
        "code": "delh_011_013",
        "city": "Delhi"
      },
      "geometry": {
        "type": "Polygon",
        "coordinates": [
          [
            [
              77.22999999999999,
              28.5825
            ],
            [
              77.24,
              28.5825
            ],
            [
              77.24,
              28.59
            ],
            [
              77.22999999999999,
              28.59
            ],
            [
              77.22999999999999,
              28.5825
            ]
          ]
        ]
      }
    },
    {
      "type": "Feature",
      "properties": {
        "name": "Cell R11 C14",
        "code": "delh_011_014",
        "city": "Delhi"
      },
      "geometry": {
        "type": "Polygon",
        "coordinates": [
          [
            [
              77.24,
              28.5825
            ],
            [
              77.25,
              28.5825
            ],
            [
              77.25,
              28.59
            ],
            [
              77.24,
              28.59
            ],
            [
              77.24,
              28.5825
            ]
          ]
        ]
      }
    },
    {
      "type": "Feature",
      "properties": {
        "name": "Cell R11 C15",
        "code": "delh_011_015",
        "city": "Delhi"
      },
      "geometry": {
        "type": "Polygon",
        "coordinates": [
          [
            [
              77.25,
              28.5825
            ],
            [
              77.26,
              28.5825
            ],
            [
              77.26,
              28.59
            ],
            [
              77.25,
              28.59
            ],
            [
              77.25,
              28.5825
            ]
          ]
        ]
      }
    },
    {
      "type": "Feature",
      "properties": {
        "name": "Cell R11 C16",
        "code": "delh_011_016",
        "city": "Delhi"
      },
      "geometry": {
        "type": "Polygon",
        "coordinates": [
          [
            [
              77.25999999999999,
              28.5825
            ],
            [
              77.27,
              28.5825
            ],
            [
              77.27,
              28.59
            ],
            [
              77.25999999999999,
              28.59
            ],
            [
              77.25999999999999,
              28.5825
            ]
          ]
        ]
      }
    },
    {
      "type": "Feature",
      "properties": {
        "name": "Cell R11 C17",
        "code": "delh_011_017",
        "city": "Delhi"
      },
      "geometry": {
        "type": "Polygon",
        "coordinates": [
          [
            [
              77.27,
              28.5825
            ],
            [
              77.28,
              28.5825
            ],
            [
              77.28,
              28.59
            ],
            [
              77.27,
              28.59
            ],
            [
              77.27,
              28.5825
            ]
          ]
        ]
      }
    },
    {
      "type": "Feature",
      "properties": {
        "name": "Cell R11 C18",
        "code": "delh_011_018",
        "city": "Delhi"
      },
      "geometry": {
        "type": "Polygon",
        "coordinates": [
          [
            [
              77.28,
              28.5825
            ],
            [
              77.29,
              28.5825
            ],
            [
              77.29,
              28.59
            ],
            [
              77.28,
              28.59
            ],
            [
              77.28,
              28.5825
            ]
          ]
        ]
      }
    },
    {
      "type": "Feature",
      "properties": {
        "name": "Cell R11 C19",
        "code": "delh_011_019",
        "city": "Delhi"
      },
      "geometry": {
        "type": "Polygon",
        "coordinates": [
          [
            [
              77.28999999999999,
              28.5825
            ],
            [
              77.3,
              28.5825
            ],
            [
              77.3,
              28.59
            ],
            [
              77.28999999999999,
              28.59
            ],
            [
              77.28999999999999,
              28.5825
            ]
          ]
        ]
      }
    },
    {
      "type": "Feature",
      "properties": {
        "name": "Cell R12 C00",
        "code": "delh_012_000",
        "city": "Delhi"
      },
      "geometry": {
        "type": "Polygon",
        "coordinates": [
          [
            [
              77.1,
              28.59
            ],
            [
              77.11,
              28.59
            ],
            [
              77.11,
              28.5975
            ],
            [
              77.1,
              28.5975
            ],
            [
              77.1,
              28.59
            ]
          ]
        ]
      }
    },
    {
      "type": "Feature",
      "properties": {
        "name": "Cell R12 C01",
        "code": "delh_012_001",
        "city": "Delhi"
      },
      "geometry": {
        "type": "Polygon",
        "coordinates": [
          [
            [
              77.11,
              28.59
            ],
            [
              77.12,
              28.59
            ],
            [
              77.12,
              28.5975
            ],
            [
              77.11,
              28.5975
            ],
            [
              77.11,
              28.59
            ]
          ]
        ]
      }
    },
    {
      "type": "Feature",
      "properties": {
        "name": "Cell R12 C02",
        "code": "delh_012_002",
        "city": "Delhi"
      },
      "geometry": {
        "type": "Polygon",
        "coordinates": [
          [
            [
              77.11999999999999,
              28.59
            ],
            [
              77.13,
              28.59
            ],
            [
              77.13,
              28.5975
            ],
            [
              77.11999999999999,
              28.5975
            ],
            [
              77.11999999999999,
              28.59
            ]
          ]
        ]
      }
    },
    {
      "type": "Feature",
      "properties": {
        "name": "Cell R12 C03",
        "code": "delh_012_003",
        "city": "Delhi"
      },
      "geometry": {
        "type": "Polygon",
        "coordinates": [
          [
            [
              77.13,
              28.59
            ],
            [
              77.14,
              28.59
            ],
            [
              77.14,
              28.5975
            ],
            [
              77.13,
              28.5975
            ],
            [
              77.13,
              28.59
            ]
          ]
        ]
      }
    },
    {
      "type": "Feature",
      "properties": {
        "name": "Cell R12 C04",
        "code": "delh_012_004",
        "city": "Delhi"
      },
      "geometry": {
        "type": "Polygon",
        "coordinates": [
          [
            [
              77.14,
              28.59
            ],
            [
              77.15,
              28.59
            ],
            [
              77.15,
              28.5975
            ],
            [
              77.14,
              28.5975
            ],
            [
              77.14,
              28.59
            ]
          ]
        ]
      }
    },
    {
      "type": "Feature",
      "properties": {
        "name": "Cell R12 C05",
        "code": "delh_012_005",
        "city": "Delhi"
      },
      "geometry": {
        "type": "Polygon",
        "coordinates": [
          [
            [
              77.14999999999999,
              28.59
            ],
            [
              77.16,
              28.59
            ],
            [
              77.16,
              28.5975
            ],
            [
              77.14999999999999,
              28.5975
            ],
            [
              77.14999999999999,
              28.59
            ]
          ]
        ]
      }
    },
    {
      "type": "Feature",
      "properties": {
        "name": "Cell R12 C06",
        "code": "delh_012_006",
        "city": "Delhi"
      },
      "geometry": {
        "type": "Polygon",
        "coordinates": [
          [
            [
              77.16,
              28.59
            ],
            [
              77.17,
              28.59
            ],
            [
              77.17,
              28.5975
            ],
            [
              77.16,
              28.5975
            ],
            [
              77.16,
              28.59
            ]
          ]
        ]
      }
    },
    {
      "type": "Feature",
      "properties": {
        "name": "Cell R12 C07",
        "code": "delh_012_007",
        "city": "Delhi"
      },
      "geometry": {
        "type": "Polygon",
        "coordinates": [
          [
            [
              77.17,
              28.59
            ],
            [
              77.18,
              28.59
            ],
            [
              77.18,
              28.5975
            ],
            [
              77.17,
              28.5975
            ],
            [
              77.17,
              28.59
            ]
          ]
        ]
      }
    },
    {
      "type": "Feature",
      "properties": {
        "name": "Cell R12 C08",
        "code": "delh_012_008",
        "city": "Delhi"
      },
      "geometry": {
        "type": "Polygon",
        "coordinates": [
          [
            [
              77.17999999999999,
              28.59
            ],
            [
              77.19,
              28.59
            ],
            [
              77.19,
              28.5975
            ],
            [
              77.17999999999999,
              28.5975
            ],
            [
              77.17999999999999,
              28.59
            ]
          ]
        ]
      }
    },
    {
      "type": "Feature",
      "properties": {
        "name": "Cell R12 C09",
        "code": "delh_012_009",
        "city": "Delhi"
      },
      "geometry": {
        "type": "Polygon",
        "coordinates": [
          [
            [
              77.19,
              28.59
            ],
            [
              77.2,
              28.59
            ],
            [
              77.2,
              28.5975
            ],
            [
              77.19,
              28.5975
            ],
            [
              77.19,
              28.59
            ]
          ]
        ]
      }
    },
    {
      "type": "Feature",
      "properties": {
        "name": "Cell R12 C10",
        "code": "delh_012_010",
        "city": "Delhi"
      },
      "geometry": {
        "type": "Polygon",
        "coordinates": [
          [
            [
              77.19999999999999,
              28.59
            ],
            [
              77.21,
              28.59
            ],
            [
              77.21,
              28.5975
            ],
            [
              77.19999999999999,
              28.5975
            ],
            [
              77.19999999999999,
              28.59
            ]
          ]
        ]
      }
    },
    {
      "type": "Feature",
      "properties": {
        "name": "Cell R12 C11",
        "code": "delh_012_011",
        "city": "Delhi"
      },
      "geometry": {
        "type": "Polygon",
        "coordinates": [
          [
            [
              77.21,
              28.59
            ],
            [
              77.22,
              28.59
            ],
            [
              77.22,
              28.5975
            ],
            [
              77.21,
              28.5975
            ],
            [
              77.21,
              28.59
            ]
          ]
        ]
      }
    },
    {
      "type": "Feature",
      "properties": {
        "name": "Cell R12 C12",
        "code": "delh_012_012",
        "city": "Delhi"
      },
      "geometry": {
        "type": "Polygon",
        "coordinates": [
          [
            [
              77.22,
              28.59
            ],
            [
              77.23,
              28.59
            ],
            [
              77.23,
              28.5975
            ],
            [
              77.22,
              28.5975
            ],
            [
              77.22,
              28.59
            ]
          ]
        ]
      }
    },
    {
      "type": "Feature",
      "properties": {
        "name": "Cell R12 C13",
        "code": "delh_012_013",
        "city": "Delhi"
      },
      "geometry": {
        "type": "Polygon",
        "coordinates": [
          [
            [
              77.22999999999999,
              28.59
            ],
            [
              77.24,
              28.59
            ],
            [
              77.24,
              28.5975
            ],
            [
              77.22999999999999,
              28.5975
            ],
            [
              77.22999999999999,
              28.59
            ]
          ]
        ]
      }
    },
    {
      "type": "Feature",
      "properties": {
        "name": "Cell R12 C14",
        "code": "delh_012_014",
        "city": "Delhi"
      },
      "geometry": {
        "type": "Polygon",
        "coordinates": [
          [
            [
              77.24,
              28.59
            ],
            [
              77.25,
              28.59
            ],
            [
              77.25,
              28.5975
            ],
            [
              77.24,
              28.5975
            ],
            [
              77.24,
              28.59
            ]
          ]
        ]
      }
    },
    {
      "type": "Feature",
      "properties": {
        "name": "Cell R12 C15",
        "code": "delh_012_015",
        "city": "Delhi"
      },
      "geometry": {
        "type": "Polygon",
        "coordinates": [
          [
            [
              77.25,
              28.59
            ],
            [
              77.26,
              28.59
            ],
            [
              77.26,
              28.5975
            ],
            [
              77.25,
              28.5975
            ],
            [
              77.25,
              28.59
            ]
          ]
        ]
      }
    },
    {
      "type": "Feature",
      "properties": {
        "name": "Cell R12 C16",
        "code": "delh_012_016",
        "city": "Delhi"
      },
      "geometry": {
        "type": "Polygon",
        "coordinates": [
          [
            [
              77.25999999999999,
              28.59
            ],
            [
              77.27,
              28.59
            ],
            [
              77.27,
              28.5975
            ],
            [
              77.25999999999999,
              28.5975
            ],
            [
              77.25999999999999,
              28.59
            ]
          ]
        ]
      }
    },
    {
      "type": "Feature",
      "properties": {
        "name": "Cell R12 C17",
        "code": "delh_012_017",
        "city": "Delhi"
      },
      "geometry": {
        "type": "Polygon",
        "coordinates": [
          [
            [
              77.27,
              28.59
            ],
            [
              77.28,
              28.59
            ],
            [
              77.28,
              28.5975
            ],
            [
              77.27,
              28.5975
            ],
            [
              77.27,
              28.59
            ]
          ]
        ]
      }
    },
    {
      "type": "Feature",
      "properties": {
        "name": "Cell R12 C18",
        "code": "delh_012_018",
        "city": "Delhi"
      },
      "geometry": {
        "type": "Polygon",
        "coordinates": [
          [
            [
              77.28,
              28.59
            ],
            [
              77.29,
              28.59
            ],
            [
              77.29,
              28.5975
            ],
            [
              77.28,
              28.5975
            ],
            [
              77.28,
              28.59
            ]
          ]
        ]
      }
    },
    {
      "type": "Feature",
      "properties": {
        "name": "Cell R12 C19",
        "code": "delh_012_019",
        "city": "Delhi"
      },
      "geometry": {
        "type": "Polygon",
        "coordinates": [
          [
            [
              77.28999999999999,
              28.59
            ],
            [
              77.3,
              28.59
            ],
            [
              77.3,
              28.5975
            ],
            [
              77.28999999999999,
              28.5975
            ],
            [
              77.28999999999999,
              28.59
            ]
          ]
        ]
      }
    },
    {
      "type": "Feature",
      "properties": {
        "name": "Cell R13 C00",
        "code": "delh_013_000",
        "city": "Delhi"
      },
      "geometry": {
        "type": "Polygon",
        "coordinates": [
          [
            [
              77.1,
              28.5975
            ],
            [
              77.11,
              28.5975
            ],
            [
              77.11,
              28.605
            ],
            [
              77.1,
              28.605
            ],
            [
              77.1,
              28.5975
            ]
          ]
        ]
      }
    },
    {
      "type": "Feature",
      "properties": {
        "name": "Cell R13 C01",
        "code": "delh_013_001",
        "city": "Delhi"
      },
      "geometry": {
        "type": "Polygon",
        "coordinates": [
          [
            [
              77.11,
              28.5975
            ],
            [
              77.12,
              28.5975
            ],
            [
              77.12,
              28.605
            ],
            [
              77.11,
              28.605
            ],
            [
              77.11,
              28.5975
            ]
          ]
        ]
      }
    },
    {
      "type": "Feature",
      "properties": {
        "name": "Cell R13 C02",
        "code": "delh_013_002",
        "city": "Delhi"
      },
      "geometry": {
        "type": "Polygon",
        "coordinates": [
          [
            [
              77.11999999999999,
              28.5975
            ],
            [
              77.13,
              28.5975
            ],
            [
              77.13,
              28.605
            ],
            [
              77.11999999999999,
              28.605
            ],
            [
              77.11999999999999,
              28.5975
            ]
          ]
        ]
      }
    },
    {
      "type": "Feature",
      "properties": {
        "name": "Cell R13 C03",
        "code": "delh_013_003",
        "city": "Delhi"
      },
      "geometry": {
        "type": "Polygon",
        "coordinates": [
          [
            [
              77.13,
              28.5975
            ],
            [
              77.14,
              28.5975
            ],
            [
              77.14,
              28.605
            ],
            [
              77.13,
              28.605
            ],
            [
              77.13,
              28.5975
            ]
          ]
        ]
      }
    },
    {
      "type": "Feature",
      "properties": {
        "name": "Cell R13 C04",
        "code": "delh_013_004",
        "city": "Delhi"
      },
      "geometry": {
        "type": "Polygon",
        "coordinates": [
          [
            [
              77.14,
              28.5975
            ],
            [
              77.15,
              28.5975
            ],
            [
              77.15,
              28.605
            ],
            [
              77.14,
              28.605
            ],
            [
              77.14,
              28.5975
            ]
          ]
        ]
      }
    },
    {
      "type": "Feature",
      "properties": {
        "name": "Cell R13 C05",
        "code": "delh_013_005",
        "city": "Delhi"
      },
      "geometry": {
        "type": "Polygon",
        "coordinates": [
          [
            [
              77.14999999999999,
              28.5975
            ],
            [
              77.16,
              28.5975
            ],
            [
              77.16,
              28.605
            ],
            [
              77.14999999999999,
              28.605
            ],
            [
              77.14999999999999,
              28.5975
            ]
          ]
        ]
      }
    },
    {
      "type": "Feature",
      "properties": {
        "name": "Cell R13 C06",
        "code": "delh_013_006",
        "city": "Delhi"
      },
      "geometry": {
        "type": "Polygon",
        "coordinates": [
          [
            [
              77.16,
              28.5975
            ],
            [
              77.17,
              28.5975
            ],
            [
              77.17,
              28.605
            ],
            [
              77.16,
              28.605
            ],
            [
              77.16,
              28.5975
            ]
          ]
        ]
      }
    },
    {
      "type": "Feature",
      "properties": {
        "name": "Cell R13 C07",
        "code": "delh_013_007",
        "city": "Delhi"
      },
      "geometry": {
        "type": "Polygon",
        "coordinates": [
          [
            [
              77.17,
              28.5975
            ],
            [
              77.18,
              28.5975
            ],
            [
              77.18,
              28.605
            ],
            [
              77.17,
              28.605
            ],
            [
              77.17,
              28.5975
            ]
          ]
        ]
      }
    },
    {
      "type": "Feature",
      "properties": {
        "name": "Cell R13 C08",
        "code": "delh_013_008",
        "city": "Delhi"
      },
      "geometry": {
        "type": "Polygon",
        "coordinates": [
          [
            [
              77.17999999999999,
              28.5975
            ],
            [
              77.19,
              28.5975
            ],
            [
              77.19,
              28.605
            ],
            [
              77.17999999999999,
              28.605
            ],
            [
              77.17999999999999,
              28.5975
            ]
          ]
        ]
      }
    },
    {
      "type": "Feature",
      "properties": {
        "name": "Cell R13 C09",
        "code": "delh_013_009",
        "city": "Delhi"
      },
      "geometry": {
        "type": "Polygon",
        "coordinates": [
          [
            [
              77.19,
              28.5975
            ],
            [
              77.2,
              28.5975
            ],
            [
              77.2,
              28.605
            ],
            [
              77.19,
              28.605
            ],
            [
              77.19,
              28.5975
            ]
          ]
        ]
      }
    },
    {
      "type": "Feature",
      "properties": {
        "name": "Cell R13 C10",
        "code": "delh_013_010",
        "city": "Delhi"
      },
      "geometry": {
        "type": "Polygon",
        "coordinates": [
          [
            [
              77.19999999999999,
              28.5975
            ],
            [
              77.21,
              28.5975
            ],
            [
              77.21,
              28.605
            ],
            [
              77.19999999999999,
              28.605
            ],
            [
              77.19999999999999,
              28.5975
            ]
          ]
        ]
      }
    },
    {
      "type": "Feature",
      "properties": {
        "name": "Cell R13 C11",
        "code": "delh_013_011",
        "city": "Delhi"
      },
      "geometry": {
        "type": "Polygon",
        "coordinates": [
          [
            [
              77.21,
              28.5975
            ],
            [
              77.22,
              28.5975
            ],
            [
              77.22,
              28.605
            ],
            [
              77.21,
              28.605
            ],
            [
              77.21,
              28.5975
            ]
          ]
        ]
      }
    },
    {
      "type": "Feature",
      "properties": {
        "name": "Cell R13 C12",
        "code": "delh_013_012",
        "city": "Delhi"
      },
      "geometry": {
        "type": "Polygon",
        "coordinates": [
          [
            [
              77.22,
              28.5975
            ],
            [
              77.23,
              28.5975
            ],
            [
              77.23,
              28.605
            ],
            [
              77.22,
              28.605
            ],
            [
              77.22,
              28.5975
            ]
          ]
        ]
      }
    },
    {
      "type": "Feature",
      "properties": {
        "name": "Cell R13 C13",
        "code": "delh_013_013",
        "city": "Delhi"
      },
      "geometry": {
        "type": "Polygon",
        "coordinates": [
          [
            [
              77.22999999999999,
              28.5975
            ],
            [
              77.24,
              28.5975
            ],
            [
              77.24,
              28.605
            ],
            [
              77.22999999999999,
              28.605
            ],
            [
              77.22999999999999,
              28.5975
            ]
          ]
        ]
      }
    },
    {
      "type": "Feature",
      "properties": {
        "name": "Cell R13 C14",
        "code": "delh_013_014",
        "city": "Delhi"
      },
      "geometry": {
        "type": "Polygon",
        "coordinates": [
          [
            [
              77.24,
              28.5975
            ],
            [
              77.25,
              28.5975
            ],
            [
              77.25,
              28.605
            ],
            [
              77.24,
              28.605
            ],
            [
              77.24,
              28.5975
            ]
          ]
        ]
      }
    },
    {
      "type": "Feature",
      "properties": {
        "name": "Cell R13 C15",
        "code": "delh_013_015",
        "city": "Delhi"
      },
      "geometry": {
        "type": "Polygon",
        "coordinates": [
          [
            [
              77.25,
              28.5975
            ],
            [
              77.26,
              28.5975
            ],
            [
              77.26,
              28.605
            ],
            [
              77.25,
              28.605
            ],
            [
              77.25,
              28.5975
            ]
          ]
        ]
      }
    },
    {
      "type": "Feature",
      "properties": {
        "name": "Cell R13 C16",
        "code": "delh_013_016",
        "city": "Delhi"
      },
      "geometry": {
        "type": "Polygon",
        "coordinates": [
          [
            [
              77.25999999999999,
              28.5975
            ],
            [
              77.27,
              28.5975
            ],
            [
              77.27,
              28.605
            ],
            [
              77.25999999999999,
              28.605
            ],
            [
              77.25999999999999,
              28.5975
            ]
          ]
        ]
      }
    },
    {
      "type": "Feature",
      "properties": {
        "name": "Cell R13 C17",
        "code": "delh_013_017",
        "city": "Delhi"
      },
      "geometry": {
        "type": "Polygon",
        "coordinates": [
          [
            [
              77.27,
              28.5975
            ],
            [
              77.28,
              28.5975
            ],
            [
              77.28,
              28.605
            ],
            [
              77.27,
              28.605
            ],
            [
              77.27,
              28.5975
            ]
          ]
        ]
      }
    },
    {
      "type": "Feature",
      "properties": {
        "name": "Cell R13 C18",
        "code": "delh_013_018",
        "city": "Delhi"
      },
      "geometry": {
        "type": "Polygon",
        "coordinates": [
          [
            [
              77.28,
              28.5975
            ],
            [
              77.29,
              28.5975
            ],
            [
              77.29,
              28.605
            ],
            [
              77.28,
              28.605
            ],
            [
              77.28,
              28.5975
            ]
          ]
        ]
      }
    },
    {
      "type": "Feature",
      "properties": {
        "name": "Cell R13 C19",
        "code": "delh_013_019",
        "city": "Delhi"
      },
      "geometry": {
        "type": "Polygon",
        "coordinates": [
          [
            [
              77.28999999999999,
              28.5975
            ],
            [
              77.3,
              28.5975
            ],
            [
              77.3,
              28.605
            ],
            [
              77.28999999999999,
              28.605
            ],
            [
              77.28999999999999,
              28.5975
            ]
          ]
        ]
      }
    },
    {
      "type": "Feature",
      "properties": {
        "name": "Cell R14 C00",
        "code": "delh_014_000",
        "city": "Delhi"
      },
      "geometry": {
        "type": "Polygon",
        "coordinates": [
          [
            [
              77.1,
              28.605
            ],
            [
              77.11,
              28.605
            ],
            [
              77.11,
              28.6125
            ],
            [
              77.1,
              28.6125
            ],
            [
              77.1,
              28.605
            ]
          ]
        ]
      }
    },
    {
      "type": "Feature",
      "properties": {
        "name": "Cell R14 C01",
        "code": "delh_014_001",
        "city": "Delhi"
      },
      "geometry": {
        "type": "Polygon",
        "coordinates": [
          [
            [
              77.11,
              28.605
            ],
            [
              77.12,
              28.605
            ],
            [
              77.12,
              28.6125
            ],
            [
              77.11,
              28.6125
            ],
            [
              77.11,
              28.605
            ]
          ]
        ]
      }
    },
    {
      "type": "Feature",
      "properties": {
        "name": "Cell R14 C02",
        "code": "delh_014_002",
        "city": "Delhi"
      },
      "geometry": {
        "type": "Polygon",
        "coordinates": [
          [
            [
              77.11999999999999,
              28.605
            ],
            [
              77.13,
              28.605
            ],
            [
              77.13,
              28.6125
            ],
            [
              77.11999999999999,
              28.6125
            ],
            [
              77.11999999999999,
              28.605
            ]
          ]
        ]
      }
    },
    {
      "type": "Feature",
      "properties": {
        "name": "Cell R14 C03",
        "code": "delh_014_003",
        "city": "Delhi"
      },
      "geometry": {
        "type": "Polygon",
        "coordinates": [
          [
            [
              77.13,
              28.605
            ],
            [
              77.14,
              28.605
            ],
            [
              77.14,
              28.6125
            ],
            [
              77.13,
              28.6125
            ],
            [
              77.13,
              28.605
            ]
          ]
        ]
      }
    },
    {
      "type": "Feature",
      "properties": {
        "name": "Cell R14 C04",
        "code": "delh_014_004",
        "city": "Delhi"
      },
      "geometry": {
        "type": "Polygon",
        "coordinates": [
          [
            [
              77.14,
              28.605
            ],
            [
              77.15,
              28.605
            ],
            [
              77.15,
              28.6125
            ],
            [
              77.14,
              28.6125
            ],
            [
              77.14,
              28.605
            ]
          ]
        ]
      }
    },
    {
      "type": "Feature",
      "properties": {
        "name": "Cell R14 C05",
        "code": "delh_014_005",
        "city": "Delhi"
      },
      "geometry": {
        "type": "Polygon",
        "coordinates": [
          [
            [
              77.14999999999999,
              28.605
            ],
            [
              77.16,
              28.605
            ],
            [
              77.16,
              28.6125
            ],
            [
              77.14999999999999,
              28.6125
            ],
            [
              77.14999999999999,
              28.605
            ]
          ]
        ]
      }
    },
    {
      "type": "Feature",
      "properties": {
        "name": "Cell R14 C06",
        "code": "delh_014_006",
        "city": "Delhi"
      },
      "geometry": {
        "type": "Polygon",
        "coordinates": [
          [
            [
              77.16,
              28.605
            ],
            [
              77.17,
              28.605
            ],
            [
              77.17,
              28.6125
            ],
            [
              77.16,
              28.6125
            ],
            [
              77.16,
              28.605
            ]
          ]
        ]
      }
    },
    {
      "type": "Feature",
      "properties": {
        "name": "Cell R14 C07",
        "code": "delh_014_007",
        "city": "Delhi"
      },
      "geometry": {
        "type": "Polygon",
        "coordinates": [
          [
            [
              77.17,
              28.605
            ],
            [
              77.18,
              28.605
            ],
            [
              77.18,
              28.6125
            ],
            [
              77.17,
              28.6125
            ],
            [
              77.17,
              28.605
            ]
          ]
        ]
      }
    },
    {
      "type": "Feature",
      "properties": {
        "name": "Cell R14 C08",
        "code": "delh_014_008",
        "city": "Delhi"
      },
      "geometry": {
        "type": "Polygon",
        "coordinates": [
          [
            [
              77.17999999999999,
              28.605
            ],
            [
              77.19,
              28.605
            ],
            [
              77.19,
              28.6125
            ],
            [
              77.17999999999999,
              28.6125
            ],
            [
              77.17999999999999,
              28.605
            ]
          ]
        ]
      }
    },
    {
      "type": "Feature",
      "properties": {
        "name": "Cell R14 C09",
        "code": "delh_014_009",
        "city": "Delhi"
      },
      "geometry": {
        "type": "Polygon",
        "coordinates": [
          [
            [
              77.19,
              28.605
            ],
            [
              77.2,
              28.605
            ],
            [
              77.2,
              28.6125
            ],
            [
              77.19,
              28.6125
            ],
            [
              77.19,
              28.605
            ]
          ]
        ]
      }
    },
    {
      "type": "Feature",
      "properties": {
        "name": "Cell R14 C10",
        "code": "delh_014_010",
        "city": "Delhi"
      },
      "geometry": {
        "type": "Polygon",
        "coordinates": [
          [
            [
              77.19999999999999,
              28.605
            ],
            [
              77.21,
              28.605
            ],
            [
              77.21,
              28.6125
            ],
            [
              77.19999999999999,
              28.6125
            ],
            [
              77.19999999999999,
              28.605
            ]
          ]
        ]
      }
    },
    {
      "type": "Feature",
      "properties": {
        "name": "Cell R14 C11",
        "code": "delh_014_011",
        "city": "Delhi"
      },
      "geometry": {
        "type": "Polygon",
        "coordinates": [
          [
            [
              77.21,
              28.605
            ],
            [
              77.22,
              28.605
            ],
            [
              77.22,
              28.6125
            ],
            [
              77.21,
              28.6125
            ],
            [
              77.21,
              28.605
            ]
          ]
        ]
      }
    },
    {
      "type": "Feature",
      "properties": {
        "name": "Cell R14 C12",
        "code": "delh_014_012",
        "city": "Delhi"
      },
      "geometry": {
        "type": "Polygon",
        "coordinates": [
          [
            [
              77.22,
              28.605
            ],
            [
              77.23,
              28.605
            ],
            [
              77.23,
              28.6125
            ],
            [
              77.22,
              28.6125
            ],
            [
              77.22,
              28.605
            ]
          ]
        ]
      }
    },
    {
      "type": "Feature",
      "properties": {
        "name": "Cell R14 C13",
        "code": "delh_014_013",
        "city": "Delhi"
      },
      "geometry": {
        "type": "Polygon",
        "coordinates": [
          [
            [
              77.22999999999999,
              28.605
            ],
            [
              77.24,
              28.605
            ],
            [
              77.24,
              28.6125
            ],
            [
              77.22999999999999,
              28.6125
            ],
            [
              77.22999999999999,
              28.605
            ]
          ]
        ]
      }
    },
    {
      "type": "Feature",
      "properties": {
        "name": "Cell R14 C14",
        "code": "delh_014_014",
        "city": "Delhi"
      },
      "geometry": {
        "type": "Polygon",
        "coordinates": [
          [
            [
              77.24,
              28.605
            ],
            [
              77.25,
              28.605
            ],
            [
              77.25,
              28.6125
            ],
            [
              77.24,
              28.6125
            ],
            [
              77.24,
              28.605
            ]
          ]
        ]
      }
    },
    {
      "type": "Feature",
      "properties": {
        "name": "Cell R14 C15",
        "code": "delh_014_015",
        "city": "Delhi"
      },
      "geometry": {
        "type": "Polygon",
        "coordinates": [
          [
            [
              77.25,
              28.605
            ],
            [
              77.26,
              28.605
            ],
            [
              77.26,
              28.6125
            ],
            [
              77.25,
              28.6125
            ],
            [
              77.25,
              28.605
            ]
          ]
        ]
      }
    },
    {
      "type": "Feature",
      "properties": {
        "name": "Cell R14 C16",
        "code": "delh_014_016",
        "city": "Delhi"
      },
      "geometry": {
        "type": "Polygon",
        "coordinates": [
          [
            [
              77.25999999999999,
              28.605
            ],
            [
              77.27,
              28.605
            ],
            [
              77.27,
              28.6125
            ],
            [
              77.25999999999999,
              28.6125
            ],
            [
              77.25999999999999,
              28.605
            ]
          ]
        ]
      }
    },
    {
      "type": "Feature",
      "properties": {
        "name": "Cell R14 C17",
        "code": "delh_014_017",
        "city": "Delhi"
      },
      "geometry": {
        "type": "Polygon",
        "coordinates": [
          [
            [
              77.27,
              28.605
            ],
            [
              77.28,
              28.605
            ],
            [
              77.28,
              28.6125
            ],
            [
              77.27,
              28.6125
            ],
            [
              77.27,
              28.605
            ]
          ]
        ]
      }
    },
    {
      "type": "Feature",
      "properties": {
        "name": "Cell R14 C18",
        "code": "delh_014_018",
        "city": "Delhi"
      },
      "geometry": {
        "type": "Polygon",
        "coordinates": [
          [
            [
              77.28,
              28.605
            ],
            [
              77.29,
              28.605
            ],
            [
              77.29,
              28.6125
            ],
            [
              77.28,
              28.6125
            ],
            [
              77.28,
              28.605
            ]
          ]
        ]
      }
    },
    {
      "type": "Feature",
      "properties": {
        "name": "Cell R14 C19",
        "code": "delh_014_019",
        "city": "Delhi"
      },
      "geometry": {
        "type": "Polygon",
        "coordinates": [
          [
            [
              77.28999999999999,
              28.605
            ],
            [
              77.3,
              28.605
            ],
            [
              77.3,
              28.6125
            ],
            [
              77.28999999999999,
              28.6125
            ],
            [
              77.28999999999999,
              28.605
            ]
          ]
        ]
      }
    },
    {
      "type": "Feature",
      "properties": {
        "name": "Cell R15 C00",
        "code": "delh_015_000",
        "city": "Delhi"
      },
      "geometry": {
        "type": "Polygon",
        "coordinates": [
          [
            [
              77.1,
              28.612499999999997
            ],
            [
              77.11,
              28.612499999999997
            ],
            [
              77.11,
              28.619999999999997
            ],
            [
              77.1,
              28.619999999999997
            ],
            [
              77.1,
              28.612499999999997
            ]
          ]
        ]
      }
    },
    {
      "type": "Feature",
      "properties": {
        "name": "Cell R15 C01",
        "code": "delh_015_001",
        "city": "Delhi"
      },
      "geometry": {
        "type": "Polygon",
        "coordinates": [
          [
            [
              77.11,
              28.612499999999997
            ],
            [
              77.12,
              28.612499999999997
            ],
            [
              77.12,
              28.619999999999997
            ],
            [
              77.11,
              28.619999999999997
            ],
            [
              77.11,
              28.612499999999997
            ]
          ]
        ]
      }
    },
    {
      "type": "Feature",
      "properties": {
        "name": "Cell R15 C02",
        "code": "delh_015_002",
        "city": "Delhi"
      },
      "geometry": {
        "type": "Polygon",
        "coordinates": [
          [
            [
              77.11999999999999,
              28.612499999999997
            ],
            [
              77.13,
              28.612499999999997
            ],
            [
              77.13,
              28.619999999999997
            ],
            [
              77.11999999999999,
              28.619999999999997
            ],
            [
              77.11999999999999,
              28.612499999999997
            ]
          ]
        ]
      }
    },
    {
      "type": "Feature",
      "properties": {
        "name": "Cell R15 C03",
        "code": "delh_015_003",
        "city": "Delhi"
      },
      "geometry": {
        "type": "Polygon",
        "coordinates": [
          [
            [
              77.13,
              28.612499999999997
            ],
            [
              77.14,
              28.612499999999997
            ],
            [
              77.14,
              28.619999999999997
            ],
            [
              77.13,
              28.619999999999997
            ],
            [
              77.13,
              28.612499999999997
            ]
          ]
        ]
      }
    },
    {
      "type": "Feature",
      "properties": {
        "name": "Cell R15 C04",
        "code": "delh_015_004",
        "city": "Delhi"
      },
      "geometry": {
        "type": "Polygon",
        "coordinates": [
          [
            [
              77.14,
              28.612499999999997
            ],
            [
              77.15,
              28.612499999999997
            ],
            [
              77.15,
              28.619999999999997
            ],
            [
              77.14,
              28.619999999999997
            ],
            [
              77.14,
              28.612499999999997
            ]
          ]
        ]
      }
    },
    {
      "type": "Feature",
      "properties": {
        "name": "Cell R15 C05",
        "code": "delh_015_005",
        "city": "Delhi"
      },
      "geometry": {
        "type": "Polygon",
        "coordinates": [
          [
            [
              77.14999999999999,
              28.612499999999997
            ],
            [
              77.16,
              28.612499999999997
            ],
            [
              77.16,
              28.619999999999997
            ],
            [
              77.14999999999999,
              28.619999999999997
            ],
            [
              77.14999999999999,
              28.612499999999997
            ]
          ]
        ]
      }
    },
    {
      "type": "Feature",
      "properties": {
        "name": "Cell R15 C06",
        "code": "delh_015_006",
        "city": "Delhi"
      },
      "geometry": {
        "type": "Polygon",
        "coordinates": [
          [
            [
              77.16,
              28.612499999999997
            ],
            [
              77.17,
              28.612499999999997
            ],
            [
              77.17,
              28.619999999999997
            ],
            [
              77.16,
              28.619999999999997
            ],
            [
              77.16,
              28.612499999999997
            ]
          ]
        ]
      }
    },
    {
      "type": "Feature",
      "properties": {
        "name": "Cell R15 C07",
        "code": "delh_015_007",
        "city": "Delhi"
      },
      "geometry": {
        "type": "Polygon",
        "coordinates": [
          [
            [
              77.17,
              28.612499999999997
            ],
            [
              77.18,
              28.612499999999997
            ],
            [
              77.18,
              28.619999999999997
            ],
            [
              77.17,
              28.619999999999997
            ],
            [
              77.17,
              28.612499999999997
            ]
          ]
        ]
      }
    },
    {
      "type": "Feature",
      "properties": {
        "name": "Cell R15 C08",
        "code": "delh_015_008",
        "city": "Delhi"
      },
      "geometry": {
        "type": "Polygon",
        "coordinates": [
          [
            [
              77.17999999999999,
              28.612499999999997
            ],
            [
              77.19,
              28.612499999999997
            ],
            [
              77.19,
              28.619999999999997
            ],
            [
              77.17999999999999,
              28.619999999999997
            ],
            [
              77.17999999999999,
              28.612499999999997
            ]
          ]
        ]
      }
    },
    {
      "type": "Feature",
      "properties": {
        "name": "Cell R15 C09",
        "code": "delh_015_009",
        "city": "Delhi"
      },
      "geometry": {
        "type": "Polygon",
        "coordinates": [
          [
            [
              77.19,
              28.612499999999997
            ],
            [
              77.2,
              28.612499999999997
            ],
            [
              77.2,
              28.619999999999997
            ],
            [
              77.19,
              28.619999999999997
            ],
            [
              77.19,
              28.612499999999997
            ]
          ]
        ]
      }
    },
    {
      "type": "Feature",
      "properties": {
        "name": "Cell R15 C10",
        "code": "delh_015_010",
        "city": "Delhi"
      },
      "geometry": {
        "type": "Polygon",
        "coordinates": [
          [
            [
              77.19999999999999,
              28.612499999999997
            ],
            [
              77.21,
              28.612499999999997
            ],
            [
              77.21,
              28.619999999999997
            ],
            [
              77.19999999999999,
              28.619999999999997
            ],
            [
              77.19999999999999,
              28.612499999999997
            ]
          ]
        ]
      }
    },
    {
      "type": "Feature",
      "properties": {
        "name": "Cell R15 C11",
        "code": "delh_015_011",
        "city": "Delhi"
      },
      "geometry": {
        "type": "Polygon",
        "coordinates": [
          [
            [
              77.21,
              28.612499999999997
            ],
            [
              77.22,
              28.612499999999997
            ],
            [
              77.22,
              28.619999999999997
            ],
            [
              77.21,
              28.619999999999997
            ],
            [
              77.21,
              28.612499999999997
            ]
          ]
        ]
      }
    },
    {
      "type": "Feature",
      "properties": {
        "name": "Cell R15 C12",
        "code": "delh_015_012",
        "city": "Delhi"
      },
      "geometry": {
        "type": "Polygon",
        "coordinates": [
          [
            [
              77.22,
              28.612499999999997
            ],
            [
              77.23,
              28.612499999999997
            ],
            [
              77.23,
              28.619999999999997
            ],
            [
              77.22,
              28.619999999999997
            ],
            [
              77.22,
              28.612499999999997
            ]
          ]
        ]
      }
    },
    {
      "type": "Feature",
      "properties": {
        "name": "Cell R15 C13",
        "code": "delh_015_013",
        "city": "Delhi"
      },
      "geometry": {
        "type": "Polygon",
        "coordinates": [
          [
            [
              77.22999999999999,
              28.612499999999997
            ],
            [
              77.24,
              28.612499999999997
            ],
            [
              77.24,
              28.619999999999997
            ],
            [
              77.22999999999999,
              28.619999999999997
            ],
            [
              77.22999999999999,
              28.612499999999997
            ]
          ]
        ]
      }
    },
    {
      "type": "Feature",
      "properties": {
        "name": "Cell R15 C14",
        "code": "delh_015_014",
        "city": "Delhi"
      },
      "geometry": {
        "type": "Polygon",
        "coordinates": [
          [
            [
              77.24,
              28.612499999999997
            ],
            [
              77.25,
              28.612499999999997
            ],
            [
              77.25,
              28.619999999999997
            ],
            [
              77.24,
              28.619999999999997
            ],
            [
              77.24,
              28.612499999999997
            ]
          ]
        ]
      }
    },
    {
      "type": "Feature",
      "properties": {
        "name": "Cell R15 C15",
        "code": "delh_015_015",
        "city": "Delhi"
      },
      "geometry": {
        "type": "Polygon",
        "coordinates": [
          [
            [
              77.25,
              28.612499999999997
            ],
            [
              77.26,
              28.612499999999997
            ],
            [
              77.26,
              28.619999999999997
            ],
            [
              77.25,
              28.619999999999997
            ],
            [
              77.25,
              28.612499999999997
            ]
          ]
        ]
      }
    },
    {
      "type": "Feature",
      "properties": {
        "name": "Cell R15 C16",
        "code": "delh_015_016",
        "city": "Delhi"
      },
      "geometry": {
        "type": "Polygon",
        "coordinates": [
          [
            [
              77.25999999999999,
              28.612499999999997
            ],
            [
              77.27,
              28.612499999999997
            ],
            [
              77.27,
              28.619999999999997
            ],
            [
              77.25999999999999,
              28.619999999999997
            ],
            [
              77.25999999999999,
              28.612499999999997
            ]
          ]
        ]
      }
    },
    {
      "type": "Feature",
      "properties": {
        "name": "Cell R15 C17",
        "code": "delh_015_017",
        "city": "Delhi"
      },
      "geometry": {
        "type": "Polygon",
        "coordinates": [
          [
            [
              77.27,
              28.612499999999997
            ],
            [
              77.28,
              28.612499999999997
            ],
            [
              77.28,
              28.619999999999997
            ],
            [
              77.27,
              28.619999999999997
            ],
            [
              77.27,
              28.612499999999997
            ]
          ]
        ]
      }
    },
    {
      "type": "Feature",
      "properties": {
        "name": "Cell R15 C18",
        "code": "delh_015_018",
        "city": "Delhi"
      },
      "geometry": {
        "type": "Polygon",
        "coordinates": [
          [
            [
              77.28,
              28.612499999999997
            ],
            [
              77.29,
              28.612499999999997
            ],
            [
              77.29,
              28.619999999999997
            ],
            [
              77.28,
              28.619999999999997
            ],
            [
              77.28,
              28.612499999999997
            ]
          ]
        ]
      }
    },
    {
      "type": "Feature",
      "properties": {
        "name": "Cell R15 C19",
        "code": "delh_015_019",
        "city": "Delhi"
      },
      "geometry": {
        "type": "Polygon",
        "coordinates": [
          [
            [
              77.28999999999999,
              28.612499999999997
            ],
            [
              77.3,
              28.612499999999997
            ],
            [
              77.3,
              28.619999999999997
            ],
            [
              77.28999999999999,
              28.619999999999997
            ],
            [
              77.28999999999999,
              28.612499999999997
            ]
          ]
        ]
      }
    },
    {
      "type": "Feature",
      "properties": {
        "name": "Cell R16 C00",
        "code": "delh_016_000",
        "city": "Delhi"
      },
      "geometry": {
        "type": "Polygon",
        "coordinates": [
          [
            [
              77.1,
              28.619999999999997
            ],
            [
              77.11,
              28.619999999999997
            ],
            [
              77.11,
              28.627499999999998
            ],
            [
              77.1,
              28.627499999999998
            ],
            [
              77.1,
              28.619999999999997
            ]
          ]
        ]
      }
    },
    {
      "type": "Feature",
      "properties": {
        "name": "Cell R16 C01",
        "code": "delh_016_001",
        "city": "Delhi"
      },
      "geometry": {
        "type": "Polygon",
        "coordinates": [
          [
            [
              77.11,
              28.619999999999997
            ],
            [
              77.12,
              28.619999999999997
            ],
            [
              77.12,
              28.627499999999998
            ],
            [
              77.11,
              28.627499999999998
            ],
            [
              77.11,
              28.619999999999997
            ]
          ]
        ]
      }
    },
    {
      "type": "Feature",
      "properties": {
        "name": "Cell R16 C02",
        "code": "delh_016_002",
        "city": "Delhi"
      },
      "geometry": {
        "type": "Polygon",
        "coordinates": [
          [
            [
              77.11999999999999,
              28.619999999999997
            ],
            [
              77.13,
              28.619999999999997
            ],
            [
              77.13,
              28.627499999999998
            ],
            [
              77.11999999999999,
              28.627499999999998
            ],
            [
              77.11999999999999,
              28.619999999999997
            ]
          ]
        ]
      }
    },
    {
      "type": "Feature",
      "properties": {
        "name": "Cell R16 C03",
        "code": "delh_016_003",
        "city": "Delhi"
      },
      "geometry": {
        "type": "Polygon",
        "coordinates": [
          [
            [
              77.13,
              28.619999999999997
            ],
            [
              77.14,
              28.619999999999997
            ],
            [
              77.14,
              28.627499999999998
            ],
            [
              77.13,
              28.627499999999998
            ],
            [
              77.13,
              28.619999999999997
            ]
          ]
        ]
      }
    },
    {
      "type": "Feature",
      "properties": {
        "name": "Cell R16 C04",
        "code": "delh_016_004",
        "city": "Delhi"
      },
      "geometry": {
        "type": "Polygon",
        "coordinates": [
          [
            [
              77.14,
              28.619999999999997
            ],
            [
              77.15,
              28.619999999999997
            ],
            [
              77.15,
              28.627499999999998
            ],
            [
              77.14,
              28.627499999999998
            ],
            [
              77.14,
              28.619999999999997
            ]
          ]
        ]
      }
    },
    {
      "type": "Feature",
      "properties": {
        "name": "Cell R16 C05",
        "code": "delh_016_005",
        "city": "Delhi"
      },
      "geometry": {
        "type": "Polygon",
        "coordinates": [
          [
            [
              77.14999999999999,
              28.619999999999997
            ],
            [
              77.16,
              28.619999999999997
            ],
            [
              77.16,
              28.627499999999998
            ],
            [
              77.14999999999999,
              28.627499999999998
            ],
            [
              77.14999999999999,
              28.619999999999997
            ]
          ]
        ]
      }
    },
    {
      "type": "Feature",
      "properties": {
        "name": "Cell R16 C06",
        "code": "delh_016_006",
        "city": "Delhi"
      },
      "geometry": {
        "type": "Polygon",
        "coordinates": [
          [
            [
              77.16,
              28.619999999999997
            ],
            [
              77.17,
              28.619999999999997
            ],
            [
              77.17,
              28.627499999999998
            ],
            [
              77.16,
              28.627499999999998
            ],
            [
              77.16,
              28.619999999999997
            ]
          ]
        ]
      }
    },
    {
      "type": "Feature",
      "properties": {
        "name": "Cell R16 C07",
        "code": "delh_016_007",
        "city": "Delhi"
      },
      "geometry": {
        "type": "Polygon",
        "coordinates": [
          [
            [
              77.17,
              28.619999999999997
            ],
            [
              77.18,
              28.619999999999997
            ],
            [
              77.18,
              28.627499999999998
            ],
            [
              77.17,
              28.627499999999998
            ],
            [
              77.17,
              28.619999999999997
            ]
          ]
        ]
      }
    },
    {
      "type": "Feature",
      "properties": {
        "name": "Cell R16 C08",
        "code": "delh_016_008",
        "city": "Delhi"
      },
      "geometry": {
        "type": "Polygon",
        "coordinates": [
          [
            [
              77.17999999999999,
              28.619999999999997
            ],
            [
              77.19,
              28.619999999999997
            ],
            [
              77.19,
              28.627499999999998
            ],
            [
              77.17999999999999,
              28.627499999999998
            ],
            [
              77.17999999999999,
              28.619999999999997
            ]
          ]
        ]
      }
    },
    {
      "type": "Feature",
      "properties": {
        "name": "Cell R16 C09",
        "code": "delh_016_009",
        "city": "Delhi"
      },
      "geometry": {
        "type": "Polygon",
        "coordinates": [
          [
            [
              77.19,
              28.619999999999997
            ],
            [
              77.2,
              28.619999999999997
            ],
            [
              77.2,
              28.627499999999998
            ],
            [
              77.19,
              28.627499999999998
            ],
            [
              77.19,
              28.619999999999997
            ]
          ]
        ]
      }
    },
    {
      "type": "Feature",
      "properties": {
        "name": "Cell R16 C10",
        "code": "delh_016_010",
        "city": "Delhi"
      },
      "geometry": {
        "type": "Polygon",
        "coordinates": [
          [
            [
              77.19999999999999,
              28.619999999999997
            ],
            [
              77.21,
              28.619999999999997
            ],
            [
              77.21,
              28.627499999999998
            ],
            [
              77.19999999999999,
              28.627499999999998
            ],
            [
              77.19999999999999,
              28.619999999999997
            ]
          ]
        ]
      }
    },
    {
      "type": "Feature",
      "properties": {
        "name": "Cell R16 C11",
        "code": "delh_016_011",
        "city": "Delhi"
      },
      "geometry": {
        "type": "Polygon",
        "coordinates": [
          [
            [
              77.21,
              28.619999999999997
            ],
            [
              77.22,
              28.619999999999997
            ],
            [
              77.22,
              28.627499999999998
            ],
            [
              77.21,
              28.627499999999998
            ],
            [
              77.21,
              28.619999999999997
            ]
          ]
        ]
      }
    },
    {
      "type": "Feature",
      "properties": {
        "name": "Cell R16 C12",
        "code": "delh_016_012",
        "city": "Delhi"
      },
      "geometry": {
        "type": "Polygon",
        "coordinates": [
          [
            [
              77.22,
              28.619999999999997
            ],
            [
              77.23,
              28.619999999999997
            ],
            [
              77.23,
              28.627499999999998
            ],
            [
              77.22,
              28.627499999999998
            ],
            [
              77.22,
              28.619999999999997
            ]
          ]
        ]
      }
    },
    {
      "type": "Feature",
      "properties": {
        "name": "Cell R16 C13",
        "code": "delh_016_013",
        "city": "Delhi"
      },
      "geometry": {
        "type": "Polygon",
        "coordinates": [
          [
            [
              77.22999999999999,
              28.619999999999997
            ],
            [
              77.24,
              28.619999999999997
            ],
            [
              77.24,
              28.627499999999998
            ],
            [
              77.22999999999999,
              28.627499999999998
            ],
            [
              77.22999999999999,
              28.619999999999997
            ]
          ]
        ]
      }
    },
    {
      "type": "Feature",
      "properties": {
        "name": "Cell R16 C14",
        "code": "delh_016_014",
        "city": "Delhi"
      },
      "geometry": {
        "type": "Polygon",
        "coordinates": [
          [
            [
              77.24,
              28.619999999999997
            ],
            [
              77.25,
              28.619999999999997
            ],
            [
              77.25,
              28.627499999999998
            ],
            [
              77.24,
              28.627499999999998
            ],
            [
              77.24,
              28.619999999999997
            ]
          ]
        ]
      }
    },
    {
      "type": "Feature",
      "properties": {
        "name": "Cell R16 C15",
        "code": "delh_016_015",
        "city": "Delhi"
      },
      "geometry": {
        "type": "Polygon",
        "coordinates": [
          [
            [
              77.25,
              28.619999999999997
            ],
            [
              77.26,
              28.619999999999997
            ],
            [
              77.26,
              28.627499999999998
            ],
            [
              77.25,
              28.627499999999998
            ],
            [
              77.25,
              28.619999999999997
            ]
          ]
        ]
      }
    },
    {
      "type": "Feature",
      "properties": {
        "name": "Cell R16 C16",
        "code": "delh_016_016",
        "city": "Delhi"
      },
      "geometry": {
        "type": "Polygon",
        "coordinates": [
          [
            [
              77.25999999999999,
              28.619999999999997
            ],
            [
              77.27,
              28.619999999999997
            ],
            [
              77.27,
              28.627499999999998
            ],
            [
              77.25999999999999,
              28.627499999999998
            ],
            [
              77.25999999999999,
              28.619999999999997
            ]
          ]
        ]
      }
    },
    {
      "type": "Feature",
      "properties": {
        "name": "Cell R16 C17",
        "code": "delh_016_017",
        "city": "Delhi"
      },
      "geometry": {
        "type": "Polygon",
        "coordinates": [
          [
            [
              77.27,
              28.619999999999997
            ],
            [
              77.28,
              28.619999999999997
            ],
            [
              77.28,
              28.627499999999998
            ],
            [
              77.27,
              28.627499999999998
            ],
            [
              77.27,
              28.619999999999997
            ]
          ]
        ]
      }
    },
    {
      "type": "Feature",
      "properties": {
        "name": "Cell R16 C18",
        "code": "delh_016_018",
        "city": "Delhi"
      },
      "geometry": {
        "type": "Polygon",
        "coordinates": [
          [
            [
              77.28,
              28.619999999999997
            ],
            [
              77.29,
              28.619999999999997
            ],
            [
              77.29,
              28.627499999999998
            ],
            [
              77.28,
              28.627499999999998
            ],
            [
              77.28,
              28.619999999999997
            ]
          ]
        ]
      }
    },
    {
      "type": "Feature",
      "properties": {
        "name": "Cell R16 C19",
        "code": "delh_016_019",
        "city": "Delhi"
      },
      "geometry": {
        "type": "Polygon",
        "coordinates": [
          [
            [
              77.28999999999999,
              28.619999999999997
            ],
            [
              77.3,
              28.619999999999997
            ],
            [
              77.3,
              28.627499999999998
            ],
            [
              77.28999999999999,
              28.627499999999998
            ],
            [
              77.28999999999999,
              28.619999999999997
            ]
          ]
        ]
      }
    },
    {
      "type": "Feature",
      "properties": {
        "name": "Cell R17 C00",
        "code": "delh_017_000",
        "city": "Delhi"
      },
      "geometry": {
        "type": "Polygon",
        "coordinates": [
          [
            [
              77.1,
              28.627499999999998
            ],
            [
              77.11,
              28.627499999999998
            ],
            [
              77.11,
              28.634999999999998
            ],
            [
              77.1,
              28.634999999999998
            ],
            [
              77.1,
              28.627499999999998
            ]
          ]
        ]
      }
    },
    {
      "type": "Feature",
      "properties": {
        "name": "Cell R17 C01",
        "code": "delh_017_001",
        "city": "Delhi"
      },
      "geometry": {
        "type": "Polygon",
        "coordinates": [
          [
            [
              77.11,
              28.627499999999998
            ],
            [
              77.12,
              28.627499999999998
            ],
            [
              77.12,
              28.634999999999998
            ],
            [
              77.11,
              28.634999999999998
            ],
            [
              77.11,
              28.627499999999998
            ]
          ]
        ]
      }
    },
    {
      "type": "Feature",
      "properties": {
        "name": "Cell R17 C02",
        "code": "delh_017_002",
        "city": "Delhi"
      },
      "geometry": {
        "type": "Polygon",
        "coordinates": [
          [
            [
              77.11999999999999,
              28.627499999999998
            ],
            [
              77.13,
              28.627499999999998
            ],
            [
              77.13,
              28.634999999999998
            ],
            [
              77.11999999999999,
              28.634999999999998
            ],
            [
              77.11999999999999,
              28.627499999999998
            ]
          ]
        ]
      }
    },
    {
      "type": "Feature",
      "properties": {
        "name": "Cell R17 C03",
        "code": "delh_017_003",
        "city": "Delhi"
      },
      "geometry": {
        "type": "Polygon",
        "coordinates": [
          [
            [
              77.13,
              28.627499999999998
            ],
            [
              77.14,
              28.627499999999998
            ],
            [
              77.14,
              28.634999999999998
            ],
            [
              77.13,
              28.634999999999998
            ],
            [
              77.13,
              28.627499999999998
            ]
          ]
        ]
      }
    },
    {
      "type": "Feature",
      "properties": {
        "name": "Cell R17 C04",
        "code": "delh_017_004",
        "city": "Delhi"
      },
      "geometry": {
        "type": "Polygon",
        "coordinates": [
          [
            [
              77.14,
              28.627499999999998
            ],
            [
              77.15,
              28.627499999999998
            ],
            [
              77.15,
              28.634999999999998
            ],
            [
              77.14,
              28.634999999999998
            ],
            [
              77.14,
              28.627499999999998
            ]
          ]
        ]
      }
    },
    {
      "type": "Feature",
      "properties": {
        "name": "Cell R17 C05",
        "code": "delh_017_005",
        "city": "Delhi"
      },
      "geometry": {
        "type": "Polygon",
        "coordinates": [
          [
            [
              77.14999999999999,
              28.627499999999998
            ],
            [
              77.16,
              28.627499999999998
            ],
            [
              77.16,
              28.634999999999998
            ],
            [
              77.14999999999999,
              28.634999999999998
            ],
            [
              77.14999999999999,
              28.627499999999998
            ]
          ]
        ]
      }
    },
    {
      "type": "Feature",
      "properties": {
        "name": "Cell R17 C06",
        "code": "delh_017_006",
        "city": "Delhi"
      },
      "geometry": {
        "type": "Polygon",
        "coordinates": [
          [
            [
              77.16,
              28.627499999999998
            ],
            [
              77.17,
              28.627499999999998
            ],
            [
              77.17,
              28.634999999999998
            ],
            [
              77.16,
              28.634999999999998
            ],
            [
              77.16,
              28.627499999999998
            ]
          ]
        ]
      }
    },
    {
      "type": "Feature",
      "properties": {
        "name": "Cell R17 C07",
        "code": "delh_017_007",
        "city": "Delhi"
      },
      "geometry": {
        "type": "Polygon",
        "coordinates": [
          [
            [
              77.17,
              28.627499999999998
            ],
            [
              77.18,
              28.627499999999998
            ],
            [
              77.18,
              28.634999999999998
            ],
            [
              77.17,
              28.634999999999998
            ],
            [
              77.17,
              28.627499999999998
            ]
          ]
        ]
      }
    },
    {
      "type": "Feature",
      "properties": {
        "name": "Cell R17 C08",
        "code": "delh_017_008",
        "city": "Delhi"
      },
      "geometry": {
        "type": "Polygon",
        "coordinates": [
          [
            [
              77.17999999999999,
              28.627499999999998
            ],
            [
              77.19,
              28.627499999999998
            ],
            [
              77.19,
              28.634999999999998
            ],
            [
              77.17999999999999,
              28.634999999999998
            ],
            [
              77.17999999999999,
              28.627499999999998
            ]
          ]
        ]
      }
    },
    {
      "type": "Feature",
      "properties": {
        "name": "Cell R17 C09",
        "code": "delh_017_009",
        "city": "Delhi"
      },
      "geometry": {
        "type": "Polygon",
        "coordinates": [
          [
            [
              77.19,
              28.627499999999998
            ],
            [
              77.2,
              28.627499999999998
            ],
            [
              77.2,
              28.634999999999998
            ],
            [
              77.19,
              28.634999999999998
            ],
            [
              77.19,
              28.627499999999998
            ]
          ]
        ]
      }
    },
    {
      "type": "Feature",
      "properties": {
        "name": "Cell R17 C10",
        "code": "delh_017_010",
        "city": "Delhi"
      },
      "geometry": {
        "type": "Polygon",
        "coordinates": [
          [
            [
              77.19999999999999,
              28.627499999999998
            ],
            [
              77.21,
              28.627499999999998
            ],
            [
              77.21,
              28.634999999999998
            ],
            [
              77.19999999999999,
              28.634999999999998
            ],
            [
              77.19999999999999,
              28.627499999999998
            ]
          ]
        ]
      }
    },
    {
      "type": "Feature",
      "properties": {
        "name": "Cell R17 C11",
        "code": "delh_017_011",
        "city": "Delhi"
      },
      "geometry": {
        "type": "Polygon",
        "coordinates": [
          [
            [
              77.21,
              28.627499999999998
            ],
            [
              77.22,
              28.627499999999998
            ],
            [
              77.22,
              28.634999999999998
            ],
            [
              77.21,
              28.634999999999998
            ],
            [
              77.21,
              28.627499999999998
            ]
          ]
        ]
      }
    },
    {
      "type": "Feature",
      "properties": {
        "name": "Cell R17 C12",
        "code": "delh_017_012",
        "city": "Delhi"
      },
      "geometry": {
        "type": "Polygon",
        "coordinates": [
          [
            [
              77.22,
              28.627499999999998
            ],
            [
              77.23,
              28.627499999999998
            ],
            [
              77.23,
              28.634999999999998
            ],
            [
              77.22,
              28.634999999999998
            ],
            [
              77.22,
              28.627499999999998
            ]
          ]
        ]
      }
    },
    {
      "type": "Feature",
      "properties": {
        "name": "Cell R17 C13",
        "code": "delh_017_013",
        "city": "Delhi"
      },
      "geometry": {
        "type": "Polygon",
        "coordinates": [
          [
            [
              77.22999999999999,
              28.627499999999998
            ],
            [
              77.24,
              28.627499999999998
            ],
            [
              77.24,
              28.634999999999998
            ],
            [
              77.22999999999999,
              28.634999999999998
            ],
            [
              77.22999999999999,
              28.627499999999998
            ]
          ]
        ]
      }
    },
    {
      "type": "Feature",
      "properties": {
        "name": "Cell R17 C14",
        "code": "delh_017_014",
        "city": "Delhi"
      },
      "geometry": {
        "type": "Polygon",
        "coordinates": [
          [
            [
              77.24,
              28.627499999999998
            ],
            [
              77.25,
              28.627499999999998
            ],
            [
              77.25,
              28.634999999999998
            ],
            [
              77.24,
              28.634999999999998
            ],
            [
              77.24,
              28.627499999999998
            ]
          ]
        ]
      }
    },
    {
      "type": "Feature",
      "properties": {
        "name": "Cell R17 C15",
        "code": "delh_017_015",
        "city": "Delhi"
      },
      "geometry": {
        "type": "Polygon",
        "coordinates": [
          [
            [
              77.25,
              28.627499999999998
            ],
            [
              77.26,
              28.627499999999998
            ],
            [
              77.26,
              28.634999999999998
            ],
            [
              77.25,
              28.634999999999998
            ],
            [
              77.25,
              28.627499999999998
            ]
          ]
        ]
      }
    },
    {
      "type": "Feature",
      "properties": {
        "name": "Cell R17 C16",
        "code": "delh_017_016",
        "city": "Delhi"
      },
      "geometry": {
        "type": "Polygon",
        "coordinates": [
          [
            [
              77.25999999999999,
              28.627499999999998
            ],
            [
              77.27,
              28.627499999999998
            ],
            [
              77.27,
              28.634999999999998
            ],
            [
              77.25999999999999,
              28.634999999999998
            ],
            [
              77.25999999999999,
              28.627499999999998
            ]
          ]
        ]
      }
    },
    {
      "type": "Feature",
      "properties": {
        "name": "Cell R17 C17",
        "code": "delh_017_017",
        "city": "Delhi"
      },
      "geometry": {
        "type": "Polygon",
        "coordinates": [
          [
            [
              77.27,
              28.627499999999998
            ],
            [
              77.28,
              28.627499999999998
            ],
            [
              77.28,
              28.634999999999998
            ],
            [
              77.27,
              28.634999999999998
            ],
            [
              77.27,
              28.627499999999998
            ]
          ]
        ]
      }
    },
    {
      "type": "Feature",
      "properties": {
        "name": "Cell R17 C18",
        "code": "delh_017_018",
        "city": "Delhi"
      },
      "geometry": {
        "type": "Polygon",
        "coordinates": [
          [
            [
              77.28,
              28.627499999999998
            ],
            [
              77.29,
              28.627499999999998
            ],
            [
              77.29,
              28.634999999999998
            ],
            [
              77.28,
              28.634999999999998
            ],
            [
              77.28,
              28.627499999999998
            ]
          ]
        ]
      }
    },
    {
      "type": "Feature",
      "properties": {
        "name": "Cell R17 C19",
        "code": "delh_017_019",
        "city": "Delhi"
      },
      "geometry": {
        "type": "Polygon",
        "coordinates": [
          [
            [
              77.28999999999999,
              28.627499999999998
            ],
            [
              77.3,
              28.627499999999998
            ],
            [
              77.3,
              28.634999999999998
            ],
            [
              77.28999999999999,
              28.634999999999998
            ],
            [
              77.28999999999999,
              28.627499999999998
            ]
          ]
        ]
      }
    },
    {
      "type": "Feature",
      "properties": {
        "name": "Cell R18 C00",
        "code": "delh_018_000",
        "city": "Delhi"
      },
      "geometry": {
        "type": "Polygon",
        "coordinates": [
          [
            [
              77.1,
              28.634999999999998
            ],
            [
              77.11,
              28.634999999999998
            ],
            [
              77.11,
              28.6425
            ],
            [
              77.1,
              28.6425
            ],
            [
              77.1,
              28.634999999999998
            ]
          ]
        ]
      }
    },
    {
      "type": "Feature",
      "properties": {
        "name": "Cell R18 C01",
        "code": "delh_018_001",
        "city": "Delhi"
      },
      "geometry": {
        "type": "Polygon",
        "coordinates": [
          [
            [
              77.11,
              28.634999999999998
            ],
            [
              77.12,
              28.634999999999998
            ],
            [
              77.12,
              28.6425
            ],
            [
              77.11,
              28.6425
            ],
            [
              77.11,
              28.634999999999998
            ]
          ]
        ]
      }
    },
    {
      "type": "Feature",
      "properties": {
        "name": "Cell R18 C02",
        "code": "delh_018_002",
        "city": "Delhi"
      },
      "geometry": {
        "type": "Polygon",
        "coordinates": [
          [
            [
              77.11999999999999,
              28.634999999999998
            ],
            [
              77.13,
              28.634999999999998
            ],
            [
              77.13,
              28.6425
            ],
            [
              77.11999999999999,
              28.6425
            ],
            [
              77.11999999999999,
              28.634999999999998
            ]
          ]
        ]
      }
    },
    {
      "type": "Feature",
      "properties": {
        "name": "Cell R18 C03",
        "code": "delh_018_003",
        "city": "Delhi"
      },
      "geometry": {
        "type": "Polygon",
        "coordinates": [
          [
            [
              77.13,
              28.634999999999998
            ],
            [
              77.14,
              28.634999999999998
            ],
            [
              77.14,
              28.6425
            ],
            [
              77.13,
              28.6425
            ],
            [
              77.13,
              28.634999999999998
            ]
          ]
        ]
      }
    },
    {
      "type": "Feature",
      "properties": {
        "name": "Cell R18 C04",
        "code": "delh_018_004",
        "city": "Delhi"
      },
      "geometry": {
        "type": "Polygon",
        "coordinates": [
          [
            [
              77.14,
              28.634999999999998
            ],
            [
              77.15,
              28.634999999999998
            ],
            [
              77.15,
              28.6425
            ],
            [
              77.14,
              28.6425
            ],
            [
              77.14,
              28.634999999999998
            ]
          ]
        ]
      }
    },
    {
      "type": "Feature",
      "properties": {
        "name": "Cell R18 C05",
        "code": "delh_018_005",
        "city": "Delhi"
      },
      "geometry": {
        "type": "Polygon",
        "coordinates": [
          [
            [
              77.14999999999999,
              28.634999999999998
            ],
            [
              77.16,
              28.634999999999998
            ],
            [
              77.16,
              28.6425
            ],
            [
              77.14999999999999,
              28.6425
            ],
            [
              77.14999999999999,
              28.634999999999998
            ]
          ]
        ]
      }
    },
    {
      "type": "Feature",
      "properties": {
        "name": "Cell R18 C06",
        "code": "delh_018_006",
        "city": "Delhi"
      },
      "geometry": {
        "type": "Polygon",
        "coordinates": [
          [
            [
              77.16,
              28.634999999999998
            ],
            [
              77.17,
              28.634999999999998
            ],
            [
              77.17,
              28.6425
            ],
            [
              77.16,
              28.6425
            ],
            [
              77.16,
              28.634999999999998
            ]
          ]
        ]
      }
    },
    {
      "type": "Feature",
      "properties": {
        "name": "Cell R18 C07",
        "code": "delh_018_007",
        "city": "Delhi"
      },
      "geometry": {
        "type": "Polygon",
        "coordinates": [
          [
            [
              77.17,
              28.634999999999998
            ],
            [
              77.18,
              28.634999999999998
            ],
            [
              77.18,
              28.6425
            ],
            [
              77.17,
              28.6425
            ],
            [
              77.17,
              28.634999999999998
            ]
          ]
        ]
      }
    },
    {
      "type": "Feature",
      "properties": {
        "name": "Cell R18 C08",
        "code": "delh_018_008",
        "city": "Delhi"
      },
      "geometry": {
        "type": "Polygon",
        "coordinates": [
          [
            [
              77.17999999999999,
              28.634999999999998
            ],
            [
              77.19,
              28.634999999999998
            ],
            [
              77.19,
              28.6425
            ],
            [
              77.17999999999999,
              28.6425
            ],
            [
              77.17999999999999,
              28.634999999999998
            ]
          ]
        ]
      }
    },
    {
      "type": "Feature",
      "properties": {
        "name": "Cell R18 C09",
        "code": "delh_018_009",
        "city": "Delhi"
      },
      "geometry": {
        "type": "Polygon",
        "coordinates": [
          [
            [
              77.19,
              28.634999999999998
            ],
            [
              77.2,
              28.634999999999998
            ],
            [
              77.2,
              28.6425
            ],
            [
              77.19,
              28.6425
            ],
            [
              77.19,
              28.634999999999998
            ]
          ]
        ]
      }
    },
    {
      "type": "Feature",
      "properties": {
        "name": "Cell R18 C10",
        "code": "delh_018_010",
        "city": "Delhi"
      },
      "geometry": {
        "type": "Polygon",
        "coordinates": [
          [
            [
              77.19999999999999,
              28.634999999999998
            ],
            [
              77.21,
              28.634999999999998
            ],
            [
              77.21,
              28.6425
            ],
            [
              77.19999999999999,
              28.6425
            ],
            [
              77.19999999999999,
              28.634999999999998
            ]
          ]
        ]
      }
    },
    {
      "type": "Feature",
      "properties": {
        "name": "Cell R18 C11",
        "code": "delh_018_011",
        "city": "Delhi"
      },
      "geometry": {
        "type": "Polygon",
        "coordinates": [
          [
            [
              77.21,
              28.634999999999998
            ],
            [
              77.22,
              28.634999999999998
            ],
            [
              77.22,
              28.6425
            ],
            [
              77.21,
              28.6425
            ],
            [
              77.21,
              28.634999999999998
            ]
          ]
        ]
      }
    },
    {
      "type": "Feature",
      "properties": {
        "name": "Cell R18 C12",
        "code": "delh_018_012",
        "city": "Delhi"
      },
      "geometry": {
        "type": "Polygon",
        "coordinates": [
          [
            [
              77.22,
              28.634999999999998
            ],
            [
              77.23,
              28.634999999999998
            ],
            [
              77.23,
              28.6425
            ],
            [
              77.22,
              28.6425
            ],
            [
              77.22,
              28.634999999999998
            ]
          ]
        ]
      }
    },
    {
      "type": "Feature",
      "properties": {
        "name": "Cell R18 C13",
        "code": "delh_018_013",
        "city": "Delhi"
      },
      "geometry": {
        "type": "Polygon",
        "coordinates": [
          [
            [
              77.22999999999999,
              28.634999999999998
            ],
            [
              77.24,
              28.634999999999998
            ],
            [
              77.24,
              28.6425
            ],
            [
              77.22999999999999,
              28.6425
            ],
            [
              77.22999999999999,
              28.634999999999998
            ]
          ]
        ]
      }
    },
    {
      "type": "Feature",
      "properties": {
        "name": "Cell R18 C14",
        "code": "delh_018_014",
        "city": "Delhi"
      },
      "geometry": {
        "type": "Polygon",
        "coordinates": [
          [
            [
              77.24,
              28.634999999999998
            ],
            [
              77.25,
              28.634999999999998
            ],
            [
              77.25,
              28.6425
            ],
            [
              77.24,
              28.6425
            ],
            [
              77.24,
              28.634999999999998
            ]
          ]
        ]
      }
    },
    {
      "type": "Feature",
      "properties": {
        "name": "Cell R18 C15",
        "code": "delh_018_015",
        "city": "Delhi"
      },
      "geometry": {
        "type": "Polygon",
        "coordinates": [
          [
            [
              77.25,
              28.634999999999998
            ],
            [
              77.26,
              28.634999999999998
            ],
            [
              77.26,
              28.6425
            ],
            [
              77.25,
              28.6425
            ],
            [
              77.25,
              28.634999999999998
            ]
          ]
        ]
      }
    },
    {
      "type": "Feature",
      "properties": {
        "name": "Cell R18 C16",
        "code": "delh_018_016",
        "city": "Delhi"
      },
      "geometry": {
        "type": "Polygon",
        "coordinates": [
          [
            [
              77.25999999999999,
              28.634999999999998
            ],
            [
              77.27,
              28.634999999999998
            ],
            [
              77.27,
              28.6425
            ],
            [
              77.25999999999999,
              28.6425
            ],
            [
              77.25999999999999,
              28.634999999999998
            ]
          ]
        ]
      }
    },
    {
      "type": "Feature",
      "properties": {
        "name": "Cell R18 C17",
        "code": "delh_018_017",
        "city": "Delhi"
      },
      "geometry": {
        "type": "Polygon",
        "coordinates": [
          [
            [
              77.27,
              28.634999999999998
            ],
            [
              77.28,
              28.634999999999998
            ],
            [
              77.28,
              28.6425
            ],
            [
              77.27,
              28.6425
            ],
            [
              77.27,
              28.634999999999998
            ]
          ]
        ]
      }
    },
    {
      "type": "Feature",
      "properties": {
        "name": "Cell R18 C18",
        "code": "delh_018_018",
        "city": "Delhi"
      },
      "geometry": {
        "type": "Polygon",
        "coordinates": [
          [
            [
              77.28,
              28.634999999999998
            ],
            [
              77.29,
              28.634999999999998
            ],
            [
              77.29,
              28.6425
            ],
            [
              77.28,
              28.6425
            ],
            [
              77.28,
              28.634999999999998
            ]
          ]
        ]
      }
    },
    {
      "type": "Feature",
      "properties": {
        "name": "Cell R18 C19",
        "code": "delh_018_019",
        "city": "Delhi"
      },
      "geometry": {
        "type": "Polygon",
        "coordinates": [
          [
            [
              77.28999999999999,
              28.634999999999998
            ],
            [
              77.3,
              28.634999999999998
            ],
            [
              77.3,
              28.6425
            ],
            [
              77.28999999999999,
              28.6425
            ],
            [
              77.28999999999999,
              28.634999999999998
            ]
          ]
        ]
      }
    },
    {
      "type": "Feature",
      "properties": {
        "name": "Cell R19 C00",
        "code": "delh_019_000",
        "city": "Delhi"
      },
      "geometry": {
        "type": "Polygon",
        "coordinates": [
          [
            [
              77.1,
              28.6425
            ],
            [
              77.11,
              28.6425
            ],
            [
              77.11,
              28.65
            ],
            [
              77.1,
              28.65
            ],
            [
              77.1,
              28.6425
            ]
          ]
        ]
      }
    },
    {
      "type": "Feature",
      "properties": {
        "name": "Cell R19 C01",
        "code": "delh_019_001",
        "city": "Delhi"
      },
      "geometry": {
        "type": "Polygon",
        "coordinates": [
          [
            [
              77.11,
              28.6425
            ],
            [
              77.12,
              28.6425
            ],
            [
              77.12,
              28.65
            ],
            [
              77.11,
              28.65
            ],
            [
              77.11,
              28.6425
            ]
          ]
        ]
      }
    },
    {
      "type": "Feature",
      "properties": {
        "name": "Cell R19 C02",
        "code": "delh_019_002",
        "city": "Delhi"
      },
      "geometry": {
        "type": "Polygon",
        "coordinates": [
          [
            [
              77.11999999999999,
              28.6425
            ],
            [
              77.13,
              28.6425
            ],
            [
              77.13,
              28.65
            ],
            [
              77.11999999999999,
              28.65
            ],
            [
              77.11999999999999,
              28.6425
            ]
          ]
        ]
      }
    },
    {
      "type": "Feature",
      "properties": {
        "name": "Cell R19 C03",
        "code": "delh_019_003",
        "city": "Delhi"
      },
      "geometry": {
        "type": "Polygon",
        "coordinates": [
          [
            [
              77.13,
              28.6425
            ],
            [
              77.14,
              28.6425
            ],
            [
              77.14,
              28.65
            ],
            [
              77.13,
              28.65
            ],
            [
              77.13,
              28.6425
            ]
          ]
        ]
      }
    },
    {
      "type": "Feature",
      "properties": {
        "name": "Cell R19 C04",
        "code": "delh_019_004",
        "city": "Delhi"
      },
      "geometry": {
        "type": "Polygon",
        "coordinates": [
          [
            [
              77.14,
              28.6425
            ],
            [
              77.15,
              28.6425
            ],
            [
              77.15,
              28.65
            ],
            [
              77.14,
              28.65
            ],
            [
              77.14,
              28.6425
            ]
          ]
        ]
      }
    },
    {
      "type": "Feature",
      "properties": {
        "name": "Cell R19 C05",
        "code": "delh_019_005",
        "city": "Delhi"
      },
      "geometry": {
        "type": "Polygon",
        "coordinates": [
          [
            [
              77.14999999999999,
              28.6425
            ],
            [
              77.16,
              28.6425
            ],
            [
              77.16,
              28.65
            ],
            [
              77.14999999999999,
              28.65
            ],
            [
              77.14999999999999,
              28.6425
            ]
          ]
        ]
      }
    },
    {
      "type": "Feature",
      "properties": {
        "name": "Cell R19 C06",
        "code": "delh_019_006",
        "city": "Delhi"
      },
      "geometry": {
        "type": "Polygon",
        "coordinates": [
          [
            [
              77.16,
              28.6425
            ],
            [
              77.17,
              28.6425
            ],
            [
              77.17,
              28.65
            ],
            [
              77.16,
              28.65
            ],
            [
              77.16,
              28.6425
            ]
          ]
        ]
      }
    },
    {
      "type": "Feature",
      "properties": {
        "name": "Cell R19 C07",
        "code": "delh_019_007",
        "city": "Delhi"
      },
      "geometry": {
        "type": "Polygon",
        "coordinates": [
          [
            [
              77.17,
              28.6425
            ],
            [
              77.18,
              28.6425
            ],
            [
              77.18,
              28.65
            ],
            [
              77.17,
              28.65
            ],
            [
              77.17,
              28.6425
            ]
          ]
        ]
      }
    },
    {
      "type": "Feature",
      "properties": {
        "name": "Cell R19 C08",
        "code": "delh_019_008",
        "city": "Delhi"
      },
      "geometry": {
        "type": "Polygon",
        "coordinates": [
          [
            [
              77.17999999999999,
              28.6425
            ],
            [
              77.19,
              28.6425
            ],
            [
              77.19,
              28.65
            ],
            [
              77.17999999999999,
              28.65
            ],
            [
              77.17999999999999,
              28.6425
            ]
          ]
        ]
      }
    },
    {
      "type": "Feature",
      "properties": {
        "name": "Cell R19 C09",
        "code": "delh_019_009",
        "city": "Delhi"
      },
      "geometry": {
        "type": "Polygon",
        "coordinates": [
          [
            [
              77.19,
              28.6425
            ],
            [
              77.2,
              28.6425
            ],
            [
              77.2,
              28.65
            ],
            [
              77.19,
              28.65
            ],
            [
              77.19,
              28.6425
            ]
          ]
        ]
      }
    },
    {
      "type": "Feature",
      "properties": {
        "name": "Cell R19 C10",
        "code": "delh_019_010",
        "city": "Delhi"
      },
      "geometry": {
        "type": "Polygon",
        "coordinates": [
          [
            [
              77.19999999999999,
              28.6425
            ],
            [
              77.21,
              28.6425
            ],
            [
              77.21,
              28.65
            ],
            [
              77.19999999999999,
              28.65
            ],
            [
              77.19999999999999,
              28.6425
            ]
          ]
        ]
      }
    },
    {
      "type": "Feature",
      "properties": {
        "name": "Cell R19 C11",
        "code": "delh_019_011",
        "city": "Delhi"
      },
      "geometry": {
        "type": "Polygon",
        "coordinates": [
          [
            [
              77.21,
              28.6425
            ],
            [
              77.22,
              28.6425
            ],
            [
              77.22,
              28.65
            ],
            [
              77.21,
              28.65
            ],
            [
              77.21,
              28.6425
            ]
          ]
        ]
      }
    },
    {
      "type": "Feature",
      "properties": {
        "name": "Cell R19 C12",
        "code": "delh_019_012",
        "city": "Delhi"
      },
      "geometry": {
        "type": "Polygon",
        "coordinates": [
          [
            [
              77.22,
              28.6425
            ],
            [
              77.23,
              28.6425
            ],
            [
              77.23,
              28.65
            ],
            [
              77.22,
              28.65
            ],
            [
              77.22,
              28.6425
            ]
          ]
        ]
      }
    },
    {
      "type": "Feature",
      "properties": {
        "name": "Cell R19 C13",
        "code": "delh_019_013",
        "city": "Delhi"
      },
      "geometry": {
        "type": "Polygon",
        "coordinates": [
          [
            [
              77.22999999999999,
              28.6425
            ],
            [
              77.24,
              28.6425
            ],
            [
              77.24,
              28.65
            ],
            [
              77.22999999999999,
              28.65
            ],
            [
              77.22999999999999,
              28.6425
            ]
          ]
        ]
      }
    },
    {
      "type": "Feature",
      "properties": {
        "name": "Cell R19 C14",
        "code": "delh_019_014",
        "city": "Delhi"
      },
      "geometry": {
        "type": "Polygon",
        "coordinates": [
          [
            [
              77.24,
              28.6425
            ],
            [
              77.25,
              28.6425
            ],
            [
              77.25,
              28.65
            ],
            [
              77.24,
              28.65
            ],
            [
              77.24,
              28.6425
            ]
          ]
        ]
      }
    },
    {
      "type": "Feature",
      "properties": {
        "name": "Cell R19 C15",
        "code": "delh_019_015",
        "city": "Delhi"
      },
      "geometry": {
        "type": "Polygon",
        "coordinates": [
          [
            [
              77.25,
              28.6425
            ],
            [
              77.26,
              28.6425
            ],
            [
              77.26,
              28.65
            ],
            [
              77.25,
              28.65
            ],
            [
              77.25,
              28.6425
            ]
          ]
        ]
      }
    },
    {
      "type": "Feature",
      "properties": {
        "name": "Cell R19 C16",
        "code": "delh_019_016",
        "city": "Delhi"
      },
      "geometry": {
        "type": "Polygon",
        "coordinates": [
          [
            [
              77.25999999999999,
              28.6425
            ],
            [
              77.27,
              28.6425
            ],
            [
              77.27,
              28.65
            ],
            [
              77.25999999999999,
              28.65
            ],
            [
              77.25999999999999,
              28.6425
            ]
          ]
        ]
      }
    },
    {
      "type": "Feature",
      "properties": {
        "name": "Cell R19 C17",
        "code": "delh_019_017",
        "city": "Delhi"
      },
      "geometry": {
        "type": "Polygon",
        "coordinates": [
          [
            [
              77.27,
              28.6425
            ],
            [
              77.28,
              28.6425
            ],
            [
              77.28,
              28.65
            ],
            [
              77.27,
              28.65
            ],
            [
              77.27,
              28.6425
            ]
          ]
        ]
      }
    },
    {
      "type": "Feature",
      "properties": {
        "name": "Cell R19 C18",
        "code": "delh_019_018",
        "city": "Delhi"
      },
      "geometry": {
        "type": "Polygon",
        "coordinates": [
          [
            [
              77.28,
              28.6425
            ],
            [
              77.29,
              28.6425
            ],
            [
              77.29,
              28.65
            ],
            [
              77.28,
              28.65
            ],
            [
              77.28,
              28.6425
            ]
          ]
        ]
      }
    },
    {
      "type": "Feature",
      "properties": {
        "name": "Cell R19 C19",
        "code": "delh_019_019",
        "city": "Delhi"
      },
      "geometry": {
        "type": "Polygon",
        "coordinates": [
          [
            [
              77.28999999999999,
              28.6425
            ],
            [
              77.3,
              28.6425
            ],
            [
              77.3,
              28.65
            ],
            [
              77.28999999999999,
              28.65
            ],
            [
              77.28999999999999,
              28.6425
            ]
          ]
        ]
      }
    }
  ]
}