{
  "type": "FeatureCollection",
  "features": [
    {
      "type": "Feature",
      "properties": {
        "name": "Cell R00 C00",
        "code": "chen_000_000",
        "city": "Chennai"
      },
      "geometry": {
        "type": "Polygon",
        "coordinates": [
          [
            [
              80.18,
              12.98
            ],
            [
              80.1885,
              12.98
            ],
            [
              80.1885,
              12.987
            ],
            [
              80.18,
              12.987
            ],
            [
              80.18,
              12.98
            ]
          ]
        ]
      }
    },
    {
      "type": "Feature",
      "properties": {
        "name": "Cell R00 C01",
        "code": "chen_000_001",
        "city": "Chennai"
      },
      "geometry": {
        "type": "Polygon",
        "coordinates": [
          [
            [
              80.1885,
              12.98
            ],
            [
              80.197,
              12.98
            ],
            [
              80.197,
              12.987
            ],
            [
              80.1885,
              12.987
            ],
            [
              80.1885,
              12.98
            ]
          ]
        ]
      }
    },
    {
      "type": "Feature",
      "properties": {
        "name": "Cell R00 C02",
        "code": "chen_000_002",
        "city": "Chennai"
      },
      "geometry": {
        "type": "Polygon",
        "coordinates": [
          [
            [
              80.197,
              12.98
            ],
            [
              80.2055,
              12.98
            ],
            [
              80.2055,
              12.987
            ],
            [
              80.197,
              12.987
            ],
            [
              80.197,
              12.98
            ]
          ]
        ]
      }
    },
    {
      "type": "Feature",
      "properties": {
        "name": "Cell R00 C03",
        "code": "chen_000_003",
        "city": "Chennai"
      },
      "geometry": {
        "type": "Polygon",
        "coordinates": [
          [
            [
              80.2055,
              12.98
            ],
            [
              80.214,
              12.98
            ],
            [
              80.214,
              12.987
            ],
            [
              80.2055,
              12.987
            ],
            [
              80.2055,
              12.98
            ]
          ]
        ]
      }
    },
    {
      "type": "Feature",
      "properties": {
        "name": "Cell R00 C04",
        "code": "chen_000_004",
        "city": "Chennai"
      },
      "geometry": {
        "type": "Polygon",
        "coordinates": [
          [
            [
              80.214,
              12.98
            ],
            [
              80.2225,
              12.98
            ],
            [
              80.2225,
              12.987
            ],
            [
              80.214,
              12.987
            ],
            [
              80.214,
              12.98
            ]
          ]
        ]
      }
    },
    {
      "type": "Feature",
      "properties": {
        "name": "Cell R00 C05",
        "code": "chen_000_005",
        "city": "Chennai"
      },
      "geometry": {
        "type": "Polygon",
        "coordinates": [
          [
            [
              80.2225,
              12.98
            ],
            [
              80.231,
              12.98
            ],
            [
              80.231,
              12.987
            ],
            [
              80.2225,
              12.987
            ],
            [
              80.2225,
              12.98
            ]
          ]
        ]
      }
    },
    {
      "type": "Feature",
      "properties": {
        "name": "Cell R00 C06",
        "code": "chen_000_006",
        "city": "Chennai"
      },
      "geometry": {
        "type": "Polygon",
        "coordinates": [
          [
            [
              80.23100000000001,
              12.98
            ],
            [
              80.2395,
              12.98
            ],
            [
              80.2395,
              12.987
            ],
            [
              80.23100000000001,
              12.987
            ],
            [
              80.23100000000001,
              12.98
            ]
          ]
        ]
      }
    },
    {
      "type": "Feature",
      "properties": {
        "name": "Cell R00 C07",
        "code": "chen_000_007",
        "city": "Chennai"
      },
      "geometry": {
        "type": "Polygon",
        "coordinates": [
          [
            [
              80.2395,
              12.98
            ],
            [
              80.248,
              12.98
            ],
            [
              80.248,
              12.987
            ],
            [
              80.2395,
              12.987
            ],
            [
              80.2395,
              12.98
            ]
          ]
        ]
      }
    },
    {
      "type": "Feature",
      "properties": {
        "name": "Cell R00 C08",
        "code": "chen_000_008",
        "city": "Chennai"
      },
      "geometry": {
        "type": "Polygon",
        "coordinates": [
          [
            [
              80.248,
              12.98
            ],
            [
              80.2565,
              12.98
            ],
            [
              80.2565,
              12.987
            ],
            [
              80.248,
              12.987
            ],
            [
              80.248,
              12.98
            ]
          ]
        ]
      }
    },
    {
      "type": "Feature",
      "properties": {
        "name": "Cell R00 C09",
        "code": "chen_000_009",
        "city": "Chennai"
      },
      "geometry": {
        "type": "Polygon",
        "coordinates": [
          [
            [
              80.2565,
              12.98
            ],
            [
              80.265,
              12.98
            ],
            [
              80.265,
              12.987
            ],
            [
              80.2565,
              12.987
            ],
            [
              80.2565,
              12.98
            ]
          ]
        ]
      }
    },
    {
      "type": "Feature",
      "properties": {
        "name": "Cell R00 C10",
        "code": "chen_000_010",
        "city": "Chennai"
      },
      "geometry": {
        "type": "Polygon",
        "coordinates": [
          [
            [
              80.265,
              12.98
            ],
            [
              80.2735,
              12.98
            ],
            [
              80.2735,
              12.987
            ],
            [
              80.265,
              12.987
            ],
            [
              80.265,
              12.98
            ]
          ]
        ]
      }
    },
    {
      "type": "Feature",
      "properties": {
        "name": "Cell R00 C11",
        "code": "chen_000_011",
        "city": "Chennai"
      },
      "geometry": {
        "type": "Polygon",
        "coordinates": [
          [
            [
              80.2735,
              12.98
            ],
            [
              80.282,
              12.98
            ],
            [
              80.282,
              12.987
            ],
            [
              80.2735,
              12.987
            ],
            [
              80.2735,
              12.98
            ]
          ]
        ]
      }
    },
    {
      "type": "Feature",
      "properties": {
        "name": "Cell R00 C12",
        "code": "chen_000_012",
        "city": "Chennai"
      },
      "geometry": {
        "type": "Polygon",
        "coordinates": [
          [
            [
              80.282,
              12.98
            ],
            [
              80.2905,
              12.98
            ],
            [
              80.2905,
              12.987
            ],
            [
              80.282,
              12.987
            ],
            [
              80.282,
              12.98
            ]
          ]
        ]
      }
    },
    {
      "type": "Feature",
      "properties": {
        "name": "Cell R00 C13",
        "code": "chen_000_013",
        "city": "Chennai"
      },
      "geometry": {
        "type": "Polygon",
        "coordinates": [
          [
            [
              80.2905,
              12.98
            ],
            [
              80.29899999999999,
              12.98
            ],
            [
              80.29899999999999,
              12.987
            ],
            [
              80.2905,
              12.987
            ],
            [
              80.2905,
              12.98
            ]
          ]
        ]
      }
    },
    {
      "type": "Feature",
      "properties": {
        "name": "Cell R00 C14",
        "code": "chen_000_014",
        "city": "Chennai"
      },
      "geometry": {
        "type": "Polygon",
        "coordinates": [
          [
            [
              80.29899999999999,
              12.98
            ],
            [
              80.30749999999999,
              12.98
            ],
            [
              80.30749999999999,
              12.987
            ],
            [
              80.29899999999999,
              12.987
            ],
            [
              80.29899999999999,
              12.98
            ]
          ]
        ]
      }
    },
    {
      "type": "Feature",
      "properties": {
        "name": "Cell R00 C15",
        "code": "chen_000_015",
        "city": "Chennai"
      },
      "geometry": {
        "type": "Polygon",
        "coordinates": [
          [
            [
              80.3075,
              12.98
            ],
            [
              80.316,
              12.98
            ],
            [
              80.316,
              12.987
            ],
            [
              80.3075,
              12.987
            ],
            [
              80.3075,
              12.98
            ]
          ]
        ]
      }
    },
    {
      "type": "Feature",
      "properties": {
        "name": "Cell R00 C16",
        "code": "chen_000_016",
        "city": "Chennai"
      },
      "geometry": {
        "type": "Polygon",
        "coordinates": [
          [
            [
              80.316,
              12.98
            ],
            [
              80.3245,
              12.98
            ],
            [
              80.3245,
              12.987
            ],
            [
              80.316,
              12.987
            ],
            [
              80.316,
              12.98
            ]
          ]
        ]
      }
    },
    {
      "type": "Feature",
      "properties": {
        "name": "Cell R00 C17",
        "code": "chen_000_017",
        "city": "Chennai"
      },
      "geometry": {
        "type": "Polygon",
        "coordinates": [
          [
            [
              80.3245,
              12.98
            ],
            [
              80.333,
              12.98
            ],
            [
              80.333,
              12.987
            ],
            [
              80.3245,
              12.987
            ],
            [
              80.3245,
              12.98
            ]
          ]
        ]
      }
    },
    {
      "type": "Feature",
      "properties": {
        "name": "Cell R00 C18",
        "code": "chen_000_018",
        "city": "Chennai"
      },
      "geometry": {
        "type": "Polygon",
        "coordinates": [
          [
            [
              80.333,
              12.98
            ],
            [
              80.3415,
              12.98
            ],
            [
              80.3415,
              12.987
            ],
            [
              80.333,
              12.987
            ],
            [
              80.333,
              12.98
            ]
          ]
        ]
      }
    },
    {
      "type": "Feature",
      "properties": {
        "name": "Cell R00 C19",
        "code": "chen_000_019",
        "city": "Chennai"
      },
      "geometry": {
        "type": "Polygon",
        "coordinates": [
          [
            [
              80.3415,
              12.98
            ],
            [
              80.35,
              12.98
            ],
            [
              80.35,
              12.987
            ],
            [
              80.3415,
              12.987
            ],
            [
              80.3415,
              12.98
            ]
          ]
        ]
      }
    },
    {
      "type": "Feature",
      "properties": {
        "name": "Cell R01 C00",
        "code": "chen_001_000",
        "city": "Chennai"
      },
      "geometry": {
        "type": "Polygon",
        "coordinates": [
          [
            [
              80.18,
              12.987
            ],
            [
              80.1885,
              12.987
            ],
            [
              80.1885,
              12.994
            ],
            [
              80.18,
              12.994
            ],
            [
              80.18,
              12.987
            ]
          ]
        ]
      }
    },
    {
      "type": "Feature",
      "properties": {
        "name": "Cell R01 C01",
        "code": "chen_001_001",
        "city": "Chennai"
      },
      "geometry": {
        "type": "Polygon",
        "coordinates": [
          [
            [
              80.1885,
              12.987
            ],
            [
              80.197,
              12.987
            ],
            [
              80.197,
              12.994
            ],
            [
              80.1885,
              12.994
            ],
            [
              80.1885,
              12.987
            ]
          ]
        ]
      }
    },
    {
      "type": "Feature",
      "properties": {
        "name": "Cell R01 C02",
        "code": "chen_001_002",
        "city": "Chennai"
      },
      "geometry": {
        "type": "Polygon",
        "coordinates": [
          [
            [
              80.197,
              12.987
            ],
            [
              80.2055,
              12.987
            ],
            [
              80.2055,
              12.994
            ],
            [
              80.197,
              12.994
            ],
            [
              80.197,
              12.987
            ]
          ]
        ]
      }
    },
    {
      "type": "Feature",
      "properties": {
        "name": "Cell R01 C03",
        "code": "chen_001_003",
        "city": "Chennai"
      },
      "geometry": {
        "type": "Polygon",
        "coordinates": [
          [
            [
              80.2055,
              12.987
            ],
            [
              80.214,
              12.987
            ],
            [
              80.214,
              12.994
            ],
            [
              80.2055,
              12.994
            ],
            [
              80.2055,
              12.987
            ]
          ]
        ]
      }
    },
    {
      "type": "Feature",
      "properties": {
        "name": "Cell R01 C04",
        "code": "chen_001_004",
        "city": "Chennai"
      },
      "geometry": {
        "type": "Polygon",
        "coordinates": [
          [
            [
              80.214,
              12.987
            ],
            [
              80.2225,
              12.987
            ],
            [
              80.2225,
              12.994
            ],
            [
              80.214,
              12.994
            ],
            [
              80.214,
              12.987
            ]
          ]
        ]
      }
    },
    {
      "type": "Feature",
      "properties": {
        "name": "Cell R01 C05",
        "code": "chen_001_005",
        "city": "Chennai"
      },
      "geometry": {
        "type": "Polygon",
        "coordinates": [
          [
            [
              80.2225,
              12.987
            ],
            [
              80.231,
              12.987
            ],
            [
              80.231,
              12.994
            ],
            [
              80.2225,
              12.994
            ],
            [
              80.2225,
              12.987
            ]
          ]
        ]
      }
    },
    {
      "type": "Feature",
      "properties": {
        "name": "Cell R01 C06",
        "code": "chen_001_006",
        "city": "Chennai"
      },
      "geometry": {
        "type": "Polygon",
        "coordinates": [
          [
            [
              80.23100000000001,
              12.987
            ],
            [
              80.2395,
              12.987
            ],
            [
              80.2395,
              12.994
            ],
            [
              80.23100000000001,
              12.994
            ],
            [
              80.23100000000001,
              12.987
            ]
          ]
        ]
      }
    },
    {
      "type": "Feature",
      "properties": {
        "name": "Cell R01 C07",
        "code": "chen_001_007",
        "city": "Chennai"
      },
      "geometry": {
        "type": "Polygon",
        "coordinates": [
          [
            [
              80.2395,
              12.987
            ],
            [
              80.248,
              12.987
            ],
            [
              80.248,
              12.994
            ],
            [
              80.2395,
              12.994
            ],
            [
              80.2395,
              12.987
            ]
          ]
        ]
      }
    },
    {
      "type": "Feature",
      "properties": {
        "name": "Cell R01 C08",
        "code": "chen_001_008",
        "city": "Chennai"
      },
      "geometry": {
        "type": "Polygon",
        "coordinates": [
          [
            [
              80.248,
              12.987
            ],
            [
              80.2565,
              12.987
            ],
            [
              80.2565,
              12.994
            ],
            [
              80.248,
              12.994
            ],
            [
              80.248,
              12.987
            ]
          ]
        ]
      }
    },
    {
      "type": "Feature",
      "properties": {
        "name": "Cell R01 C09",
        "code": "chen_001_009",
        "city": "Chennai"
      },
      "geometry": {
        "type": "Polygon",
        "coordinates": [
          [
            [
              80.2565,
              12.987
            ],
            [
              80.265,
              12.987
            ],
            [
              80.265,
              12.994
            ],
            [
              80.2565,
              12.994
            ],
            [
              80.2565,
              12.987
            ]
          ]
        ]
      }
    },
    {
      "type": "Feature",
      "properties": {
        "name": "Cell R01 C10",
        "code": "chen_001_010",
        "city": "Chennai"
      },
      "geometry": {
        "type": "Polygon",
        "coordinates": [
          [
            [
              80.265,
              12.987
            ],
            [
              80.2735,
              12.987
            ],
            [
              80.2735,
              12.994
            ],
            [
              80.265,
              12.994
            ],
            [
              80.265,
              12.987
            ]
          ]
        ]
      }
    },
    {
      "type": "Feature",
      "properties": {
        "name": "Cell R01 C11",
        "code": "chen_001_011",
        "city": "Chennai"
      },
      "geometry": {
        "type": "Polygon",
        "coordinates": [
          [
            [
              80.2735,
              12.987
            ],
            [
              80.282,
              12.987
            ],
            [
              80.282,
              12.994
            ],
            [
              80.2735,
              12.994
            ],
            [
              80.2735,
              12.987
            ]
          ]
        ]
      }
    },
    {
      "type": "Feature",
      "properties": {
        "name": "Cell R01 C12",
        "code": "chen_001_012",
        "city": "Chennai"
      },
      "geometry": {
        "type": "Polygon",
        "coordinates": [
          [
            [
              80.282,
              12.987
            ],
            [
              80.2905,
              12.987
            ],
            [
              80.2905,
              12.994
            ],
            [
              80.282,
              12.994
            ],
            [
              80.282,
              12.987
            ]
          ]
        ]
      }
    },
    {
      "type": "Feature",
      "properties": {
        "name": "Cell R01 C13",
        "code": "chen_001_013",
        "city": "Chennai"
      },
      "geometry": {
        "type": "Polygon",
        "coordinates": [
          [
            [
              80.2905,
              12.987
            ],
            [
              80.29899999999999,
              12.987
            ],
            [
              80.29899999999999,
              12.994
            ],
            [
              80.2905,
              12.994
            ],
            [
              80.2905,
              12.987
            ]
          ]
        ]
      }
    },
    {
      "type": "Feature",
      "properties": {
        "name": "Cell R01 C14",
        "code": "chen_001_014",
        "city": "Chennai"
      },
      "geometry": {
        "type": "Polygon",
        "coordinates": [
          [
            [
              80.29899999999999,
              12.987
            ],
            [
              80.30749999999999,
              12.987
            ],
            [
              80.30749999999999,
              12.994
            ],
            [
              80.29899999999999,
              12.994
            ],
            [
              80.29899999999999,
              12.987
            ]
          ]
        ]
      }
    },
    {
      "type": "Feature",
      "properties": {
        "name": "Cell R01 C15",
        "code": "chen_001_015",
        "city": "Chennai"
      },
      "geometry": {
        "type": "Polygon",
        "coordinates": [
          [
            [
              80.3075,
              12.987
            ],
            [
              80.316,
              12.987
            ],
            [
              80.316,
              12.994
            ],
            [
              80.3075,
              12.994
            ],
            [
              80.3075,
              12.987
            ]
          ]
        ]
      }
    },
    {
      "type": "Feature",
      "properties": {
        "name": "Cell R01 C16",
        "code": "chen_001_016",
        "city": "Chennai"
      },
      "geometry": {
        "type": "Polygon",
        "coordinates": [
          [
            [
              80.316,
              12.987
            ],
            [
              80.3245,
              12.987
            ],
            [
              80.3245,
              12.994
            ],
            [
              80.316,
              12.994
            ],
            [
              80.316,
              12.987
            ]
          ]
        ]
      }
    },
    {
      "type": "Feature",
      "properties": {
        "name": "Cell R01 C17",
        "code": "chen_001_017",
        "city": "Chennai"
      },
      "geometry": {
        "type": "Polygon",
        "coordinates": [
          [
            [
              80.3245,
              12.987
            ],
            [
              80.333,
              12.987
            ],
            [
              80.333,
              12.994
            ],
            [
              80.3245,
              12.994
            ],
            [
              80.3245,
              12.987
            ]
          ]
        ]
      }
    },
    {
      "type": "Feature",
      "properties": {
        "name": "Cell R01 C18",
        "code": "chen_001_018",
        "city": "Chennai"
      },
      "geometry": {
        "type": "Polygon",
        "coordinates": [
          [
            [
              80.333,
              12.987
            ],
            [
              80.3415,
              12.987
            ],
            [
              80.3415,
              12.994
            ],
            [
              80.333,
              12.994
            ],
            [
              80.333,
              12.987
            ]
          ]
        ]
      }
    },
    {
      "type": "Feature",
      "properties": {
        "name": "Cell R01 C19",
        "code": "chen_001_019",
        "city": "Chennai"
      },
      "geometry": {
        "type": "Polygon",
        "coordinates": [
          [
            [
              80.3415,
              12.987
            ],
            [
              80.35,
              12.987
            ],
            [
              80.35,
              12.994
            ],
            [
              80.3415,
              12.994
            ],
            [
              80.3415,
              12.987
            ]
          ]
        ]
      }
    },
    {
      "type": "Feature",
      "properties": {
        "name": "Cell R02 C00",
        "code": "chen_002_000",
        "city": "Chennai"
      },
      "geometry": {
        "type": "Polygon",
        "coordinates": [
          [
            [
              80.18,
              12.994
            ],
            [
              80.1885,
              12.994
            ],
            [
              80.1885,
              13.001
            ],
            [
              80.18,
              13.001
            ],
            [
              80.18,
              12.994
            ]
          ]
        ]
      }
    },
    {
      "type": "Feature",
      "properties": {
        "name": "Cell R02 C01",
        "code": "chen_002_001",
        "city": "Chennai"
      },
      "geometry": {
        "type": "Polygon",
        "coordinates": [
          [
            [
              80.1885,
              12.994
            ],
            [
              80.197,
              12.994
            ],
            [
              80.197,
              13.001
            ],
            [
              80.1885,
              13.001
            ],
            [
              80.1885,
              12.994
            ]
          ]
        ]
      }
    },
    {
      "type": "Feature",
      "properties": {
        "name": "Cell R02 C02",
        "code": "chen_002_002",
        "city": "Chennai"
      },
      "geometry": {
        "type": "Polygon",
        "coordinates": [
          [
            [
              80.197,
              12.994
            ],
            [
              80.2055,
              12.994
            ],
            [
              80.2055,
              13.001
            ],
            [
              80.197,
              13.001
            ],
            [
              80.197,
              12.994
            ]
          ]
        ]
      }
    },
    {
      "type": "Feature",
      "properties": {
        "name": "Cell R02 C03",
        "code": "chen_002_003",
        "city": "Chennai"
      },
      "geometry": {
        "type": "Polygon",
        "coordinates": [
          [
            [
              80.2055,
              12.994
            ],
            [
              80.214,
              12.994
            ],
            [
              80.214,
              13.001
            ],
            [
              80.2055,
              13.001
            ],
            [
              80.2055,
              12.994
            ]
          ]
        ]
      }
    },
    {
      "type": "Feature",
      "properties": {
        "name": "Cell R02 C04",
        "code": "chen_002_004",
        "city": "Chennai"
      },
      "geometry": {
        "type": "Polygon",
        "coordinates": [
          [
            [
              80.214,
              12.994
            ],
            [
              80.2225,
              12.994
            ],
            [
              80.2225,
              13.001
            ],
            [
              80.214,
              13.001
            ],
            [
              80.214,
              12.994
            ]
          ]
        ]
      }
    },
    {
      "type": "Feature",
      "properties": {
        "name": "Cell R02 C05",
        "code": "chen_002_005",
        "city": "Chennai"
      },
      "geometry": {
        "type": "Polygon",
        "coordinates": [
          [
            [
              80.2225,
              12.994
            ],
            [
              80.231,
              12.994
            ],
            [
              80.231,
              13.001
            ],
            [
              80.2225,
              13.001
            ],
            [
              80.2225,
              12.994
            ]
          ]
        ]
      }
    },
    {
      "type": "Feature",
      "properties": {
        "name": "Cell R02 C06",
        "code": "chen_002_006",
        "city": "Chennai"
      },
      "geometry": {
        "type": "Polygon",
        "coordinates": [
          [
            [
              80.23100000000001,
              12.994
            ],
            [
              80.2395,
              12.994
            ],
            [
              80.2395,
              13.001
            ],
            [
              80.23100000000001,
              13.001
            ],
            [
              80.23100000000001,
              12.994
            ]
          ]
        ]
      }
    },
    {
      "type": "Feature",
      "properties": {
        "name": "Cell R02 C07",
        "code": "chen_002_007",
        "city": "Chennai"
      },
      "geometry": {
        "type": "Polygon",
        "coordinates": [
          [
            [
              80.2395,
              12.994
            ],
            [
              80.248,
              12.994
            ],
            [
              80.248,
              13.001
            ],
            [
              80.2395,
              13.001
            ],
            [
              80.2395,
              12.994
            ]
          ]
        ]
      }
    },
    {
      "type": "Feature",
      "properties": {
        "name": "Cell R02 C08",
        "code": "chen_002_008",
        "city": "Chennai"
      },
      "geometry": {
        "type": "Polygon",
        "coordinates": [
          [
            [
              80.248,
              12.994
            ],
            [
              80.2565,
              12.994
            ],
            [
              80.2565,
              13.001
            ],
            [
              80.248,
              13.001
            ],
            [
              80.248,
              12.994
            ]
          ]
        ]
      }
    },
    {
      "type": "Feature",
      "properties": {
        "name": "Cell R02 C09",
        "code": "chen_002_009",
        "city": "Chennai"
      },
      "geometry": {
        "type": "Polygon",
        "coordinates": [
          [
            [
              80.2565,
              12.994
            ],
            [
              80.265,
              12.994
            ],
            [
              80.265,
              13.001
            ],
            [
              80.2565,
              13.001
            ],
            [
              80.2565,
              12.994
            ]
          ]
        ]
      }
    },
    {
      "type": "Feature",
      "properties": {
        "name": "Cell R02 C10",
        "code": "chen_002_010",
        "city": "Chennai"
      },
      "geometry": {
        "type": "Polygon",
        "coordinates": [
          [
            [
              80.265,
              12.994
            ],
            [
              80.2735,
              12.994
            ],
            [
              80.2735,
              13.001
            ],
            [
              80.265,
              13.001
            ],
            [
              80.265,
              12.994
            ]
          ]
        ]
      }
    },
    {
      "type": "Feature",
      "properties": {
        "name": "Cell R02 C11",
        "code": "chen_002_011",
        "city": "Chennai"
      },
      "geometry": {
        "type": "Polygon",
        "coordinates": [
          [
            [
              80.2735,
              12.994
            ],
            [
              80.282,
              12.994
            ],
            [
              80.282,
              13.001
            ],
            [
              80.2735,
              13.001
            ],
            [
              80.2735,
              12.994
            ]
          ]
        ]
      }
    },
    {
      "type": "Feature",
      "properties": {
        "name": "Cell R02 C12",
        "code": "chen_002_012",
        "city": "Chennai"
      },
      "geometry": {
        "type": "Polygon",
        "coordinates": [
          [
            [
              80.282,
              12.994
            ],
            [
              80.2905,
              12.994
            ],
            [
              80.2905,
              13.001
            ],
            [
              80.282,
              13.001
            ],
            [
              80.282,
              12.994
            ]
          ]
        ]
      }
    },
    {
      "type": "Feature",
      "properties": {
        "name": "Cell R02 C13",
        "code": "chen_002_013",
        "city": "Chennai"
      },
      "geometry": {
        "type": "Polygon",
        "coordinates": [
          [
            [
              80.2905,
              12.994
            ],
            [
              80.29899999999999,
              12.994
            ],
            [
              80.29899999999999,
              13.001
            ],
            [
              80.2905,
              13.001
            ],
            [
              80.2905,
              12.994
            ]
          ]
        ]
      }
    },
    {
      "type": "Feature",
      "properties": {
        "name": "Cell R02 C14",
        "code": "chen_002_014",
        "city": "Chennai"
      },
      "geometry": {
        "type": "Polygon",
        "coordinates": [
          [
            [
              80.29899999999999,
              12.994
            ],
            [
              80.30749999999999,
              12.994
            ],
            [
              80.30749999999999,
              13.001
            ],
            [
              80.29899999999999,
              13.001
            ],
            [
              80.29899999999999,
              12.994
            ]
          ]
        ]
      }
    },
    {
      "type": "Feature",
      "properties": {
        "name": "Cell R02 C15",
        "code": "chen_002_015",
        "city": "Chennai"
      },
      "geometry": {
        "type": "Polygon",
        "coordinates": [
          [
            [
              80.3075,
              12.994
            ],
            [
              80.316,
              12.994
            ],
            [
              80.316,
              13.001
            ],
            [
              80.3075,
              13.001
            ],
            [
              80.3075,
              12.994
            ]
          ]
        ]
      }
    },
    {
      "type": "Feature",
      "properties": {
        "name": "Cell R02 C16",
        "code": "chen_002_016",
        "city": "Chennai"
      },
      "geometry": {
        "type": "Polygon",
        "coordinates": [
          [
            [
              80.316,
              12.994
            ],
            [
              80.3245,
              12.994
            ],
            [
              80.3245,
              13.001
            ],
            [
              80.316,
              13.001
            ],
            [
              80.316,
              12.994
            ]
          ]
        ]
      }
    },
    {
      "type": "Feature",
      "properties": {
        "name": "Cell R02 C17",
        "code": "chen_002_017",
        "city": "Chennai"
      },
      "geometry": {
        "type": "Polygon",
        "coordinates": [
          [
            [
              80.3245,
              12.994
            ],
            [
              80.333,
              12.994
            ],
            [
              80.333,
              13.001
            ],
            [
              80.3245,
              13.001
            ],
            [
              80.3245,
              12.994
            ]
          ]
        ]
      }
    },
    {
      "type": "Feature",
      "properties": {
        "name": "Cell R02 C18",
        "code": "chen_002_018",
        "city": "Chennai"
      },
      "geometry": {
        "type": "Polygon",
        "coordinates": [
          [
            [
              80.333,
              12.994
            ],
            [
              80.3415,
              12.994
            ],
            [
              80.3415,
              13.001
            ],
            [
              80.333,
              13.001
            ],
            [
              80.333,
              12.994
            ]
          ]
        ]
      }
    },
    {
      "type": "Feature",
      "properties": {
        "name": "Cell R02 C19",
        "code": "chen_002_019",
        "city": "Chennai"
      },
      "geometry": {
        "type": "Polygon",
        "coordinates": [
          [
            [
              80.3415,
              12.994
            ],
            [
              80.35,
              12.994
            ],
            [
              80.35,
              13.001
            ],
            [
              80.3415,
              13.001
            ],
            [
              80.3415,
              12.994
            ]
          ]
        ]
      }
    },
    {
      "type": "Feature",
      "properties": {
        "name": "Cell R03 C00",
        "code": "chen_003_000",
        "city": "Chennai"
      },
      "geometry": {
        "type": "Polygon",
        "coordinates": [
          [
            [
              80.18,
              13.001
            ],
            [
              80.1885,
              13.001
            ],
            [
              80.1885,
              13.008
            ],
            [
              80.18,
              13.008
            ],
            [
              80.18,
              13.001
            ]
          ]
        ]
      }
    },
    {
      "type": "Feature",
      "properties": {
        "name": "Cell R03 C01",
        "code": "chen_003_001",
        "city": "Chennai"
      },
      "geometry": {
        "type": "Polygon",
        "coordinates": [
          [
            [
              80.1885,
              13.001
            ],
            [
              80.197,
              13.001
            ],
            [
              80.197,
              13.008
            ],
            [
              80.1885,
              13.008
            ],
            [
              80.1885,
              13.001
            ]
          ]
        ]
      }
    },
    {
      "type": "Feature",
      "properties": {
        "name": "Cell R03 C02",
        "code": "chen_003_002",
        "city": "Chennai"
      },
      "geometry": {
        "type": "Polygon",
        "coordinates": [
          [
            [
              80.197,
              13.001
            ],
            [
              80.2055,
              13.001
            ],
            [
              80.2055,
              13.008
            ],
            [
              80.197,
              13.008
            ],
            [
              80.197,
              13.001
            ]
          ]
        ]
      }
    },
    {
      "type": "Feature",
      "properties": {
        "name": "Cell R03 C03",
        "code": "chen_003_003",
        "city": "Chennai"
      },
      "geometry": {
        "type": "Polygon",
        "coordinates": [
          [
            [
              80.2055,
              13.001
            ],
            [
              80.214,
              13.001
            ],
            [
              80.214,
              13.008
            ],
            [
              80.2055,
              13.008
            ],
            [
              80.2055,
              13.001
            ]
          ]
        ]
      }
    },
    {
      "type": "Feature",
      "properties": {
        "name": "Cell R03 C04",
        "code": "chen_003_004",
        "city": "Chennai"
      },
      "geometry": {
        "type": "Polygon",
        "coordinates": [
          [
            [
              80.214,
              13.001
            ],
            [
              80.2225,
              13.001
            ],
            [
              80.2225,
              13.008
            ],
            [
              80.214,
              13.008
            ],
            [
              80.214,
              13.001
            ]
          ]
        ]
      }
    },
    {
      "type": "Feature",
      "properties": {
        "name": "Cell R03 C05",
        "code": "chen_003_005",
        "city": "Chennai"
      },
      "geometry": {
        "type": "Polygon",
        "coordinates": [
          [
            [
              80.2225,
              13.001
            ],
            [
              80.231,
              13.001
            ],
            [
              80.231,
              13.008
            ],
            [
              80.2225,
              13.008
            ],
            [
              80.2225,
              13.001
            ]
          ]
        ]
      }
    },
    {
      "type": "Feature",
      "properties": {
        "name": "Cell R03 C06",
        "code": "chen_003_006",
        "city": "Chennai"
      },
      "geometry": {
        "type": "Polygon",
        "coordinates": [
          [
            [
              80.23100000000001,
              13.001
            ],
            [
              80.2395,
              13.001
            ],
            [
              80.2395,
              13.008
            ],
            [
              80.23100000000001,
              13.008
            ],
            [
              80.23100000000001,
              13.001
            ]
          ]
        ]
      }
    },
    {
      "type": "Feature",
      "properties": {
        "name": "Cell R03 C07",
        "code": "chen_003_007",
        "city": "Chennai"
      },
      "geometry": {
        "type": "Polygon",
        "coordinates": [
          [
            [
              80.2395,
              13.001
            ],
            [
              80.248,
              13.001
            ],
            [
              80.248,
              13.008
            ],
            [
              80.2395,
              13.008
            ],
            [
              80.2395,
              13.001
            ]
          ]
        ]
      }
    },
    {
      "type": "Feature",
      "properties": {
        "name": "Cell R03 C08",
        "code": "chen_003_008",
        "city": "Chennai"
      },
      "geometry": {
        "type": "Polygon",
        "coordinates": [
          [
            [
              80.248,
              13.001
            ],
            [
              80.2565,
              13.001
            ],
            [
              80.2565,
              13.008
            ],
            [
              80.248,
              13.008
            ],
            [
              80.248,
              13.001
            ]
          ]
        ]
      }
    },
    {
      "type": "Feature",
      "properties": {
        "name": "Cell R03 C09",
        "code": "chen_003_009",
        "city": "Chennai"
      },
      "geometry": {
        "type": "Polygon",
        "coordinates": [
          [
            [
              80.2565,
              13.001
            ],
            [
              80.265,
              13.001
            ],
            [
              80.265,
              13.008
            ],
            [
              80.2565,
              13.008
            ],
            [
              80.2565,
              13.001
            ]
          ]
        ]
      }
    },
    {
      "type": "Feature",
      "properties": {
        "name": "Cell R03 C10",
        "code": "chen_003_010",
        "city": "Chennai"
      },
      "geometry": {
        "type": "Polygon",
        "coordinates": [
          [
            [
              80.265,
              13.001
            ],
            [
              80.2735,
              13.001
            ],
            [
              80.2735,
              13.008
            ],
            [
              80.265,
              13.008
            ],
            [
              80.265,
              13.001
            ]
          ]
        ]
      }
    },
    {
      "type": "Feature",
      "properties": {
        "name": "Cell R03 C11",
        "code": "chen_003_011",
        "city": "Chennai"
      },
      "geometry": {
        "type": "Polygon",
        "coordinates": [
          [
            [
              80.2735,
              13.001
            ],
            [
              80.282,
              13.001
            ],
            [
              80.282,
              13.008
            ],
            [
              80.2735,
              13.008
            ],
            [
              80.2735,
              13.001
            ]
          ]
        ]
      }
    },
    {
      "type": "Feature",
      "properties": {
        "name": "Cell R03 C12",
        "code": "chen_003_012",
        "city": "Chennai"
      },
      "geometry": {
        "type": "Polygon",
        "coordinates": [
          [
            [
              80.282,
              13.001
            ],
            [
              80.2905,
              13.001
            ],
            [
              80.2905,
              13.008
            ],
            [
              80.282,
              13.008
            ],
            [
              80.282,
              13.001
            ]
          ]
        ]
      }
    },
    {
      "type": "Feature",
      "properties": {
        "name": "Cell R03 C13",
        "code": "chen_003_013",
        "city": "Chennai"
      },
      "geometry": {
        "type": "Polygon",
        "coordinates": [
          [
            [
              80.2905,
              13.001
            ],
            [
              80.29899999999999,
              13.001
            ],
            [
              80.29899999999999,
              13.008
            ],
            [
              80.2905,
              13.008
            ],
            [
              80.2905,
              13.001
            ]
          ]
        ]
      }
    },
    {
      "type": "Feature",
      "properties": {
        "name": "Cell R03 C14",
        "code": "chen_003_014",
        "city": "Chennai"
      },
      "geometry": {
        "type": "Polygon",
        "coordinates": [
          [
            [
              80.29899999999999,
              13.001
            ],
            [
              80.30749999999999,
              13.001
            ],
            [
              80.30749999999999,
              13.008
            ],
            [
              80.29899999999999,
              13.008
            ],
            [
              80.29899999999999,
              13.001
            ]
          ]
        ]
      }
    },
    {
      "type": "Feature",
      "properties": {
        "name": "Cell R03 C15",
        "code": "chen_003_015",
        "city": "Chennai"
      },
      "geometry": {
        "type": "Polygon",
        "coordinates": [
          [
            [
              80.3075,
              13.001
            ],
            [
              80.316,
              13.001
            ],
            [
              80.316,
              13.008
            ],
            [
              80.3075,
              13.008
            ],
            [
              80.3075,
              13.001
            ]
          ]
        ]
      }
    },
    {
      "type": "Feature",
      "properties": {
        "name": "Cell R03 C16",
        "code": "chen_003_016",
        "city": "Chennai"
      },
      "geometry": {
        "type": "Polygon",
        "coordinates": [
          [
            [
              80.316,
              13.001
            ],
            [
              80.3245,
              13.001
            ],
            [
              80.3245,
              13.008
            ],
            [
              80.316,
              13.008
            ],
            [
              80.316,
              13.001
            ]
          ]
        ]
      }
    },
    {
      "type": "Feature",
      "properties": {
        "name": "Cell R03 C17",
        "code": "chen_003_017",
        "city": "Chennai"
      },
      "geometry": {
        "type": "Polygon",
        "coordinates": [
          [
            [
              80.3245,
              13.001
            ],
            [
              80.333,
              13.001
            ],
            [
              80.333,
              13.008
            ],
            [
              80.3245,
              13.008
            ],
            [
              80.3245,
              13.001
            ]
          ]
        ]
      }
    },
    {
      "type": "Feature",
      "properties": {
        "name": "Cell R03 C18",
        "code": "chen_003_018",
        "city": "Chennai"
      },
      "geometry": {
        "type": "Polygon",
        "coordinates": [
          [
            [
              80.333,
              13.001
            ],
            [
              80.3415,
              13.001
            ],
            [
              80.3415,
              13.008
            ],
            [
              80.333,
              13.008
            ],
            [
              80.333,
              13.001
            ]
          ]
        ]
      }
    },
    {
      "type": "Feature",
      "properties": {
        "name": "Cell R03 C19",
        "code": "chen_003_019",
        "city": "Chennai"
      },
      "geometry": {
        "type": "Polygon",
        "coordinates": [
          [
            [
              80.3415,
              13.001
            ],
            [
              80.35,
              13.001
            ],
            [
              80.35,
              13.008
            ],
            [
              80.3415,
              13.008
            ],
            [
              80.3415,
              13.001
            ]
          ]
        ]
      }
    },
    {
      "type": "Feature",
      "properties": {
        "name": "Cell R04 C00",
        "code": "chen_004_000",
        "city": "Chennai"
      },
      "geometry": {
        "type": "Polygon",
        "coordinates": [
          [
            [
              80.18,
              13.008000000000001
            ],
            [
              80.1885,
              13.008000000000001
            ],
            [
              80.1885,
              13.015
            ],
            [
              80.18,
              13.015
            ],
            [
              80.18,
              13.008000000000001
            ]
          ]
        ]
      }
    },
    {
      "type": "Feature",
      "properties": {
        "name": "Cell R04 C01",
        "code": "chen_004_001",
        "city": "Chennai"
      },
      "geometry": {
        "type": "Polygon",
        "coordinates": [
          [
            [
              80.1885,
              13.008000000000001
            ],
            [
              80.197,
              13.008000000000001
            ],
            [
              80.197,
              13.015
            ],
            [
              80.1885,
              13.015
            ],
            [
              80.1885,
              13.008000000000001
            ]
          ]
        ]
      }
    },
    {
      "type": "Feature",
      "properties": {
        "name": "Cell R04 C02",
        "code": "chen_004_002",
        "city": "Chennai"
      },
      "geometry": {
        "type": "Polygon",
        "coordinates": [
          [
            [
              80.197,
              13.008000000000001
            ],
            [
              80.2055,
              13.008000000000001
            ],
            [
              80.2055,
              13.015
            ],
            [
              80.197,
              13.015
            ],
            [
              80.197,
              13.008000000000001
            ]
          ]
        ]
      }
    },
    {
      "type": "Feature",
      "properties": {
        "name": "Cell R04 C03",
        "code": "chen_004_003",
        "city": "Chennai"
      },
      "geometry": {
        "type": "Polygon",
        "coordinates": [
          [
            [
              80.2055,
              13.008000000000001
            ],
            [
              80.214,
              13.008000000000001
            ],
            [
              80.214,
              13.015
            ],
            [
              80.2055,
              13.015
            ],
            [
              80.2055,
              13.008000000000001
            ]
          ]
        ]
      }
    },
    {
      "type": "Feature",
      "properties": {
        "name": "Cell R04 C04",
        "code": "chen_004_004",
        "city": "Chennai"
      },
      "geometry": {
        "type": "Polygon",
        "coordinates": [
          [
            [
              80.214,
              13.008000000000001
            ],
            [
              80.2225,
              13.008000000000001
            ],
            [
              80.2225,
              13.015
            ],
            [
              80.214,
              13.015
            ],
            [
              80.214,
              13.008000000000001
            ]
          ]
        ]
      }
    },
    {
      "type": "Feature",
      "properties": {
        "name": "Cell R04 C05",
        "code": "chen_004_005",
        "city": "Chennai"
      },
      "geometry": {
        "type": "Polygon",
        "coordinates": [
          [
            [
              80.2225,
              13.008000000000001
            ],
            [
              80.231,
              13.008000000000001
            ],
            [
              80.231,
              13.015
            ],
            [
              80.2225,
              13.015
            ],
            [
              80.2225,
              13.008000000000001
            ]
          ]
        ]
      }
    },
    {
      "type": "Feature",
      "properties": {
        "name": "Cell R04 C06",
        "code": "chen_004_006",
        "city": "Chennai"
      },
      "geometry": {
        "type": "Polygon",
        "coordinates": [
          [
            [
              80.23100000000001,
              13.008000000000001
            ],
            [
              80.2395,
              13.008000000000001
            ],
            [
              80.2395,
              13.015
            ],
            [
              80.23100000000001,
              13.015
            ],
            [
              80.23100000000001,
              13.008000000000001
            ]
          ]
        ]
      }
    },
    {
      "type": "Feature",
      "properties": {
        "name": "Cell R04 C07",
        "code": "chen_004_007",
        "city": "Chennai"
      },
      "geometry": {
        "type": "Polygon",
        "coordinates": [
          [
            [
              80.2395,
              13.008000000000001
            ],
            [
              80.248,
              13.008000000000001
            ],
            [
              80.248,
              13.015
            ],
            [
              80.2395,
              13.015
            ],
            [
              80.2395,
              13.008000000000001
            ]
          ]
        ]
      }
    },
    {
      "type": "Feature",
      "properties": {
        "name": "Cell R04 C08",
        "code": "chen_004_008",
        "city": "Chennai"
      },
      "geometry": {
        "type": "Polygon",
        "coordinates": [
          [
            [
              80.248,
              13.008000000000001
            ],
            [
              80.2565,
              13.008000000000001
            ],
            [
              80.2565,
              13.015
            ],
            [
              80.248,
              13.015
            ],
            [
              80.248,
              13.008000000000001
            ]
          ]
        ]
      }
    },
    {
      "type": "Feature",
      "properties": {
        "name": "Cell R04 C09",
        "code": "chen_004_009",
        "city": "Chennai"
      },
      "geometry": {
        "type": "Polygon",
        "coordinates": [
          [
            [
              80.2565,
              13.008000000000001
            ],
            [
              80.265,
              13.008000000000001
            ],
            [
              80.265,
              13.015
            ],
            [
              80.2565,
              13.015
            ],
            [
              80.2565,
              13.008000000000001
            ]
          ]
        ]
      }
    },
    {
      "type": "Feature",
      "properties": {
        "name": "Cell R04 C10",
        "code": "chen_004_010",
        "city": "Chennai"
      },
      "geometry": {
        "type": "Polygon",
        "coordinates": [
          [
            [
              80.265,
              13.008000000000001
            ],
            [
              80.2735,
              13.008000000000001
            ],
            [
              80.2735,
              13.015
            ],
            [
              80.265,
              13.015
            ],
            [
              80.265,
              13.008000000000001
            ]
          ]
        ]
      }
    },
    {
      "type": "Feature",
      "properties": {
        "name": "Cell R04 C11",
        "code": "chen_004_011",
        "city": "Chennai"
      },
      "geometry": {
        "type": "Polygon",
        "coordinates": [
          [
            [
              80.2735,
              13.008000000000001
            ],
            [
              80.282,
              13.008000000000001
            ],
            [
              80.282,
              13.015
            ],
            [
              80.2735,
              13.015
            ],
            [
              80.2735,
              13.008000000000001
            ]
          ]
        ]
      }
    },
    {
      "type": "Feature",
      "properties": {
        "name": "Cell R04 C12",
        "code": "chen_004_012",
        "city": "Chennai"
      },
      "geometry": {
        "type": "Polygon",
        "coordinates": [
          [
            [
              80.282,
              13.008000000000001
            ],
            [
              80.2905,
              13.008000000000001
            ],
            [
              80.2905,
              13.015
            ],
            [
              80.282,
              13.015
            ],
            [
              80.282,
              13.008000000000001
            ]
          ]
        ]
      }
    },
    {
      "type": "Feature",
      "properties": {
        "name": "Cell R04 C13",
        "code": "chen_004_013",
        "city": "Chennai"
      },
      "geometry": {
        "type": "Polygon",
        "coordinates": [
          [
            [
              80.2905,
              13.008000000000001
            ],
            [
              80.29899999999999,
              13.008000000000001
            ],
            [
              80.29899999999999,
              13.015
            ],
            [
              80.2905,
              13.015
            ],
            [
              80.2905,
              13.008000000000001
            ]
          ]
        ]
      }
    },
    {
      "type": "Feature",
      "properties": {
        "name": "Cell R04 C14",
        "code": "chen_004_014",
        "city": "Chennai"
      },
      "geometry": {
        "type": "Polygon",
        "coordinates": [
          [
            [
              80.29899999999999,
              13.008000000000001
            ],
            [
              80.30749999999999,
              13.008000000000001
            ],
            [
              80.30749999999999,
              13.015
            ],
            [
              80.29899999999999,
              13.015
            ],
            [
              80.29899999999999,
              13.008000000000001
            ]
          ]
        ]
      }
    },
    {
      "type": "Feature",
      "properties": {
        "name": "Cell R04 C15",
        "code": "chen_004_015",
        "city": "Chennai"
      },
      "geometry": {
        "type": "Polygon",
        "coordinates": [
          [
            [
              80.3075,
              13.008000000000001
            ],
            [
              80.316,
              13.008000000000001
            ],
            [
              80.316,
              13.015
            ],
            [
              80.3075,
              13.015
            ],
            [
              80.3075,
              13.008000000000001
            ]
          ]
        ]
      }
    },
    {
      "type": "Feature",
      "properties": {
        "name": "Cell R04 C16",
        "code": "chen_004_016",
        "city": "Chennai"
      },
      "geometry": {
        "type": "Polygon",
        "coordinates": [
          [
            [
              80.316,
              13.008000000000001
            ],
            [
              80.3245,
              13.008000000000001
            ],
            [
              80.3245,
              13.015
            ],
            [
              80.316,
              13.015
            ],
            [
              80.316,
              13.008000000000001
            ]
          ]
        ]
      }
    },
    {
      "type": "Feature",
      "properties": {
        "name": "Cell R04 C17",
        "code": "chen_004_017",
        "city": "Chennai"
      },
      "geometry": {
        "type": "Polygon",
        "coordinates": [
          [
            [
              80.3245,
              13.008000000000001
            ],
            [
              80.333,
              13.008000000000001
            ],
            [
              80.333,
              13.015
            ],
            [
              80.3245,
              13.015
            ],
            [
              80.3245,
              13.008000000000001
            ]
          ]
        ]
      }
    },
    {
      "type": "Feature",
      "properties": {
        "name": "Cell R04 C18",
        "code": "chen_004_018",
        "city": "Chennai"
      },
      "geometry": {
        "type": "Polygon",
        "coordinates": [
          [
            [
              80.333,
              13.008000000000001
            ],
            [
              80.3415,
              13.008000000000001
            ],
            [
              80.3415,
              13.015
            ],
            [
              80.333,
              13.015
            ],
            [
              80.333,
              13.008000000000001
            ]
          ]
        ]
      }
    },
    {
      "type": "Feature",
      "properties": {
        "name": "Cell R04 C19",
        "code": "chen_004_019",
        "city": "Chennai"
      },
      "geometry": {
        "type": "Polygon",
        "coordinates": [
          [
            [
              80.3415,
              13.008000000000001
            ],
            [
              80.35,
              13.008000000000001
            ],
            [
              80.35,
              13.015
            ],
            [
              80.3415,
              13.015
            ],
            [
              80.3415,
              13.008000000000001
            ]
          ]
        ]
      }
    },
    {
      "type": "Feature",
      "properties": {
        "name": "Cell R05 C00",
        "code": "chen_005_000",
        "city": "Chennai"
      },
      "geometry": {
        "type": "Polygon",
        "coordinates": [
          [
            [
              80.18,
              13.015
            ],
            [
              80.1885,
              13.015
            ],
            [
              80.1885,
              13.022
            ],
            [
              80.18,
              13.022
            ],
            [
              80.18,
              13.015
            ]
          ]
        ]
      }
    },
    {
      "type": "Feature",
      "properties": {
        "name": "Cell R05 C01",
        "code": "chen_005_001",
        "city": "Chennai"
      },
      "geometry": {
        "type": "Polygon",
        "coordinates": [
          [
            [
              80.1885,
              13.015
            ],
            [
              80.197,
              13.015
            ],
            [
              80.197,
              13.022
            ],
            [
              80.1885,
              13.022
            ],
            [
              80.1885,
              13.015
            ]
          ]
        ]
      }
    },
    {
      "type": "Feature",
      "properties": {
        "name": "Cell R05 C02",
        "code": "chen_005_002",
        "city": "Chennai"
      },
      "geometry": {
        "type": "Polygon",
        "coordinates": [
          [
            [
              80.197,
              13.015
            ],
            [
              80.2055,
              13.015
            ],
            [
              80.2055,
              13.022
            ],
            [
              80.197,
              13.022
            ],
            [
              80.197,
              13.015
            ]
          ]
        ]
      }
    },
    {
      "type": "Feature",
      "properties": {
        "name": "Cell R05 C03",
        "code": "chen_005_003",
        "city": "Chennai"
      },
      "geometry": {
        "type": "Polygon",
        "coordinates": [
          [
            [
              80.2055,
              13.015
            ],
            [
              80.214,
              13.015
            ],
            [
              80.214,
              13.022
            ],
            [
              80.2055,
              13.022
            ],
            [
              80.2055,
              13.015
            ]
          ]
        ]
      }
    },
    {
      "type": "Feature",
      "properties": {
        "name": "Cell R05 C04",
        "code": "chen_005_004",
        "city": "Chennai"
      },
      "geometry": {
        "type": "Polygon",
        "coordinates": [
          [
            [
              80.214,
              13.015
            ],
            [
              80.2225,
              13.015
            ],
            [
              80.2225,
              13.022
            ],
            [
              80.214,
              13.022
            ],
            [
              80.214,
              13.015
            ]
          ]
        ]
      }
    },
    {
      "type": "Feature",
      "properties": {
        "name": "Cell R05 C05",
        "code": "chen_005_005",
        "city": "Chennai"
      },
      "geometry": {
        "type": "Polygon",
        "coordinates": [
          [
            [
              80.2225,
              13.015
            ],
            [
              80.231,
              13.015
            ],
            [
              80.231,
              13.022
            ],
            [
              80.2225,
              13.022
            ],
            [
              80.2225,
              13.015
            ]
          ]
        ]
      }
    },
    {
      "type": "Feature",
      "properties": {
        "name": "Cell R05 C06",
        "code": "chen_005_006",
        "city": "Chennai"
      },
      "geometry": {
        "type": "Polygon",
        "coordinates": [
          [
            [
              80.23100000000001,
              13.015
            ],
            [
              80.2395,
              13.015
            ],
            [
              80.2395,
              13.022
            ],
            [
              80.23100000000001,
              13.022
            ],
            [
              80.23100000000001,
              13.015
            ]
          ]
        ]
      }
    },
    {
      "type": "Feature",
      "properties": {
        "name": "Cell R05 C07",
        "code": "chen_005_007",
        "city": "Chennai"
      },
      "geometry": {
        "type": "Polygon",
        "coordinates": [
          [
            [
              80.2395,
              13.015
            ],
            [
              80.248,
              13.015
            ],
            [
              80.248,
              13.022
            ],
            [
              80.2395,
              13.022
            ],
            [
              80.2395,
              13.015
            ]
          ]
        ]
      }
    },
    {
      "type": "Feature",
      "properties": {
        "name": "Cell R05 C08",
        "code": "chen_005_008",
        "city": "Chennai"
      },
      "geometry": {
        "type": "Polygon",
        "coordinates": [
          [
            [
              80.248,
              13.015
            ],
            [
              80.2565,
              13.015
            ],
            [
              80.2565,
              13.022
            ],
            [
              80.248,
              13.022
            ],
            [
              80.248,
              13.015
            ]
          ]
        ]
      }
    },
    {
      "type": "Feature",
      "properties": {
        "name": "Cell R05 C09",
        "code": "chen_005_009",
        "city": "Chennai"
      },
      "geometry": {
        "type": "Polygon",
        "coordinates": [
          [
            [
              80.2565,
              13.015
            ],
            [
              80.265,
              13.015
            ],
            [
              80.265,
              13.022
            ],
            [
              80.2565,
              13.022
            ],
            [
              80.2565,
              13.015
            ]
          ]
        ]
      }
    },
    {
      "type": "Feature",
      "properties": {
        "name": "Cell R05 C10",
        "code": "chen_005_010",
        "city": "Chennai"
      },
      "geometry": {
        "type": "Polygon",
        "coordinates": [
          [
            [
              80.265,
              13.015
            ],
            [
              80.2735,
              13.015
            ],
            [
              80.2735,
              13.022
            ],
            [
              80.265,
              13.022
            ],
            [
              80.265,
              13.015
            ]
          ]
        ]
      }
    },
    {
      "type": "Feature",
      "properties": {
        "name": "Cell R05 C11",
        "code": "chen_005_011",
        "city": "Chennai"
      },
      "geometry": {
        "type": "Polygon",
        "coordinates": [
          [
            [
              80.2735,
              13.015
            ],
            [
              80.282,
              13.015
            ],
            [
              80.282,
              13.022
            ],
            [
              80.2735,
              13.022
            ],
            [
              80.2735,
              13.015
            ]
          ]
        ]
      }
    },
    {
      "type": "Feature",
      "properties": {
        "name": "Cell R05 C12",
        "code": "chen_005_012",
        "city": "Chennai"
      },
      "geometry": {
        "type": "Polygon",
        "coordinates": [
          [
            [
              80.282,
              13.015
            ],
            [
              80.2905,
              13.015
            ],
            [
              80.2905,
              13.022
            ],
            [
              80.282,
              13.022
            ],
            [
              80.282,
              13.015
            ]
          ]
        ]
      }
    },
    {
      "type": "Feature",
      "properties": {
        "name": "Cell R05 C13",
        "code": "chen_005_013",
        "city": "Chennai"
      },
      "geometry": {
        "type": "Polygon",
        "coordinates": [
          [
            [
              80.2905,
              13.015
            ],
            [
              80.29899999999999,
              13.015
            ],
            [
              80.29899999999999,
              13.022
            ],
            [
              80.2905,
              13.022
            ],
            [
              80.2905,
              13.015
            ]
          ]
        ]
      }
    },
    {
      "type": "Feature",
      "properties": {
        "name": "Cell R05 C14",
        "code": "chen_005_014",
        "city": "Chennai"
      },
      "geometry": {
        "type": "Polygon",
        "coordinates": [
          [
            [
              80.29899999999999,
              13.015
            ],
            [
              80.30749999999999,
              13.015
            ],
            [
              80.30749999999999,
              13.022
            ],
            [
              80.29899999999999,
              13.022
            ],
            [
              80.29899999999999,
              13.015
            ]
          ]
        ]
      }
    },
    {
      "type": "Feature",
      "properties": {
        "name": "Cell R05 C15",
        "code": "chen_005_015",
        "city": "Chennai"
      },
      "geometry": {
        "type": "Polygon",
        "coordinates": [
          [
            [
              80.3075,
              13.015
            ],
            [
              80.316,
              13.015
            ],
            [
              80.316,
              13.022
            ],
            [
              80.3075,
              13.022
            ],
            [
              80.3075,
              13.015
            ]
          ]
        ]
      }
    },
    {
      "type": "Feature",
      "properties": {
        "name": "Cell R05 C16",
        "code": "chen_005_016",
        "city": "Chennai"
      },
      "geometry": {
        "type": "Polygon",
        "coordinates": [
          [
            [
              80.316,
              13.015
            ],
            [
              80.3245,
              13.015
            ],
            [
              80.3245,
              13.022
            ],
            [
              80.316,
              13.022
            ],
            [
              80.316,
              13.015
            ]
          ]
        ]
      }
    },
    {
      "type": "Feature",
      "properties": {
        "name": "Cell R05 C17",
        "code": "chen_005_017",
        "city": "Chennai"
      },
      "geometry": {
        "type": "Polygon",
        "coordinates": [
          [
            [
              80.3245,
              13.015
            ],
            [
              80.333,
              13.015
            ],
            [
              80.333,
              13.022
            ],
            [
              80.3245,
              13.022
            ],
            [
              80.3245,
              13.015
            ]
          ]
        ]
      }
    },
    {
      "type": "Feature",
      "properties": {
        "name": "Cell R05 C18",
        "code": "chen_005_018",
        "city": "Chennai"
      },
      "geometry": {
        "type": "Polygon",
        "coordinates": [
          [
            [
              80.333,
              13.015
            ],
            [
              80.3415,
              13.015
            ],
            [
              80.3415,
              13.022
            ],
            [
              80.333,
              13.022
            ],
            [
              80.333,
              13.015
            ]
          ]
        ]
      }
    },
    {
      "type": "Feature",
      "properties": {
        "name": "Cell R05 C19",
        "code": "chen_005_019",
        "city": "Chennai"
      },
      "geometry": {
        "type": "Polygon",
        "coordinates": [
          [
            [
              80.3415,
              13.015
            ],
            [
              80.35,
              13.015
            ],
            [
              80.35,
              13.022
            ],
            [
              80.3415,
              13.022
            ],
            [
              80.3415,
              13.015
            ]
          ]
        ]
      }
    },
    {
      "type": "Feature",
      "properties": {
        "name": "Cell R06 C00",
        "code": "chen_006_000",
        "city": "Chennai"
      },
      "geometry": {
        "type": "Polygon",
        "coordinates": [
          [
            [
              80.18,
              13.022
            ],
            [
              80.1885,
              13.022
            ],
            [
              80.1885,
              13.029
            ],
            [
              80.18,
              13.029
            ],
            [
              80.18,
              13.022
            ]
          ]
        ]
      }
    },
    {
      "type": "Feature",
      "properties": {
        "name": "Cell R06 C01",
        "code": "chen_006_001",
        "city": "Chennai"
      },
      "geometry": {
        "type": "Polygon",
        "coordinates": [
          [
            [
              80.1885,
              13.022
            ],
            [
              80.197,
              13.022
            ],
            [
              80.197,
              13.029
            ],
            [
              80.1885,
              13.029
            ],
            [
              80.1885,
              13.022
            ]
          ]
        ]
      }
    },
    {
      "type": "Feature",
      "properties": {
        "name": "Cell R06 C02",
        "code": "chen_006_002",
        "city": "Chennai"
      },
      "geometry": {
        "type": "Polygon",
        "coordinates": [
          [
            [
              80.197,
              13.022
            ],
            [
              80.2055,
              13.022
            ],
            [
              80.2055,
              13.029
            ],
            [
              80.197,
              13.029
            ],
            [
              80.197,
              13.022
            ]
          ]
        ]
      }
    },
    {
      "type": "Feature",
      "properties": {
        "name": "Cell R06 C03",
        "code": "chen_006_003",
        "city": "Chennai"
      },
      "geometry": {
        "type": "Polygon",
        "coordinates": [
          [
            [
              80.2055,
              13.022
            ],
            [
              80.214,
              13.022
            ],
            [
              80.214,
              13.029
            ],
            [
              80.2055,
              13.029
            ],
            [
              80.2055,
              13.022
            ]
          ]
        ]
      }
    },
    {
      "type": "Feature",
      "properties": {
        "name": "Cell R06 C04",
        "code": "chen_006_004",
        "city": "Chennai"
      },
      "geometry": {
        "type": "Polygon",
        "coordinates": [
          [
            [
              80.214,
              13.022
            ],
            [
              80.2225,
              13.022
            ],
            [
              80.2225,
              13.029
            ],
            [
              80.214,
              13.029
            ],
            [
              80.214,
              13.022
            ]
          ]
        ]
      }
    },
    {
      "type": "Feature",
      "properties": {
        "name": "Cell R06 C05",
        "code": "chen_006_005",
        "city": "Chennai"
      },
      "geometry": {
        "type": "Polygon",
        "coordinates": [
          [
            [
              80.2225,
              13.022
            ],
            [
              80.231,
              13.022
            ],
            [
              80.231,
              13.029
            ],
            [
              80.2225,
              13.029
            ],
            [
              80.2225,
              13.022
            ]
          ]
        ]
      }
    },
    {
      "type": "Feature",
      "properties": {
        "name": "Cell R06 C06",
        "code": "chen_006_006",
        "city": "Chennai"
      },
      "geometry": {
        "type": "Polygon",
        "coordinates": [
          [
            [
              80.23100000000001,
              13.022
            ],
            [
              80.2395,
              13.022
            ],
            [
              80.2395,
              13.029
            ],
            [
              80.23100000000001,
              13.029
            ],
            [
              80.23100000000001,
              13.022
            ]
          ]
        ]
      }
    },
    {
      "type": "Feature",
      "properties": {
        "name": "Cell R06 C07",
        "code": "chen_006_007",
        "city": "Chennai"
      },
      "geometry": {
        "type": "Polygon",
        "coordinates": [
          [
            [
              80.2395,
              13.022
            ],
            [
              80.248,
              13.022
            ],
            [
              80.248,
              13.029
            ],
            [
              80.2395,
              13.029
            ],
            [
              80.2395,
              13.022
            ]
          ]
        ]
      }
    },
    {
      "type": "Feature",
      "properties": {
        "name": "Cell R06 C08",
        "code": "chen_006_008",
        "city": "Chennai"
      },
      "geometry": {
        "type": "Polygon",
        "coordinates": [
          [
            [
              80.248,
              13.022
            ],
            [
              80.2565,
              13.022
            ],
            [
              80.2565,
              13.029
            ],
            [
              80.248,
              13.029
            ],
            [
              80.248,
              13.022
            ]
          ]
        ]
      }
    },
    {
      "type": "Feature",
      "properties": {
        "name": "Cell R06 C09",
        "code": "chen_006_009",
        "city": "Chennai"
      },
      "geometry": {
        "type": "Polygon",
        "coordinates": [
          [
            [
              80.2565,
              13.022
            ],
            [
              80.265,
              13.022
            ],
            [
              80.265,
              13.029
            ],
            [
              80.2565,
              13.029
            ],
            [
              80.2565,
              13.022
            ]
          ]
        ]
      }
    },
    {
      "type": "Feature",
      "properties": {
        "name": "Cell R06 C10",
        "code": "chen_006_010",
        "city": "Chennai"
      },
      "geometry": {
        "type": "Polygon",
        "coordinates": [
          [
            [
              80.265,
              13.022
            ],
            [
              80.2735,
              13.022
            ],
            [
              80.2735,
              13.029
            ],
            [
              80.265,
              13.029
            ],
            [
              80.265,
              13.022
            ]
          ]
        ]
      }
    },
    {
      "type": "Feature",
      "properties": {
        "name": "Cell R06 C11",
        "code": "chen_006_011",
        "city": "Chennai"
      },
      "geometry": {
        "type": "Polygon",
        "coordinates": [
          [
            [
              80.2735,
              13.022
            ],
            [
              80.282,
              13.022
            ],
            [
              80.282,
              13.029
            ],
            [
              80.2735,
              13.029
            ],
            [
              80.2735,
              13.022
            ]
          ]
        ]
      }
    },
    {
      "type": "Feature",
      "properties": {
        "name": "Cell R06 C12",
        "code": "chen_006_012",
        "city": "Chennai"
      },
      "geometry": {
        "type": "Polygon",
        "coordinates": [
          [
            [
              80.282,
              13.022
            ],
            [
              80.2905,
              13.022
            ],
            [
              80.2905,
              13.029
            ],
            [
              80.282,
              13.029
            ],
            [
              80.282,
              13.022
            ]
          ]
        ]
      }
    },
    {
      "type": "Feature",
      "properties": {
        "name": "Cell R06 C13",
        "code": "chen_006_013",
        "city": "Chennai"
      },
      "geometry": {
        "type": "Polygon",
        "coordinates": [
          [
            [
              80.2905,
              13.022
            ],
            [
              80.29899999999999,
              13.022
            ],
            [
              80.29899999999999,
              13.029
            ],
            [
              80.2905,
              13.029
            ],
            [
              80.2905,
              13.022
            ]
          ]
        ]
      }
    },
    {
      "type": "Feature",
      "properties": {
        "name": "Cell R06 C14",
        "code": "chen_006_014",
        "city": "Chennai"
      },
      "geometry": {
        "type": "Polygon",
        "coordinates": [
          [
            [
              80.29899999999999,
              13.022
            ],
            [
              80.30749999999999,
              13.022
            ],
            [
              80.30749999999999,
              13.029
            ],
            [
              80.29899999999999,
              13.029
            ],
            [
              80.29899999999999,
              13.022
            ]
          ]
        ]
      }
    },
    {
      "type": "Feature",
      "properties": {
        "name": "Cell R06 C15",
        "code": "chen_006_015",
        "city": "Chennai"
      },
      "geometry": {
        "type": "Polygon",
        "coordinates": [
          [
            [
              80.3075,
              13.022
            ],
            [
              80.316,
              13.022
            ],
            [
              80.316,
              13.029
            ],
            [
              80.3075,
              13.029
            ],
            [
              80.3075,
              13.022
            ]
          ]
        ]
      }
    },
    {
      "type": "Feature",
      "properties": {
        "name": "Cell R06 C16",
        "code": "chen_006_016",
        "city": "Chennai"
      },
      "geometry": {
        "type": "Polygon",
        "coordinates": [
          [
            [
              80.316,
              13.022
            ],
            [
              80.3245,
              13.022
            ],
            [
              80.3245,
              13.029
            ],
            [
              80.316,
              13.029
            ],
            [
              80.316,
              13.022
            ]
          ]
        ]
      }
    },
    {
      "type": "Feature",
      "properties": {
        "name": "Cell R06 C17",
        "code": "chen_006_017",
        "city": "Chennai"
      },
      "geometry": {
        "type": "Polygon",
        "coordinates": [
          [
            [
              80.3245,
              13.022
            ],
            [
              80.333,
              13.022
            ],
            [
              80.333,
              13.029
            ],
            [
              80.3245,
              13.029
            ],
            [
              80.3245,
              13.022
            ]
          ]
        ]
      }
    },
    {
      "type": "Feature",
      "properties": {
        "name": "Cell R06 C18",
        "code": "chen_006_018",
        "city": "Chennai"
      },
      "geometry": {
        "type": "Polygon",
        "coordinates": [
          [
            [
              80.333,
              13.022
            ],
            [
              80.3415,
              13.022
            ],
            [
              80.3415,
              13.029
            ],
            [
              80.333,
              13.029
            ],
            [
              80.333,
              13.022
            ]
          ]
        ]
      }
    },
    {
      "type": "Feature",
      "properties": {
        "name": "Cell R06 C19",
        "code": "chen_006_019",
        "city": "Chennai"
      },
      "geometry": {
        "type": "Polygon",
        "coordinates": [
          [
            [
              80.3415,
              13.022
            ],
            [
              80.35,
              13.022
            ],
            [
              80.35,
              13.029
            ],
            [
              80.3415,
              13.029
            ],
            [
              80.3415,
              13.022
            ]
          ]
        ]
      }
    },
    {
      "type": "Feature",
      "properties": {
        "name": "Cell R07 C00",
        "code": "chen_007_000",
        "city": "Chennai"
      },
      "geometry": {
        "type": "Polygon",
        "coordinates": [
          [
            [
              80.18,
              13.029
            ],
            [
              80.1885,
              13.029
            ],
            [
              80.1885,
              13.036
            ],
            [
              80.18,
              13.036
            ],
            [
              80.18,
              13.029
            ]
          ]
        ]
      }
    },
    {
      "type": "Feature",
      "properties": {
        "name": "Cell R07 C01",
        "code": "chen_007_001",
        "city": "Chennai"
      },
      "geometry": {
        "type": "Polygon",
        "coordinates": [
          [
            [
              80.1885,
              13.029
            ],
            [
              80.197,
              13.029
            ],
            [
              80.197,
              13.036
            ],
            [
              80.1885,
              13.036
            ],
            [
              80.1885,
              13.029
            ]
          ]
        ]
      }
    },
    {
      "type": "Feature",
      "properties": {
        "name": "Cell R07 C02",
        "code": "chen_007_002",
        "city": "Chennai"
      },
      "geometry": {
        "type": "Polygon",
        "coordinates": [
          [
            [
              80.197,
              13.029
            ],
            [
              80.2055,
              13.029
            ],
            [
              80.2055,
              13.036
            ],
            [
              80.197,
              13.036
            ],
            [
              80.197,
              13.029
            ]
          ]
        ]
      }
    },
    {
      "type": "Feature",
      "properties": {
        "name": "Cell R07 C03",
        "code": "chen_007_003",
        "city": "Chennai"
      },
      "geometry": {
        "type": "Polygon",
        "coordinates": [
          [
            [
              80.2055,
              13.029
            ],
            [
              80.214,
              13.029
            ],
            [
              80.214,
              13.036
            ],
            [
              80.2055,
              13.036
            ],
            [
              80.2055,
              13.029
            ]
          ]
        ]
      }
    },
    {
      "type": "Feature",
      "properties": {
        "name": "Cell R07 C04",
        "code": "chen_007_004",
        "city": "Chennai"
      },
      "geometry": {
        "type": "Polygon",
        "coordinates": [
          [
            [
              80.214,
              13.029
            ],
            [
              80.2225,
              13.029
            ],
            [
              80.2225,
              13.036
            ],
            [
              80.214,
              13.036
            ],
            [
              80.214,
              13.029
            ]
          ]
        ]
      }
    },
    {
      "type": "Feature",
      "properties": {
        "name": "Cell R07 C05",
        "code": "chen_007_005",
        "city": "Chennai"
      },
      "geometry": {
        "type": "Polygon",
        "coordinates": [
          [
            [
              80.2225,
              13.029
            ],
            [
              80.231,
              13.029
            ],
            [
              80.231,
              13.036
            ],
            [
              80.2225,
              13.036
            ],
            [
              80.2225,
              13.029
            ]
          ]
        ]
      }
    },
    {
      "type": "Feature",
      "properties": {
        "name": "Cell R07 C06",
        "code": "chen_007_006",
        "city": "Chennai"
      },
      "geometry": {
        "type": "Polygon",
        "coordinates": [
          [
            [
              80.23100000000001,
              13.029
            ],
            [
              80.2395,
              13.029
            ],
            [
              80.2395,
              13.036
            ],
            [
              80.23100000000001,
              13.036
            ],
            [
              80.23100000000001,
              13.029
            ]
          ]
        ]
      }
    },
    {
      "type": "Feature",
      "properties": {
        "name": "Cell R07 C07",
        "code": "chen_007_007",
        "city": "Chennai"
      },
      "geometry": {
        "type": "Polygon",
        "coordinates": [
          [
            [
              80.2395,
              13.029
            ],
            [
              80.248,
              13.029
            ],
            [
              80.248,
              13.036
            ],
            [
              80.2395,
              13.036
            ],
            [
              80.2395,
              13.029
            ]
          ]
        ]
      }
    },
    {
      "type": "Feature",
      "properties": {
        "name": "Cell R07 C08",
        "code": "chen_007_008",
        "city": "Chennai"
      },
      "geometry": {
        "type": "Polygon",
        "coordinates": [
          [
            [
              80.248,
              13.029
            ],
            [
              80.2565,
              13.029
            ],
            [
              80.2565,
              13.036
            ],
            [
              80.248,
              13.036
            ],
            [
              80.248,
              13.029
            ]
          ]
        ]
      }
    },
    {
      "type": "Feature",
      "properties": {
        "name": "Cell R07 C09",
        "code": "chen_007_009",
        "city": "Chennai"
      },
      "geometry": {
        "type": "Polygon",
        "coordinates": [
          [
            [
              80.2565,
              13.029
            ],
            [
              80.265,
              13.029
            ],
            [
              80.265,
              13.036
            ],
            [
              80.2565,
              13.036
            ],
            [
              80.2565,
              13.029
            ]
          ]
        ]
      }
    },
    {
      "type": "Feature",
      "properties": {
        "name": "Cell R07 C10",
        "code": "chen_007_010",
        "city": "Chennai"
      },
      "geometry": {
        "type": "Polygon",
        "coordinates": [
          [
            [
              80.265,
              13.029
            ],
            [
              80.2735,
              13.029
            ],
            [
              80.2735,
              13.036
            ],
            [
              80.265,
              13.036
            ],
            [
              80.265,
              13.029
            ]
          ]
        ]
      }
    },
    {
      "type": "Feature",
      "properties": {
        "name": "Cell R07 C11",
        "code": "chen_007_011",
        "city": "Chennai"
      },
      "geometry": {
        "type": "Polygon",
        "coordinates": [
          [
            [
              80.2735,
              13.029
            ],
            [
              80.282,
              13.029
            ],
            [
              80.282,
              13.036
            ],
            [
              80.2735,
              13.036
            ],
            [
              80.2735,
              13.029
            ]
          ]
        ]
      }
    },
    {
      "type": "Feature",
      "properties": {
        "name": "Cell R07 C12",
        "code": "chen_007_012",
        "city": "Chennai"
      },
      "geometry": {
        "type": "Polygon",
        "coordinates": [
          [
            [
              80.282,
              13.029
            ],
            [
              80.2905,
              13.029
            ],
            [
              80.2905,
              13.036
            ],
            [
              80.282,
              13.036
            ],
            [
              80.282,
              13.029
            ]
          ]
        ]
      }
    },
    {
      "type": "Feature",
      "properties": {
        "name": "Cell R07 C13",
        "code": "chen_007_013",
        "city": "Chennai"
      },
      "geometry": {
        "type": "Polygon",
        "coordinates": [
          [
            [
              80.2905,
              13.029
            ],
            [
              80.29899999999999,
              13.029
            ],
            [
              80.29899999999999,
              13.036
            ],
            [
              80.2905,
              13.036
            ],
            [
              80.2905,
              13.029
            ]
          ]
        ]
      }
    },
    {
      "type": "Feature",
      "properties": {
        "name": "Cell R07 C14",
        "code": "chen_007_014",
        "city": "Chennai"
      },
      "geometry": {
        "type": "Polygon",
        "coordinates": [
          [
            [
              80.29899999999999,
              13.029
            ],
            [
              80.30749999999999,
              13.029
            ],
            [
              80.30749999999999,
              13.036
            ],
            [
              80.29899999999999,
              13.036
            ],
            [
              80.29899999999999,
              13.029
            ]
          ]
        ]
      }
    },
    {
      "type": "Feature",
      "properties": {
        "name": "Cell R07 C15",
        "code": "chen_007_015",
        "city": "Chennai"
      },
      "geometry": {
        "type": "Polygon",
        "coordinates": [
          [
            [
              80.3075,
              13.029
            ],
            [
              80.316,
              13.029
            ],
            [
              80.316,
              13.036
            ],
            [
              80.3075,
              13.036
            ],
            [
              80.3075,
              13.029
            ]
          ]
        ]
      }
    },
    {
      "type": "Feature",
      "properties": {
        "name": "Cell R07 C16",
        "code": "chen_007_016",
        "city": "Chennai"
      },
      "geometry": {
        "type": "Polygon",
        "coordinates": [
          [
            [
              80.316,
              13.029
            ],
            [
              80.3245,
              13.029
            ],
            [
              80.3245,
              13.036
            ],
            [
              80.316,
              13.036
            ],
            [
              80.316,
              13.029
            ]
          ]
        ]
      }
    },
    {
      "type": "Feature",
      "properties": {
        "name": "Cell R07 C17",
        "code": "chen_007_017",
        "city": "Chennai"
      },
      "geometry": {
        "type": "Polygon",
        "coordinates": [
          [
            [
              80.3245,
              13.029
            ],
            [
              80.333,
              13.029
            ],
            [
              80.333,
              13.036
            ],
            [
              80.3245,
              13.036
            ],
            [
              80.3245,
              13.029
            ]
          ]
        ]
      }
    },
    {
      "type": "Feature",
      "properties": {
        "name": "Cell R07 C18",
        "code": "chen_007_018",
        "city": "Chennai"
      },
      "geometry": {
        "type": "Polygon",
        "coordinates": [
          [
            [
              80.333,
              13.029
            ],
            [
              80.3415,
              13.029
            ],
            [
              80.3415,
              13.036
            ],
            [
              80.333,
              13.036
            ],
            [
              80.333,
              13.029
            ]
          ]
        ]
      }
    },
    {
      "type": "Feature",
      "properties": {
        "name": "Cell R07 C19",
        "code": "chen_007_019",
        "city": "Chennai"
      },
      "geometry": {
        "type": "Polygon",
        "coordinates": [
          [
            [
              80.3415,
              13.029
            ],
            [
              80.35,
              13.029
            ],
            [
              80.35,
              13.036
            ],
            [
              80.3415,
              13.036
            ],
            [
              80.3415,
              13.029
            ]
          ]
        ]
      }
    },
    {
      "type": "Feature",
      "properties": {
        "name": "Cell R08 C00",
        "code": "chen_008_000",
        "city": "Chennai"
      },
      "geometry": {
        "type": "Polygon",
        "coordinates": [
          [
            [
              80.18,
              13.036
            ],
            [
              80.1885,
              13.036
            ],
            [
              80.1885,
              13.043
            ],
            [
              80.18,
              13.043
            ],
            [
              80.18,
              13.036
            ]
          ]
        ]
      }
    },
    {
      "type": "Feature",
      "properties": {
        "name": "Cell R08 C01",
        "code": "chen_008_001",
        "city": "Chennai"
      },
      "geometry": {
        "type": "Polygon",
        "coordinates": [
          [
            [
              80.1885,
              13.036
            ],
            [
              80.197,
              13.036
            ],
            [
              80.197,
              13.043
            ],
            [
              80.1885,
              13.043
            ],
            [
              80.1885,
              13.036
            ]
          ]
        ]
      }
    },
    {
      "type": "Feature",
      "properties": {
        "name": "Cell R08 C02",
        "code": "chen_008_002",
        "city": "Chennai"
      },
      "geometry": {
        "type": "Polygon",
        "coordinates": [
          [
            [
              80.197,
              13.036
            ],
            [
              80.2055,
              13.036
            ],
            [
              80.2055,
              13.043
            ],
            [
              80.197,
              13.043
            ],
            [
              80.197,
              13.036
            ]
          ]
        ]
      }
    },
    {
      "type": "Feature",
      "properties": {
        "name": "Cell R08 C03",
        "code": "chen_008_003",
        "city": "Chennai"
      },
      "geometry": {
        "type": "Polygon",
        "coordinates": [
          [
            [
              80.2055,
              13.036
            ],
            [
              80.214,
              13.036
            ],
            [
              80.214,
              13.043
            ],
            [
              80.2055,
              13.043
            ],
            [
              80.2055,
              13.036
            ]
          ]
        ]
      }
    },
    {
      "type": "Feature",
      "properties": {
        "name": "Cell R08 C04",
        "code": "chen_008_004",
        "city": "Chennai"
      },
      "geometry": {
        "type": "Polygon",
        "coordinates": [
          [
            [
              80.214,
              13.036
            ],
            [
              80.2225,
              13.036
            ],
            [
              80.2225,
              13.043
            ],
            [
              80.214,
              13.043
            ],
            [
              80.214,
              13.036
            ]
          ]
        ]
      }
    },
    {
      "type": "Feature",
      "properties": {
        "name": "Cell R08 C05",
        "code": "chen_008_005",
        "city": "Chennai"
      },
      "geometry": {
        "type": "Polygon",
        "coordinates": [
          [
            [
              80.2225,
              13.036
            ],
            [
              80.231,
              13.036
            ],
            [
              80.231,
              13.043
            ],
            [
              80.2225,
              13.043
            ],
            [
              80.2225,
              13.036
            ]
          ]
        ]
      }
    },
    {
      "type": "Feature",
      "properties": {
        "name": "Cell R08 C06",
        "code": "chen_008_006",
        "city": "Chennai"
      },
      "geometry": {
        "type": "Polygon",
        "coordinates": [
          [
            [
              80.23100000000001,
              13.036
            ],
            [
              80.2395,
              13.036
            ],
            [
              80.2395,
              13.043
            ],
            [
              80.23100000000001,
              13.043
            ],
            [
              80.23100000000001,
              13.036
            ]
          ]
        ]
      }
    },
    {
      "type": "Feature",
      "properties": {
        "name": "Cell R08 C07",
        "code": "chen_008_007",
        "city": "Chennai"
      },
      "geometry": {
        "type": "Polygon",
        "coordinates": [
          [
            [
              80.2395,
              13.036
            ],
            [
              80.248,
              13.036
            ],
            [
              80.248,
              13.043
            ],
            [
              80.2395,
              13.043
            ],
            [
              80.2395,
              13.036
            ]
          ]
        ]
      }
    },
    {
      "type": "Feature",
      "properties": {
        "name": "Cell R08 C08",
        "code": "chen_008_008",
        "city": "Chennai"
      },
      "geometry": {
        "type": "Polygon",
        "coordinates": [
          [
            [
              80.248,
              13.036
            ],
            [
              80.2565,
              13.036
            ],
            [
              80.2565,
              13.043
            ],
            [
              80.248,
              13.043
            ],
            [
              80.248,
              13.036
            ]
          ]
        ]
      }
    },
    {
      "type": "Feature",
      "properties": {
        "name": "Cell R08 C09",
        "code": "chen_008_009",
        "city": "Chennai"
      },
      "geometry": {
        "type": "Polygon",
        "coordinates": [
          [
            [
              80.2565,
              13.036
            ],
            [
              80.265,
              13.036
            ],
            [
              80.265,
              13.043
            ],
            [
              80.2565,
              13.043
            ],
            [
              80.2565,
              13.036
            ]
          ]
        ]
      }
    },
    {
      "type": "Feature",
      "properties": {
        "name": "Cell R08 C10",
        "code": "chen_008_010",
        "city": "Chennai"
      },
      "geometry": {
        "type": "Polygon",
        "coordinates": [
          [
            [
              80.265,
              13.036
            ],
            [
              80.2735,
              13.036
            ],
            [
              80.2735,
              13.043
            ],
            [
              80.265,
              13.043
            ],
            [
              80.265,
              13.036
            ]
          ]
        ]
      }
    },
    {
      "type": "Feature",
      "properties": {
        "name": "Cell R08 C11",
        "code": "chen_008_011",
        "city": "Chennai"
      },
      "geometry": {
        "type": "Polygon",
        "coordinates": [
          [
            [
              80.2735,
              13.036
            ],
            [
              80.282,
              13.036
            ],
            [
              80.282,
              13.043
            ],
            [
              80.2735,
              13.043
            ],
            [
              80.2735,
              13.036
            ]
          ]
        ]
      }
    },
    {
      "type": "Feature",
      "properties": {
        "name": "Cell R08 C12",
        "code": "chen_008_012",
        "city": "Chennai"
      },
      "geometry": {
        "type": "Polygon",
        "coordinates": [
          [
            [
              80.282,
              13.036
            ],
            [
              80.2905,
              13.036
            ],
            [
              80.2905,
              13.043
            ],
            [
              80.282,
              13.043
            ],
            [
              80.282,
              13.036
            ]
          ]
        ]
      }
    },
    {
      "type": "Feature",
      "properties": {
        "name": "Cell R08 C13",
        "code": "chen_008_013",
        "city": "Chennai"
      },
      "geometry": {
        "type": "Polygon",
        "coordinates": [
          [
            [
              80.2905,
              13.036
            ],
            [
              80.29899999999999,
              13.036
            ],
            [
              80.29899999999999,
              13.043
            ],
            [
              80.2905,
              13.043
            ],
            [
              80.2905,
              13.036
            ]
          ]
        ]
      }
    },
    {
      "type": "Feature",
      "properties": {
        "name": "Cell R08 C14",
        "code": "chen_008_014",
        "city": "Chennai"
      },
      "geometry": {
        "type": "Polygon",
        "coordinates": [
          [
            [
              80.29899999999999,
              13.036
            ],
            [
              80.30749999999999,
              13.036
            ],
            [
              80.30749999999999,
              13.043
            ],
            [
              80.29899999999999,
              13.043
            ],
            [
              80.29899999999999,
              13.036
            ]
          ]
        ]
      }
    },
    {
      "type": "Feature",
      "properties": {
        "name": "Cell R08 C15",
        "code": "chen_008_015",
        "city": "Chennai"
      },
      "geometry": {
        "type": "Polygon",
        "coordinates": [
          [
            [
              80.3075,
              13.036
            ],
            [
              80.316,
              13.036
            ],
            [
              80.316,
              13.043
            ],
            [
              80.3075,
              13.043
            ],
            [
              80.3075,
              13.036
            ]
          ]
        ]
      }
    },
    {
      "type": "Feature",
      "properties": {
        "name": "Cell R08 C16",
        "code": "chen_008_016",
        "city": "Chennai"
      },
      "geometry": {
        "type": "Polygon",
        "coordinates": [
          [
            [
              80.316,
              13.036
            ],
            [
              80.3245,
              13.036
            ],
            [
              80.3245,
              13.043
            ],
            [
              80.316,
              13.043
            ],
            [
              80.316,
              13.036
            ]
          ]
        ]
      }
    },
    {
      "type": "Feature",
      "properties": {
        "name": "Cell R08 C17",
        "code": "chen_008_017",
        "city": "Chennai"
      },
      "geometry": {
        "type": "Polygon",
        "coordinates": [
          [
            [
              80.3245,
              13.036
            ],
            [
              80.333,
              13.036
            ],
            [
              80.333,
              13.043
            ],
            [
              80.3245,
              13.043
            ],
            [
              80.3245,
              13.036
            ]
          ]
        ]
      }
    },
    {
      "type": "Feature",
      "properties": {
        "name": "Cell R08 C18",
        "code": "chen_008_018",
        "city": "Chennai"
      },
      "geometry": {
        "type": "Polygon",
        "coordinates": [
          [
            [
              80.333,
              13.036
            ],
            [
              80.3415,
              13.036
            ],
            [
              80.3415,
              13.043
            ],
            [
              80.333,
              13.043
            ],
            [
              80.333,
              13.036
            ]
          ]
        ]
      }
    },
    {
      "type": "Feature",
      "properties": {
        "name": "Cell R08 C19",
        "code": "chen_008_019",
        "city": "Chennai"
      },
      "geometry": {
        "type": "Polygon",
        "coordinates": [
          [
            [
              80.3415,
              13.036
            ],
            [
              80.35,
              13.036
            ],
            [
              80.35,
              13.043
            ],
            [
              80.3415,
              13.043
            ],
            [
              80.3415,
              13.036
            ]
          ]
        ]
      }
    },
    {
      "type": "Feature",
      "properties": {
        "name": "Cell R09 C00",
        "code": "chen_009_000",
        "city": "Chennai"
      },
      "geometry": {
        "type": "Polygon",
        "coordinates": [
          [
            [
              80.18,
              13.043
            ],
            [
              80.1885,
              13.043
            ],
            [
              80.1885,
              13.049999999999999
            ],
            [
              80.18,
              13.049999999999999
            ],
            [
              80.18,
              13.043
            ]
          ]
        ]
      }
    },
    {
      "type": "Feature",
      "properties": {
        "name": "Cell R09 C01",
        "code": "chen_009_001",
        "city": "Chennai"
      },
      "geometry": {
        "type": "Polygon",
        "coordinates": [
          [
            [
              80.1885,
              13.043
            ],
            [
              80.197,
              13.043
            ],
            [
              80.197,
              13.049999999999999
            ],
            [
              80.1885,
              13.049999999999999
            ],
            [
              80.1885,
              13.043
            ]
          ]
        ]
      }
    },
    {
      "type": "Feature",
      "properties": {
        "name": "Cell R09 C02",
        "code": "chen_009_002",
        "city": "Chennai"
      },
      "geometry": {
        "type": "Polygon",
        "coordinates": [
          [
            [
              80.197,
              13.043
            ],
            [
              80.2055,
              13.043
            ],
            [
              80.2055,
              13.049999999999999
            ],
            [
              80.197,
              13.049999999999999
            ],
            [
              80.197,
              13.043
            ]
          ]
        ]
      }
    },
    {
      "type": "Feature",
      "properties": {
        "name": "Cell R09 C03",
        "code": "chen_009_003",
        "city": "Chennai"
      },
      "geometry": {
        "type": "Polygon",
        "coordinates": [
          [
            [
              80.2055,
              13.043
            ],
            [
              80.214,
              13.043
            ],
            [
              80.214,
              13.049999999999999
            ],
            [
              80.2055,
              13.049999999999999
            ],
            [
              80.2055,
              13.043
            ]
          ]
        ]
      }
    },
    {
      "type": "Feature",
      "properties": {
        "name": "Cell R09 C04",
        "code": "chen_009_004",
        "city": "Chennai"
      },
      "geometry": {
        "type": "Polygon",
        "coordinates": [
          [
            [
              80.214,
              13.043
            ],
            [
              80.2225,
              13.043
            ],
            [
              80.2225,
              13.049999999999999
            ],
            [
              80.214,
              13.049999999999999
            ],
            [
              80.214,
              13.043
            ]
          ]
        ]
      }
    },
    {
      "type": "Feature",
      "properties": {
        "name": "Cell R09 C05",
        "code": "chen_009_005",
        "city": "Chennai"
      },
      "geometry": {
        "type": "Polygon",
        "coordinates": [
          [
            [
              80.2225,
              13.043
            ],
            [
              80.231,
              13.043
            ],
            [
              80.231,
              13.049999999999999
            ],
            [
              80.2225,
              13.049999999999999
            ],
            [
              80.2225,
              13.043
            ]
          ]
        ]
      }
    },
    {
      "type": "Feature",
      "properties": {
        "name": "Cell R09 C06",
        "code": "chen_009_006",
        "city": "Chennai"
      },
      "geometry": {
        "type": "Polygon",
        "coordinates": [
          [
            [
              80.23100000000001,
              13.043
            ],
            [
              80.2395,
              13.043
            ],
            [
              80.2395,
              13.049999999999999
            ],
            [
              80.23100000000001,
              13.049999999999999
            ],
            [
              80.23100000000001,
              13.043
            ]
          ]
        ]
      }
    },
    {
      "type": "Feature",
      "properties": {
        "name": "Cell R09 C07",
        "code": "chen_009_007",
        "city": "Chennai"
      },
      "geometry": {
        "type": "Polygon",
        "coordinates": [
          [
            [
              80.2395,
              13.043
            ],
            [
              80.248,
              13.043
            ],
            [
              80.248,
              13.049999999999999
            ],
            [
              80.2395,
              13.049999999999999
            ],
            [
              80.2395,
              13.043
            ]
          ]
        ]
      }
    },
    {
      "type": "Feature",
      "properties": {
        "name": "Cell R09 C08",
        "code": "chen_009_008",
        "city": "Chennai"
      },
      "geometry": {
        "type": "Polygon",
        "coordinates": [
          [
            [
              80.248,
              13.043
            ],
            [
              80.2565,
              13.043
            ],
            [
              80.2565,
              13.049999999999999
            ],
            [
              80.248,
              13.049999999999999
            ],
            [
              80.248,
              13.043
            ]
          ]
        ]
      }
    },
    {
      "type": "Feature",
      "properties": {
        "name": "Cell R09 C09",
        "code": "chen_009_009",
        "city": "Chennai"
      },
      "geometry": {
        "type": "Polygon",
        "coordinates": [
          [
            [
              80.2565,
              13.043
            ],
            [
              80.265,
              13.043
            ],
            [
              80.265,
              13.049999999999999
            ],
            [
              80.2565,
              13.049999999999999
            ],
            [
              80.2565,
              13.043
            ]
          ]
        ]
      }
    },
    {
      "type": "Feature",
      "properties": {
        "name": "Cell R09 C10",
        "code": "chen_009_010",
        "city": "Chennai"
      },
      "geometry": {
        "type": "Polygon",
        "coordinates": [
          [
            [
              80.265,
              13.043
            ],
            [
              80.2735,
              13.043
            ],
            [
              80.2735,
              13.049999999999999
            ],
            [
              80.265,
              13.049999999999999
            ],
            [
              80.265,
              13.043
            ]
          ]
        ]
      }
    },
    {
      "type": "Feature",
      "properties": {
        "name": "Cell R09 C11",
        "code": "chen_009_011",
        "city": "Chennai"
      },
      "geometry": {
        "type": "Polygon",
        "coordinates": [
          [
            [
              80.2735,
              13.043
            ],
            [
              80.282,
              13.043
            ],
            [
              80.282,
              13.049999999999999
            ],
            [
              80.2735,
              13.049999999999999
            ],
            [
              80.2735,
              13.043
            ]
          ]
        ]
      }
    },
    {
      "type": "Feature",
      "properties": {
        "name": "Cell R09 C12",
        "code": "chen_009_012",
        "city": "Chennai"
      },
      "geometry": {
        "type": "Polygon",
        "coordinates": [
          [
            [
              80.282,
              13.043
            ],
            [
              80.2905,
              13.043
            ],
            [
              80.2905,
              13.049999999999999
            ],
            [
              80.282,
              13.049999999999999
            ],
            [
              80.282,
              13.043
            ]
          ]
        ]
      }
    },
    {
      "type": "Feature",
      "properties": {
        "name": "Cell R09 C13",
        "code": "chen_009_013",
        "city": "Chennai"
      },
      "geometry": {
        "type": "Polygon",
        "coordinates": [
          [
            [
              80.2905,
              13.043
            ],
            [
              80.29899999999999,
              13.043
            ],
            [
              80.29899999999999,
              13.049999999999999
            ],
            [
              80.2905,
              13.049999999999999
            ],
            [
              80.2905,
              13.043
            ]
          ]
        ]
      }
    },
    {
      "type": "Feature",
      "properties": {
        "name": "Cell R09 C14",
        "code": "chen_009_014",
        "city": "Chennai"
      },
      "geometry": {
        "type": "Polygon",
        "coordinates": [
          [
            [
              80.29899999999999,
              13.043
            ],
            [
              80.30749999999999,
              13.043
            ],
            [
              80.30749999999999,
              13.049999999999999
            ],
            [
              80.29899999999999,
              13.049999999999999
            ],
            [
              80.29899999999999,
              13.043
            ]
          ]
        ]
      }
    },
    {
      "type": "Feature",
      "properties": {
        "name": "Cell R09 C15",
        "code": "chen_009_015",
        "city": "Chennai"
      },
      "geometry": {
        "type": "Polygon",
        "coordinates": [
          [
            [
              80.3075,
              13.043
            ],
            [
              80.316,
              13.043
            ],
            [
              80.316,
              13.049999999999999
            ],
            [
              80.3075,
              13.049999999999999
            ],
            [
              80.3075,
              13.043
            ]
          ]
        ]
      }
    },
    {
      "type": "Feature",
      "properties": {
        "name": "Cell R09 C16",
        "code": "chen_009_016",
        "city": "Chennai"
      },
      "geometry": {
        "type": "Polygon",
        "coordinates": [
          [
            [
              80.316,
              13.043
            ],
            [
              80.3245,
              13.043
            ],
            [
              80.3245,
              13.049999999999999
            ],
            [
              80.316,
              13.049999999999999
            ],
            [
              80.316,
              13.043
            ]
          ]
        ]
      }
    },
    {
      "type": "Feature",
      "properties": {
        "name": "Cell R09 C17",
        "code": "chen_009_017",
        "city": "Chennai"
      },
      "geometry": {
        "type": "Polygon",
        "coordinates": [
          [
            [
              80.3245,
              13.043
            ],
            [
              80.333,
              13.043
            ],
            [
              80.333,
              13.049999999999999
            ],
            [
              80.3245,
              13.049999999999999
            ],
            [
              80.3245,
              13.043
            ]
          ]
        ]
      }
    },
    {
      "type": "Feature",
      "properties": {
        "name": "Cell R09 C18",
        "code": "chen_009_018",
        "city": "Chennai"
      },
      "geometry": {
        "type": "Polygon",
        "coordinates": [
          [
            [
              80.333,
              13.043
            ],
            [
              80.3415,
              13.043
            ],
            [
              80.3415,
              13.049999999999999
            ],
            [
              80.333,
              13.049999999999999
            ],
            [
              80.333,
              13.043
            ]
          ]
        ]
      }
    },
    {
      "type": "Feature",
      "properties": {
        "name": "Cell R09 C19",
        "code": "chen_009_019",
        "city": "Chennai"
      },
      "geometry": {
        "type": "Polygon",
        "coordinates": [
          [
            [
              80.3415,
              13.043
            ],
            [
              80.35,
              13.043
            ],
            [
              80.35,
              13.049999999999999
            ],
            [
              80.3415,
              13.049999999999999
            ],
            [
              80.3415,
              13.043
            ]
          ]
        ]
      }
    },
    {
      "type": "Feature",
      "properties": {
        "name": "Cell R10 C00",
        "code": "chen_010_000",
        "city": "Chennai"
      },
      "geometry": {
        "type": "Polygon",
        "coordinates": [
          [
            [
              80.18,
              13.05
            ],
            [
              80.1885,
              13.05
            ],
            [
              80.1885,
              13.057
            ],
            [
              80.18,
              13.057
            ],
            [
              80.18,
              13.05
            ]
          ]
        ]
      }
    },
    {
      "type": "Feature",
      "properties": {
        "name": "Cell R10 C01",
        "code": "chen_010_001",
        "city": "Chennai"
      },
      "geometry": {
        "type": "Polygon",
        "coordinates": [
          [
            [
              80.1885,
              13.05
            ],
            [
              80.197,
              13.05
            ],
            [
              80.197,
              13.057
            ],
            [
              80.1885,
              13.057
            ],
            [
              80.1885,
              13.05
            ]
          ]
        ]
      }
    },
    {
      "type": "Feature",
      "properties": {
        "name": "Cell R10 C02",
        "code": "chen_010_002",
        "city": "Chennai"
      },
      "geometry": {
        "type": "Polygon",
        "coordinates": [
          [
            [
              80.197,
              13.05
            ],
            [
              80.2055,
              13.05
            ],
            [
              80.2055,
              13.057
            ],
            [
              80.197,
              13.057
            ],
            [
              80.197,
              13.05
            ]
          ]
        ]
      }
    },
    {
      "type": "Feature",
      "properties": {
        "name": "Cell R10 C03",
        "code": "chen_010_003",
        "city": "Chennai"
      },
      "geometry": {
        "type": "Polygon",
        "coordinates": [
          [
            [
              80.2055,
              13.05
            ],
            [
              80.214,
              13.05
            ],
            [
              80.214,
              13.057
            ],
            [
              80.2055,
              13.057
            ],
            [
              80.2055,
              13.05
            ]
          ]
        ]
      }
    },
    {
      "type": "Feature",
      "properties": {
        "name": "Cell R10 C04",
        "code": "chen_010_004",
        "city": "Chennai"
      },
      "geometry": {
        "type": "Polygon",
        "coordinates": [
          [
            [
              80.214,
              13.05
            ],
            [
              80.2225,
              13.05
            ],
            [
              80.2225,
              13.057
            ],
            [
              80.214,
              13.057
            ],
            [
              80.214,
              13.05
            ]
          ]
        ]
      }
    },
    {
      "type": "Feature",
      "properties": {
        "name": "Cell R10 C05",
        "code": "chen_010_005",
        "city": "Chennai"
      },
      "geometry": {
        "type": "Polygon",
        "coordinates": [
          [
            [
              80.2225,
              13.05
            ],
            [
              80.231,
              13.05
            ],
            [
              80.231,
              13.057
            ],
            [
              80.2225,
              13.057
            ],
            [
              80.2225,
              13.05
            ]
          ]
        ]
      }
    },
    {
      "type": "Feature",
      "properties": {
        "name": "Cell R10 C06",
        "code": "chen_010_006",
        "city": "Chennai"
      },
      "geometry": {
        "type": "Polygon",
        "coordinates": [
          [
            [
              80.23100000000001,
              13.05
            ],
            [
              80.2395,
              13.05
            ],
            [
              80.2395,
              13.057
            ],
            [
              80.23100000000001,
              13.057
            ],
            [
              80.23100000000001,
              13.05
            ]
          ]
        ]
      }
    },
    {
      "type": "Feature",
      "properties": {
        "name": "Cell R10 C07",
        "code": "chen_010_007",
        "city": "Chennai"
      },
      "geometry": {
        "type": "Polygon",
        "coordinates": [
          [
            [
              80.2395,
              13.05
            ],
            [
              80.248,
              13.05
            ],
            [
              80.248,
              13.057
            ],
            [
              80.2395,
              13.057
            ],
            [
              80.2395,
              13.05
            ]
          ]
        ]
      }
    },
    {
      "type": "Feature",
      "properties": {
        "name": "Cell R10 C08",
        "code": "chen_010_008",
        "city": "Chennai"
      },
      "geometry": {
        "type": "Polygon",
        "coordinates": [
          [
            [
              80.248,
              13.05
            ],
            [
              80.2565,
              13.05
            ],
            [
              80.2565,
              13.057
            ],
            [
              80.248,
              13.057
            ],
            [
              80.248,
              13.05
            ]
          ]
        ]
      }
    },
    {
      "type": "Feature",
      "properties": {
        "name": "Cell R10 C09",
        "code": "chen_010_009",
        "city": "Chennai"
      },
      "geometry": {
        "type": "Polygon",
        "coordinates": [
          [
            [
              80.2565,
              13.05
            ],
            [
              80.265,
              13.05
            ],
            [
              80.265,
              13.057
            ],
            [
              80.2565,
              13.057
            ],
            [
              80.2565,
              13.05
            ]
          ]
        ]
      }
    },
    {
      "type": "Feature",
      "properties": {
        "name": "Cell R10 C10",
        "code": "chen_010_010",
        "city": "Chennai"
      },
      "geometry": {
        "type": "Polygon",
        "coordinates": [
          [
            [
              80.265,
              13.05
            ],
            [
              80.2735,
              13.05
            ],
            [
              80.2735,
              13.057
            ],
            [
              80.265,
              13.057
            ],
            [
              80.265,
              13.05
            ]
          ]
        ]
      }
    },
    {
      "type": "Feature",
      "properties": {
        "name": "Cell R10 C11",
        "code": "chen_010_011",
        "city": "Chennai"
      },
      "geometry": {
        "type": "Polygon",
        "coordinates": [
          [
            [
              80.2735,
              13.05
            ],
            [
              80.282,
              13.05
            ],
            [
              80.282,
              13.057
            ],
            [
              80.2735,
              13.057
            ],
            [
              80.2735,
              13.05
            ]
          ]
        ]
      }
    },
    {
      "type": "Feature",
      "properties": {
        "name": "Cell R10 C12",
        "code": "chen_010_012",
        "city": "Chennai"
      },
      "geometry": {
        "type": "Polygon",
        "coordinates": [
          [
            [
              80.282,
              13.05
            ],
            [
              80.2905,
              13.05
            ],
            [
              80.2905,
              13.057
            ],
            [
              80.282,
              13.057
            ],
            [
              80.282,
              13.05
            ]
          ]
        ]
      }
    },
    {
      "type": "Feature",
      "properties": {
        "name": "Cell R10 C13",
        "code": "chen_010_013",
        "city": "Chennai"
      },
      "geometry": {
        "type": "Polygon",
        "coordinates": [
          [
            [
              80.2905,
              13.05
            ],
            [
              80.29899999999999,
              13.05
            ],
            [
              80.29899999999999,
              13.057
            ],
            [
              80.2905,
              13.057
            ],
            [
              80.2905,
              13.05
            ]
          ]
        ]
      }
    },
    {
      "type": "Feature",
      "properties": {
        "name": "Cell R10 C14",
        "code": "chen_010_014",
        "city": "Chennai"
      },
      "geometry": {
        "type": "Polygon",
        "coordinates": [
          [
            [
              80.29899999999999,
              13.05
            ],
            [
              80.30749999999999,
              13.05
            ],
            [
              80.30749999999999,
              13.057
            ],
            [
              80.29899999999999,
              13.057
            ],
            [
              80.29899999999999,
              13.05
            ]
          ]
        ]
      }
    },
    {
      "type": "Feature",
      "properties": {
        "name": "Cell R10 C15",
        "code": "chen_010_015",
        "city": "Chennai"
      },
      "geometry": {
        "type": "Polygon",
        "coordinates": [
          [
            [
              80.3075,
              13.05
            ],
            [
              80.316,
              13.05
            ],
            [
              80.316,
              13.057
            ],
            [
              80.3075,
              13.057
            ],
            [
              80.3075,
              13.05
            ]
          ]
        ]
      }
    },
    {
      "type": "Feature",
      "properties": {
        "name": "Cell R10 C16",
        "code": "chen_010_016",
        "city": "Chennai"
      },
      "geometry": {
        "type": "Polygon",
        "coordinates": [
          [
            [
              80.316,
              13.05
            ],
            [
              80.3245,
              13.05
            ],
            [
              80.3245,
              13.057
            ],
            [
              80.316,
              13.057
            ],
            [
              80.316,
              13.05
            ]
          ]
        ]
      }
    },
    {
      "type": "Feature",
      "properties": {
        "name": "Cell R10 C17",
        "code": "chen_010_017",
        "city": "Chennai"
      },
      "geometry": {
        "type": "Polygon",
        "coordinates": [
          [
            [
              80.3245,
              13.05
            ],
            [
              80.333,
              13.05
            ],
            [
              80.333,
              13.057
            ],
            [
              80.3245,
              13.057
            ],
            [
              80.3245,
              13.05
            ]
          ]
        ]
      }
    },
    {
      "type": "Feature",
      "properties": {
        "name": "Cell R10 C18",
        "code": "chen_010_018",
        "city": "Chennai"
      },
      "geometry": {
        "type": "Polygon",
        "coordinates": [
          [
            [
              80.333,
              13.05
            ],
            [
              80.3415,
              13.05
            ],
            [
              80.3415,
              13.057
            ],
            [
              80.333,
              13.057
            ],
            [
              80.333,
              13.05
            ]
          ]
        ]
      }
    },
    {
      "type": "Feature",
      "properties": {
        "name": "Cell R10 C19",
        "code": "chen_010_019",
        "city": "Chennai"
      },
      "geometry": {
        "type": "Polygon",
        "coordinates": [
          [
            [
              80.3415,
              13.05
            ],
            [
              80.35,
              13.05
            ],
            [
              80.35,
              13.057
            ],
            [
              80.3415,
              13.057
            ],
            [
              80.3415,
              13.05
            ]
          ]
        ]
      }
    },
    {
      "type": "Feature",
      "properties": {
        "name": "Cell R11 C00",
        "code": "chen_011_000",
        "city": "Chennai"
      },
      "geometry": {
        "type": "Polygon",
        "coordinates": [
          [
            [
              80.18,
              13.057
            ],
            [
              80.1885,
              13.057
            ],
            [
              80.1885,
              13.064
            ],
            [
              80.18,
              13.064
            ],
            [
              80.18,
              13.057
            ]
          ]
        ]
      }
    },
    {
      "type": "Feature",
      "properties": {
        "name": "Cell R11 C01",
        "code": "chen_011_001",
        "city": "Chennai"
      },
      "geometry": {
        "type": "Polygon",
        "coordinates": [
          [
            [
              80.1885,
              13.057
            ],
            [
              80.197,
              13.057
            ],
            [
              80.197,
              13.064
            ],
            [
              80.1885,
              13.064
            ],
            [
              80.1885,
              13.057
            ]
          ]
        ]
      }
    },
    {
      "type": "Feature",
      "properties": {
        "name": "Cell R11 C02",
        "code": "chen_011_002",
        "city": "Chennai"
      },
      "geometry": {
        "type": "Polygon",
        "coordinates": [
          [
            [
              80.197,
              13.057
            ],
            [
              80.2055,
              13.057
            ],
            [
              80.2055,
              13.064
            ],
            [
              80.197,
              13.064
            ],
            [
              80.197,
              13.057
            ]
          ]
        ]
      }
    },
    {
      "type": "Feature",
      "properties": {
        "name": "Cell R11 C03",
        "code": "chen_011_003",
        "city": "Chennai"
      },
      "geometry": {
        "type": "Polygon",
        "coordinates": [
          [
            [
              80.2055,
              13.057
            ],
            [
              80.214,
              13.057
            ],
            [
              80.214,
              13.064
            ],
            [
              80.2055,
              13.064
            ],
            [
              80.2055,
              13.057
            ]
          ]
        ]
      }
    },
    {
      "type": "Feature",
      "properties": {
        "name": "Cell R11 C04",
        "code": "chen_011_004",
        "city": "Chennai"
      },
      "geometry": {
        "type": "Polygon",
        "coordinates": [
          [
            [
              80.214,
              13.057
            ],
            [
              80.2225,
              13.057
            ],
            [
              80.2225,
              13.064
            ],
            [
              80.214,
              13.064
            ],
            [
              80.214,
              13.057
            ]
          ]
        ]
      }
    },
    {
      "type": "Feature",
      "properties": {
        "name": "Cell R11 C05",
        "code": "chen_011_005",
        "city": "Chennai"
      },
      "geometry": {
        "type": "Polygon",
        "coordinates": [
          [
            [
              80.2225,
              13.057
            ],
            [
              80.231,
              13.057
            ],
            [
              80.231,
              13.064
            ],
            [
              80.2225,
              13.064
            ],
            [
              80.2225,
              13.057
            ]
          ]
        ]
      }
    },
    {
      "type": "Feature",
      "properties": {
        "name": "Cell R11 C06",
        "code": "chen_011_006",
        "city": "Chennai"
      },
      "geometry": {
        "type": "Polygon",
        "coordinates": [
          [
            [
              80.23100000000001,
              13.057
            ],
            [
              80.2395,
              13.057
            ],
            [
              80.2395,
              13.064
            ],
            [
              80.23100000000001,
              13.064
            ],
            [
              80.23100000000001,
              13.057
            ]
          ]
        ]
      }
    },
    {
      "type": "Feature",
      "properties": {
        "name": "Cell R11 C07",
        "code": "chen_011_007",
        "city": "Chennai"
      },
      "geometry": {
        "type": "Polygon",
        "coordinates": [
          [
            [
              80.2395,
              13.057
            ],
            [
              80.248,
              13.057
            ],
            [
              80.248,
              13.064
            ],
            [
              80.2395,
              13.064
            ],
            [
              80.2395,
              13.057
            ]
          ]
        ]
      }
    },
    {
      "type": "Feature",
      "properties": {
        "name": "Cell R11 C08",
        "code": "chen_011_008",
        "city": "Chennai"
      },
      "geometry": {
        "type": "Polygon",
        "coordinates": [
          [
            [
              80.248,
              13.057
            ],
            [
              80.2565,
              13.057
            ],
            [
              80.2565,
              13.064
            ],
            [
              80.248,
              13.064
            ],
            [
              80.248,
              13.057
            ]
          ]
        ]
      }
    },
    {
      "type": "Feature",
      "properties": {
        "name": "Cell R11 C09",
        "code": "chen_011_009",
        "city": "Chennai"
      },
      "geometry": {
        "type": "Polygon",
        "coordinates": [
          [
            [
              80.2565,
              13.057
            ],
            [
              80.265,
              13.057
            ],
            [
              80.265,
              13.064
            ],
            [
              80.2565,
              13.064
            ],
            [
              80.2565,
              13.057
            ]
          ]
        ]
      }
    },
    {
      "type": "Feature",
      "properties": {
        "name": "Cell R11 C10",
        "code": "chen_011_010",
        "city": "Chennai"
      },
      "geometry": {
        "type": "Polygon",
        "coordinates": [
          [
            [
              80.265,
              13.057
            ],
            [
              80.2735,
              13.057
            ],
            [
              80.2735,
              13.064
            ],
            [
              80.265,
              13.064
            ],
            [
              80.265,
              13.057
            ]
          ]
        ]
      }
    },
    {
      "type": "Feature",
      "properties": {
        "name": "Cell R11 C11",
        "code": "chen_011_011",
        "city": "Chennai"
      },
      "geometry": {
        "type": "Polygon",
        "coordinates": [
          [
            [
              80.2735,
              13.057
            ],
            [
              80.282,
              13.057
            ],
            [
              80.282,
              13.064
            ],
            [
              80.2735,
              13.064
            ],
            [
              80.2735,
              13.057
            ]
          ]
        ]
      }
    },
    {
      "type": "Feature",
      "properties": {
        "name": "Cell R11 C12",
        "code": "chen_011_012",
        "city": "Chennai"
      },
      "geometry": {
        "type": "Polygon",
        "coordinates": [
          [
            [
              80.282,
              13.057
            ],
            [
              80.2905,
              13.057
            ],
            [
              80.2905,
              13.064
            ],
            [
              80.282,
              13.064
            ],
            [
              80.282,
              13.057
            ]
          ]
        ]
      }
    },
    {
      "type": "Feature",
      "properties": {
        "name": "Cell R11 C13",
        "code": "chen_011_013",
        "city": "Chennai"
      },
      "geometry": {
        "type": "Polygon",
        "coordinates": [
          [
            [
              80.2905,
              13.057
            ],
            [
              80.29899999999999,
              13.057
            ],
            [
              80.29899999999999,
              13.064
            ],
            [
              80.2905,
              13.064
            ],
            [
              80.2905,
              13.057
            ]
          ]
        ]
      }
    },
    {
      "type": "Feature",
      "properties": {
        "name": "Cell R11 C14",
        "code": "chen_011_014",
        "city": "Chennai"
      },
      "geometry": {
        "type": "Polygon",
        "coordinates": [
          [
            [
              80.29899999999999,
              13.057
            ],
            [
              80.30749999999999,
              13.057
            ],
            [
              80.30749999999999,
              13.064
            ],
            [
              80.29899999999999,
              13.064
            ],
            [
              80.29899999999999,
              13.057
            ]
          ]
        ]
      }
    },
    {
      "type": "Feature",
      "properties": {
        "name": "Cell R11 C15",
        "code": "chen_011_015",
        "city": "Chennai"
      },
      "geometry": {
        "type": "Polygon",
        "coordinates": [
          [
            [
              80.3075,
              13.057
            ],
            [
              80.316,
              13.057
            ],
            [
              80.316,
              13.064
            ],
            [
              80.3075,
              13.064
            ],
            [
              80.3075,
              13.057
            ]
          ]
        ]
      }
    },
    {
      "type": "Feature",
      "properties": {
        "name": "Cell R11 C16",
        "code": "chen_011_016",
        "city": "Chennai"
      },
      "geometry": {
        "type": "Polygon",
        "coordinates": [
          [
            [
              80.316,
              13.057
            ],
            [
              80.3245,
              13.057
            ],
            [
              80.3245,
              13.064
            ],
            [
              80.316,
              13.064
            ],
            [
              80.316,
              13.057
            ]
          ]
        ]
      }
    },
    {
      "type": "Feature",
      "properties": {
        "name": "Cell R11 C17",
        "code": "chen_011_017",
        "city": "Chennai"
      },
      "geometry": {
        "type": "Polygon",
        "coordinates": [
          [
            [
              80.3245,
              13.057
            ],
            [
              80.333,
              13.057
            ],
            [
              80.333,
              13.064
            ],
            [
              80.3245,
              13.064
            ],
            [
              80.3245,
              13.057
            ]
          ]
        ]
      }
    },
    {
      "type": "Feature",
      "properties": {
        "name": "Cell R11 C18",
        "code": "chen_011_018",
        "city": "Chennai"
      },
      "geometry": {
        "type": "Polygon",
        "coordinates": [
          [
            [
              80.333,
              13.057
            ],
            [
              80.3415,
              13.057
            ],
            [
              80.3415,
              13.064
            ],
            [
              80.333,
              13.064
            ],
            [
              80.333,
              13.057
            ]
          ]
        ]
      }
    },
    {
      "type": "Feature",
      "properties": {
        "name": "Cell R11 C19",
        "code": "chen_011_019",
        "city": "Chennai"
      },
      "geometry": {
        "type": "Polygon",
        "coordinates": [
          [
            [
              80.3415,
              13.057
            ],
            [
              80.35,
              13.057
            ],
            [
              80.35,
              13.064
            ],
            [
              80.3415,
              13.064
            ],
            [
              80.3415,
              13.057
            ]
          ]
        ]
      }
    },
    {
      "type": "Feature",
      "properties": {
        "name": "Cell R12 C00",
        "code": "chen_012_000",
        "city": "Chennai"
      },
      "geometry": {
        "type": "Polygon",
        "coordinates": [
          [
            [
              80.18,
              13.064
            ],
            [
              80.1885,
              13.064
            ],
            [
              80.1885,
              13.071
            ],
            [
              80.18,
              13.071
            ],
            [
              80.18,
              13.064
            ]
          ]
        ]
      }
    },
    {
      "type": "Feature",
      "properties": {
        "name": "Cell R12 C01",
        "code": "chen_012_001",
        "city": "Chennai"
      },
      "geometry": {
        "type": "Polygon",
        "coordinates": [
          [
            [
              80.1885,
              13.064
            ],
            [
              80.197,
              13.064
            ],
            [
              80.197,
              13.071
            ],
            [
              80.1885,
              13.071
            ],
            [
              80.1885,
              13.064
            ]
          ]
        ]
      }
    },
    {
      "type": "Feature",
      "properties": {
        "name": "Cell R12 C02",
        "code": "chen_012_002",
        "city": "Chennai"
      },
      "geometry": {
        "type": "Polygon",
        "coordinates": [
          [
            [
              80.197,
              13.064
            ],
            [
              80.2055,
              13.064
            ],
            [
              80.2055,
              13.071
            ],
            [
              80.197,
              13.071
            ],
            [
              80.197,
              13.064
            ]
          ]
        ]
      }
    },
    {
      "type": "Feature",
      "properties": {
        "name": "Cell R12 C03",
        "code": "chen_012_003",
        "city": "Chennai"
      },
      "geometry": {
        "type": "Polygon",
        "coordinates": [
          [
            [
              80.2055,
              13.064
            ],
            [
              80.214,
              13.064
            ],
            [
              80.214,
              13.071
            ],
            [
              80.2055,
              13.071
            ],
            [
              80.2055,
              13.064
            ]
          ]
        ]
      }
    },
    {
      "type": "Feature",
      "properties": {
        "name": "Cell R12 C04",
        "code": "chen_012_004",
        "city": "Chennai"
      },
      "geometry": {
        "type": "Polygon",
        "coordinates": [
          [
            [
              80.214,
              13.064
            ],
            [
              80.2225,
              13.064
            ],
            [
              80.2225,
              13.071
            ],
            [
              80.214,
              13.071
            ],
            [
              80.214,
              13.064
            ]
          ]
        ]
      }
    },
    {
      "type": "Feature",
      "properties": {
        "name": "Cell R12 C05",
        "code": "chen_012_005",
        "city": "Chennai"
      },
      "geometry": {
        "type": "Polygon",
        "coordinates": [
          [
            [
              80.2225,
              13.064
            ],
            [
              80.231,
              13.064
            ],
            [
              80.231,
              13.071
            ],
            [
              80.2225,
              13.071
            ],
            [
              80.2225,
              13.064
            ]
          ]
        ]
      }
    },
    {
      "type": "Feature",
      "properties": {
        "name": "Cell R12 C06",
        "code": "chen_012_006",
        "city": "Chennai"
      },
      "geometry": {
        "type": "Polygon",
        "coordinates": [
          [
            [
              80.23100000000001,
              13.064
            ],
            [
              80.2395,
              13.064
            ],
            [
              80.2395,
              13.071
            ],
            [
              80.23100000000001,
              13.071
            ],
            [
              80.23100000000001,
              13.064
            ]
          ]
        ]
      }
    },
    {
      "type": "Feature",
      "properties": {
        "name": "Cell R12 C07",
        "code": "chen_012_007",
        "city": "Chennai"
      },
      "geometry": {
        "type": "Polygon",
        "coordinates": [
          [
            [
              80.2395,
              13.064
            ],
            [
              80.248,
              13.064
            ],
            [
              80.248,
              13.071
            ],
            [
              80.2395,
              13.071
            ],
            [
              80.2395,
              13.064
            ]
          ]
        ]
      }
    },
    {
      "type": "Feature",
      "properties": {
        "name": "Cell R12 C08",
        "code": "chen_012_008",
        "city": "Chennai"
      },
      "geometry": {
        "type": "Polygon",
        "coordinates": [
          [
            [
              80.248,
              13.064
            ],
            [
              80.2565,
              13.064
            ],
            [
              80.2565,
              13.071
            ],
            [
              80.248,
              13.071
            ],
            [
              80.248,
              13.064
            ]
          ]
        ]
      }
    },
    {
      "type": "Feature",
      "properties": {
        "name": "Cell R12 C09",
        "code": "chen_012_009",
        "city": "Chennai"
      },
      "geometry": {
        "type": "Polygon",
        "coordinates": [
          [
            [
              80.2565,
              13.064
            ],
            [
              80.265,
              13.064
            ],
            [
              80.265,
              13.071
            ],
            [
              80.2565,
              13.071
            ],
            [
              80.2565,
              13.064
            ]
          ]
        ]
      }
    },
    {
      "type": "Feature",
      "properties": {
        "name": "Cell R12 C10",
        "code": "chen_012_010",
        "city": "Chennai"
      },
      "geometry": {
        "type": "Polygon",
        "coordinates": [
          [
            [
              80.265,
              13.064
            ],
            [
              80.2735,
              13.064
            ],
            [
              80.2735,
              13.071
            ],
            [
              80.265,
              13.071
            ],
            [
              80.265,
              13.064
            ]
          ]
        ]
      }
    },
    {
      "type": "Feature",
      "properties": {
        "name": "Cell R12 C11",
        "code": "chen_012_011",
        "city": "Chennai"
      },
      "geometry": {
        "type": "Polygon",
        "coordinates": [
          [
            [
              80.2735,
              13.064
            ],
            [
              80.282,
              13.064
            ],
            [
              80.282,
              13.071
            ],
            [
              80.2735,
              13.071
            ],
            [
              80.2735,
              13.064
            ]
          ]
        ]
      }
    },
    {
      "type": "Feature",
      "properties": {
        "name": "Cell R12 C12",
        "code": "chen_012_012",
        "city": "Chennai"
      },
      "geometry": {
        "type": "Polygon",
        "coordinates": [
          [
            [
              80.282,
              13.064
            ],
            [
              80.2905,
              13.064
            ],
            [
              80.2905,
              13.071
            ],
            [
              80.282,
              13.071
            ],
            [
              80.282,
              13.064
            ]
          ]
        ]
      }
    },
    {
      "type": "Feature",
      "properties": {
        "name": "Cell R12 C13",
        "code": "chen_012_013",
        "city": "Chennai"
      },
      "geometry": {
        "type": "Polygon",
        "coordinates": [
          [
            [
              80.2905,
              13.064
            ],
            [
              80.29899999999999,
              13.064
            ],
            [
              80.29899999999999,
              13.071
            ],
            [
              80.2905,
              13.071
            ],
            [
              80.2905,
              13.064
            ]
          ]
        ]
      }
    },
    {
      "type": "Feature",
      "properties": {
        "name": "Cell R12 C14",
        "code": "chen_012_014",
        "city": "Chennai"
      },
      "geometry": {
        "type": "Polygon",
        "coordinates": [
          [
            [
              80.29899999999999,
              13.064
            ],
            [
              80.30749999999999,
              13.064
            ],
            [
              80.30749999999999,
              13.071
            ],
            [
              80.29899999999999,
              13.071
            ],
            [
              80.29899999999999,
              13.064
            ]
          ]
        ]
      }
    },
    {
      "type": "Feature",
      "properties": {
        "name": "Cell R12 C15",
        "code": "chen_012_015",
        "city": "Chennai"
      },
      "geometry": {
        "type": "Polygon",
        "coordinates": [
          [
            [
              80.3075,
              13.064
            ],
            [
              80.316,
              13.064
            ],
            [
              80.316,
              13.071
            ],
            [
              80.3075,
              13.071
            ],
            [
              80.3075,
              13.064
            ]
          ]
        ]
      }
    },
    {
      "type": "Feature",
      "properties": {
        "name": "Cell R12 C16",
        "code": "chen_012_016",
        "city": "Chennai"
      },
      "geometry": {
        "type": "Polygon",
        "coordinates": [
          [
            [
              80.316,
              13.064
            ],
            [
              80.3245,
              13.064
            ],
            [
              80.3245,
              13.071
            ],
            [
              80.316,
              13.071
            ],
            [
              80.316,
              13.064
            ]
          ]
        ]
      }
    },
    {
      "type": "Feature",
      "properties": {
        "name": "Cell R12 C17",
        "code": "chen_012_017",
        "city": "Chennai"
      },
      "geometry": {
        "type": "Polygon",
        "coordinates": [
          [
            [
              80.3245,
              13.064
            ],
            [
              80.333,
              13.064
            ],
            [
              80.333,
              13.071
            ],
            [
              80.3245,
              13.071
            ],
            [
              80.3245,
              13.064
            ]
          ]
        ]
      }
    },
    {
      "type": "Feature",
      "properties": {
        "name": "Cell R12 C18",
        "code": "chen_012_018",
        "city": "Chennai"
      },
      "geometry": {
        "type": "Polygon",
        "coordinates": [
          [
            [
              80.333,
              13.064
            ],
            [
              80.3415,
              13.064
            ],
            [
              80.3415,
              13.071
            ],
            [
              80.333,
              13.071
            ],
            [
              80.333,
              13.064
            ]
          ]
        ]
      }
    },
    {
      "type": "Feature",
      "properties": {
        "name": "Cell R12 C19",
        "code": "chen_012_019",
        "city": "Chennai"
      },
      "geometry": {
        "type": "Polygon",
        "coordinates": [
          [
            [
              80.3415,
              13.064
            ],
            [
              80.35,
              13.064
            ],
            [
              80.35,
              13.071
            ],
            [
              80.3415,
              13.071
            ],
            [
              80.3415,
              13.064
            ]
          ]
        ]
      }
    },
    {
      "type": "Feature",
      "properties": {
        "name": "Cell R13 C00",
        "code": "chen_013_000",
        "city": "Chennai"
      },
      "geometry": {
        "type": "Polygon",
        "coordinates": [
          [
            [
              80.18,
              13.071
            ],
            [
              80.1885,
              13.071
            ],
            [
              80.1885,
              13.078
            ],
            [
              80.18,
              13.078
            ],
            [
              80.18,
              13.071
            ]
          ]
        ]
      }
    },
    {
      "type": "Feature",
      "properties": {
        "name": "Cell R13 C01",
        "code": "chen_013_001",
        "city": "Chennai"
      },
      "geometry": {
        "type": "Polygon",
        "coordinates": [
          [
            [
              80.1885,
              13.071
            ],
            [
              80.197,
              13.071
            ],
            [
              80.197,
              13.078
            ],
            [
              80.1885,
              13.078
            ],
            [
              80.1885,
              13.071
            ]
          ]
        ]
      }
    },
    {
      "type": "Feature",
      "properties": {
        "name": "Cell R13 C02",
        "code": "chen_013_002",
        "city": "Chennai"
      },
      "geometry": {
        "type": "Polygon",
        "coordinates": [
          [
            [
              80.197,
              13.071
            ],
            [
              80.2055,
              13.071
            ],
            [
              80.2055,
              13.078
            ],
            [
              80.197,
              13.078
            ],
            [
              80.197,
              13.071
            ]
          ]
        ]
      }
    },
    {
      "type": "Feature",
      "properties": {
        "name": "Cell R13 C03",
        "code": "chen_013_003",
        "city": "Chennai"
      },
      "geometry": {
        "type": "Polygon",
        "coordinates": [
          [
            [
              80.2055,
              13.071
            ],
            [
              80.214,
              13.071
            ],
            [
              80.214,
              13.078
            ],
            [
              80.2055,
              13.078
            ],
            [
              80.2055,
              13.071
            ]
          ]
        ]
      }
    },
    {
      "type": "Feature",
      "properties": {
        "name": "Cell R13 C04",
        "code": "chen_013_004",
        "city": "Chennai"
      },
      "geometry": {
        "type": "Polygon",
        "coordinates": [
          [
            [
              80.214,
              13.071
            ],
            [
              80.2225,
              13.071
            ],
            [
              80.2225,
              13.078
            ],
            [
              80.214,
              13.078
            ],
            [
              80.214,
              13.071
            ]
          ]
        ]
      }
    },
    {
      "type": "Feature",
      "properties": {
        "name": "Cell R13 C05",
        "code": "chen_013_005",
        "city": "Chennai"
      },
      "geometry": {
        "type": "Polygon",
        "coordinates": [
          [
            [
              80.2225,
              13.071
            ],
            [
              80.231,
              13.071
            ],
            [
              80.231,
              13.078
            ],
            [
              80.2225,
              13.078
            ],
            [
              80.2225,
              13.071
            ]
          ]
        ]
      }
    },
    {
      "type": "Feature",
      "properties": {
        "name": "Cell R13 C06",
        "code": "chen_013_006",
        "city": "Chennai"
      },
      "geometry": {
        "type": "Polygon",
        "coordinates": [
          [
            [
              80.23100000000001,
              13.071
            ],
            [
              80.2395,
              13.071
            ],
            [
              80.2395,
              13.078
            ],
            [
              80.23100000000001,
              13.078
            ],
            [
              80.23100000000001,
              13.071
            ]
          ]
        ]
      }
    },
    {
      "type": "Feature",
      "properties": {
        "name": "Cell R13 C07",
        "code": "chen_013_007",
        "city": "Chennai"
      },
      "geometry": {
        "type": "Polygon",
        "coordinates": [
          [
            [
              80.2395,
              13.071
            ],
            [
              80.248,
              13.071
            ],
            [
              80.248,
              13.078
            ],
            [
              80.2395,
              13.078
            ],
            [
              80.2395,
              13.071
            ]
          ]
        ]
      }
    },
    {
      "type": "Feature",
      "properties": {
        "name": "Cell R13 C08",
        "code": "chen_013_008",
        "city": "Chennai"
      },
      "geometry": {
        "type": "Polygon",
        "coordinates": [
          [
            [
              80.248,
              13.071
            ],
            [
              80.2565,
              13.071
            ],
            [
              80.2565,
              13.078
            ],
            [
              80.248,
              13.078
            ],
            [
              80.248,
              13.071
            ]
          ]
        ]
      }
    },
    {
      "type": "Feature",
      "properties": {
        "name": "Cell R13 C09",
        "code": "chen_013_009",
        "city": "Chennai"
      },
      "geometry": {
        "type": "Polygon",
        "coordinates": [
          [
            [
              80.2565,
              13.071
            ],
            [
              80.265,
              13.071
            ],
            [
              80.265,
              13.078
            ],
            [
              80.2565,
              13.078
            ],
            [
              80.2565,
              13.071
            ]
          ]
        ]
      }
    },
    {
      "type": "Feature",
      "properties": {
        "name": "Cell R13 C10",
        "code": "chen_013_010",
        "city": "Chennai"
      },
      "geometry": {
        "type": "Polygon",
        "coordinates": [
          [
            [
              80.265,
              13.071
            ],
            [
              80.2735,
              13.071
            ],
            [
              80.2735,
              13.078
            ],
            [
              80.265,
              13.078
            ],
            [
              80.265,
              13.071
            ]
          ]
        ]
      }
    },
    {
      "type": "Feature",
      "properties": {
        "name": "Cell R13 C11",
        "code": "chen_013_011",
        "city": "Chennai"
      },
      "geometry": {
        "type": "Polygon",
        "coordinates": [
          [
            [
              80.2735,
              13.071
            ],
            [
              80.282,
              13.071
            ],
            [
              80.282,
              13.078
            ],
            [
              80.2735,
              13.078
            ],
            [
              80.2735,
              13.071
            ]
          ]
        ]
      }
    },
    {
      "type": "Feature",
      "properties": {
        "name": "Cell R13 C12",
        "code": "chen_013_012",
        "city": "Chennai"
      },
      "geometry": {
        "type": "Polygon",
        "coordinates": [
          [
            [
              80.282,
              13.071
            ],
            [
              80.2905,
              13.071
            ],
            [
              80.2905,
              13.078
            ],
            [
              80.282,
              13.078
            ],
            [
              80.282,
              13.071
            ]
          ]
        ]
      }
    },
    {
      "type": "Feature",
      "properties": {
        "name": "Cell R13 C13",
        "code": "chen_013_013",
        "city": "Chennai"
      },
      "geometry": {
        "type": "Polygon",
        "coordinates": [
          [
            [
              80.2905,
              13.071
            ],
            [
              80.29899999999999,
              13.071
            ],
            [
              80.29899999999999,
              13.078
            ],
            [
              80.2905,
              13.078
            ],
            [
              80.2905,
              13.071
            ]
          ]
        ]
      }
    },
    {
      "type": "Feature",
      "properties": {
        "name": "Cell R13 C14",
        "code": "chen_013_014",
        "city": "Chennai"
      },
      "geometry": {
        "type": "Polygon",
        "coordinates": [
          [
            [
              80.29899999999999,
              13.071
            ],
            [
              80.30749999999999,
              13.071
            ],
            [
              80.30749999999999,
              13.078
            ],
            [
              80.29899999999999,
              13.078
            ],
            [
              80.29899999999999,
              13.071
            ]
          ]
        ]
      }
    },
    {
      "type": "Feature",
      "properties": {
        "name": "Cell R13 C15",
        "code": "chen_013_015",
        "city": "Chennai"
      },
      "geometry": {
        "type": "Polygon",
        "coordinates": [
          [
            [
              80.3075,
              13.071
            ],
            [
              80.316,
              13.071
            ],
            [
              80.316,
              13.078
            ],
            [
              80.3075,
              13.078
            ],
            [
              80.3075,
              13.071
            ]
          ]
        ]
      }
    },
    {
      "type": "Feature",
      "properties": {
        "name": "Cell R13 C16",
        "code": "chen_013_016",
        "city": "Chennai"
      },
      "geometry": {
        "type": "Polygon",
        "coordinates": [
          [
            [
              80.316,
              13.071
            ],
            [
              80.3245,
              13.071
            ],
            [
              80.3245,
              13.078
            ],
            [
              80.316,
              13.078
            ],
            [
              80.316,
              13.071
            ]
          ]
        ]
      }
    },
    {
      "type": "Feature",
      "properties": {
        "name": "Cell R13 C17",
        "code": "chen_013_017",
        "city": "Chennai"
      },
      "geometry": {
        "type": "Polygon",
        "coordinates": [
          [
            [
              80.3245,
              13.071
            ],
            [
              80.333,
              13.071
            ],
            [
              80.333,
              13.078
            ],
            [
              80.3245,
              13.078
            ],
            [
              80.3245,
              13.071
            ]
          ]
        ]
      }
    },
    {
      "type": "Feature",
      "properties": {
        "name": "Cell R13 C18",
        "code": "chen_013_018",
        "city": "Chennai"
      },
      "geometry": {
        "type": "Polygon",
        "coordinates": [
          [
            [
              80.333,
              13.071
            ],
            [
              80.3415,
              13.071
            ],
            [
              80.3415,
              13.078
            ],
            [
              80.333,
              13.078
            ],
            [
              80.333,
              13.071
            ]
          ]
        ]
      }
    },
    {
      "type": "Feature",
      "properties": {
        "name": "Cell R13 C19",
        "code": "chen_013_019",
        "city": "Chennai"
      },
      "geometry": {
        "type": "Polygon",
        "coordinates": [
          [
            [
              80.3415,
              13.071
            ],
            [
              80.35,
              13.071
            ],
            [
              80.35,
              13.078
            ],
            [
              80.3415,
              13.078
            ],
            [
              80.3415,
              13.071
            ]
          ]
        ]
      }
    },
    {
      "type": "Feature",
      "properties": {
        "name": "Cell R14 C00",
        "code": "chen_014_000",
        "city": "Chennai"
      },
      "geometry": {
        "type": "Polygon",
        "coordinates": [
          [
            [
              80.18,
              13.078
            ],
            [
              80.1885,
              13.078
            ],
            [
              80.1885,
              13.084999999999999
            ],
            [
              80.18,
              13.084999999999999
            ],
            [
              80.18,
              13.078
            ]
          ]
        ]
      }
    },
    {
      "type": "Feature",
      "properties": {
        "name": "Cell R14 C01",
        "code": "chen_014_001",
        "city": "Chennai"
      },
      "geometry": {
        "type": "Polygon",
        "coordinates": [
          [
            [
              80.1885,
              13.078
            ],
            [
              80.197,
              13.078
            ],
            [
              80.197,
              13.084999999999999
            ],
            [
              80.1885,
              13.084999999999999
            ],
            [
              80.1885,
              13.078
            ]
          ]
        ]
      }
    },
    {
      "type": "Feature",
      "properties": {
        "name": "Cell R14 C02",
        "code": "chen_014_002",
        "city": "Chennai"
      },
      "geometry": {
        "type": "Polygon",
        "coordinates": [
          [
            [
              80.197,
              13.078
            ],
            [
              80.2055,
              13.078
            ],
            [
              80.2055,
              13.084999999999999
            ],
            [
              80.197,
              13.084999999999999
            ],
            [
              80.197,
              13.078
            ]
          ]
        ]
      }
    },
    {
      "type": "Feature",
      "properties": {
        "name": "Cell R14 C03",
        "code": "chen_014_003",
        "city": "Chennai"
      },
      "geometry": {
        "type": "Polygon",
        "coordinates": [
          [
            [
              80.2055,
              13.078
            ],
            [
              80.214,
              13.078
            ],
            [
              80.214,
              13.084999999999999
            ],
            [
              80.2055,
              13.084999999999999
            ],
            [
              80.2055,
              13.078
            ]
          ]
        ]
      }
    },
    {
      "type": "Feature",
      "properties": {
        "name": "Cell R14 C04",
        "code": "chen_014_004",
        "city": "Chennai"
      },
      "geometry": {
        "type": "Polygon",
        "coordinates": [
          [
            [
              80.214,
              13.078
            ],
            [
              80.2225,
              13.078
            ],
            [
              80.2225,
              13.084999999999999
            ],
            [
              80.214,
              13.084999999999999
            ],
            [
              80.214,
              13.078
            ]
          ]
        ]
      }
    },
    {
      "type": "Feature",
      "properties": {
        "name": "Cell R14 C05",
        "code": "chen_014_005",
        "city": "Chennai"
      },
      "geometry": {
        "type": "Polygon",
        "coordinates": [
          [
            [
              80.2225,
              13.078
            ],
            [
              80.231,
              13.078
            ],
            [
              80.231,
              13.084999999999999
            ],
            [
              80.2225,
              13.084999999999999
            ],
            [
              80.2225,
              13.078
            ]
          ]
        ]
      }
    },
    {
      "type": "Feature",
      "properties": {
        "name": "Cell R14 C06",
        "code": "chen_014_006",
        "city": "Chennai"
      },
      "geometry": {
        "type": "Polygon",
        "coordinates": [
          [
            [
              80.23100000000001,
              13.078
            ],
            [
              80.2395,
              13.078
            ],
            [
              80.2395,
              13.084999999999999
            ],
            [
              80.23100000000001,
              13.084999999999999
            ],
            [
              80.23100000000001,
              13.078
            ]
          ]
        ]
      }
    },
    {
      "type": "Feature",
      "properties": {
        "name": "Cell R14 C07",
        "code": "chen_014_007",
        "city": "Chennai"
      },
      "geometry": {
        "type": "Polygon",
        "coordinates": [
          [
            [
              80.2395,
              13.078
            ],
            [
              80.248,
              13.078
            ],
            [
              80.248,
              13.084999999999999
            ],
            [
              80.2395,
              13.084999999999999
            ],
            [
              80.2395,
              13.078
            ]
          ]
        ]
      }
    },
    {
      "type": "Feature",
      "properties": {
        "name": "Cell R14 C08",
        "code": "chen_014_008",
        "city": "Chennai"
      },
      "geometry": {
        "type": "Polygon",
        "coordinates": [
          [
            [
              80.248,
              13.078
            ],
            [
              80.2565,
              13.078
            ],
            [
              80.2565,
              13.084999999999999
            ],
            [
              80.248,
              13.084999999999999
            ],
            [
              80.248,
              13.078
            ]
          ]
        ]
      }
    },
    {
      "type": "Feature",
      "properties": {
        "name": "Cell R14 C09",
        "code": "chen_014_009",
        "city": "Chennai"
      },
      "geometry": {
        "type": "Polygon",
        "coordinates": [
          [
            [
              80.2565,
              13.078
            ],
            [
              80.265,
              13.078
            ],
            [
              80.265,
              13.084999999999999
            ],
            [
              80.2565,
              13.084999999999999
            ],
            [
              80.2565,
              13.078
            ]
          ]
        ]
      }
    },
    {
      "type": "Feature",
      "properties": {
        "name": "Cell R14 C10",
        "code": "chen_014_010",
        "city": "Chennai"
      },
      "geometry": {
        "type": "Polygon",
        "coordinates": [
          [
            [
              80.265,
              13.078
            ],
            [
              80.2735,
              13.078
            ],
            [
              80.2735,
              13.084999999999999
            ],
            [
              80.265,
              13.084999999999999
            ],
            [
              80.265,
              13.078
            ]
          ]
        ]
      }
    },
    {
      "type": "Feature",
      "properties": {
        "name": "Cell R14 C11",
        "code": "chen_014_011",
        "city": "Chennai"
      },
      "geometry": {
        "type": "Polygon",
        "coordinates": [
          [
            [
              80.2735,
              13.078
            ],
            [
              80.282,
              13.078
            ],
            [
              80.282,
              13.084999999999999
            ],
            [
              80.2735,
              13.084999999999999
            ],
            [
              80.2735,
              13.078
            ]
          ]
        ]
      }
    },
    {
      "type": "Feature",
      "properties": {
        "name": "Cell R14 C12",
        "code": "chen_014_012",
        "city": "Chennai"
      },
      "geometry": {
        "type": "Polygon",
        "coordinates": [
          [
            [
              80.282,
              13.078
            ],
            [
              80.2905,
              13.078
            ],
            [
              80.2905,
              13.084999999999999
            ],
            [
              80.282,
              13.084999999999999
            ],
            [
              80.282,
              13.078
            ]
          ]
        ]
      }
    },
    {
      "type": "Feature",
      "properties": {
        "name": "Cell R14 C13",
        "code": "chen_014_013",
        "city": "Chennai"
      },
      "geometry": {
        "type": "Polygon",
        "coordinates": [
          [
            [
              80.2905,
              13.078
            ],
            [
              80.29899999999999,
              13.078
            ],
            [
              80.29899999999999,
              13.084999999999999
            ],
            [
              80.2905,
              13.084999999999999
            ],
            [
              80.2905,
              13.078
            ]
          ]
        ]
      }
    },
    {
      "type": "Feature",
      "properties": {
        "name": "Cell R14 C14",
        "code": "chen_014_014",
        "city": "Chennai"
      },
      "geometry": {
        "type": "Polygon",
        "coordinates": [
          [
            [
              80.29899999999999,
              13.078
            ],
            [
              80.30749999999999,
              13.078
            ],
            [
              80.30749999999999,
              13.084999999999999
            ],
            [
              80.29899999999999,
              13.084999999999999
            ],
            [
              80.29899999999999,
              13.078
            ]
          ]
        ]
      }
    },
    {
      "type": "Feature",
      "properties": {
        "name": "Cell R14 C15",
        "code": "chen_014_015",
        "city": "Chennai"
      },
      "geometry": {
        "type": "Polygon",
        "coordinates": [
          [
            [
              80.3075,
              13.078
            ],
            [
              80.316,
              13.078
            ],
            [
              80.316,
              13.084999999999999
            ],
            [
              80.3075,
              13.084999999999999
            ],
            [
              80.3075,
              13.078
            ]
          ]
        ]
      }
    },
    {
      "type": "Feature",
      "properties": {
        "name": "Cell R14 C16",
        "code": "chen_014_016",
        "city": "Chennai"
      },
      "geometry": {
        "type": "Polygon",
        "coordinates": [
          [
            [
              80.316,
              13.078
            ],
            [
              80.3245,
              13.078
            ],
            [
              80.3245,
              13.084999999999999
            ],
            [
              80.316,
              13.084999999999999
            ],
            [
              80.316,
              13.078
            ]
          ]
        ]
      }
    },
    {
      "type": "Feature",
      "properties": {
        "name": "Cell R14 C17",
        "code": "chen_014_017",
        "city": "Chennai"
      },
      "geometry": {
        "type": "Polygon",
        "coordinates": [
          [
            [
              80.3245,
              13.078
            ],
            [
              80.333,
              13.078
            ],
            [
              80.333,
              13.084999999999999
            ],
            [
              80.3245,
              13.084999999999999
            ],
            [
              80.3245,
              13.078
            ]
          ]
        ]
      }
    },
    {
      "type": "Feature",
      "properties": {
        "name": "Cell R14 C18",
        "code": "chen_014_018",
        "city": "Chennai"
      },
      "geometry": {
        "type": "Polygon",
        "coordinates": [
          [
            [
              80.333,
              13.078
            ],
            [
              80.3415,
              13.078
            ],
            [
              80.3415,
              13.084999999999999
            ],
            [
              80.333,
              13.084999999999999
            ],
            [
              80.333,
              13.078
            ]
          ]
        ]
      }
    },
    {
      "type": "Feature",
      "properties": {
        "name": "Cell R14 C19",
        "code": "chen_014_019",
        "city": "Chennai"
      },
      "geometry": {
        "type": "Polygon",
        "coordinates": [
          [
            [
              80.3415,
              13.078
            ],
            [
              80.35,
              13.078
            ],
            [
              80.35,
              13.084999999999999
            ],
            [
              80.3415,
              13.084999999999999
            ],
            [
              80.3415,
              13.078
            ]
          ]
        ]
      }
    },
    {
      "type": "Feature",
      "properties": {
        "name": "Cell R15 C00",
        "code": "chen_015_000",
        "city": "Chennai"
      },
      "geometry": {
        "type": "Polygon",
        "coordinates": [
          [
            [
              80.18,
              13.084999999999999
            ],
            [
              80.1885,
              13.084999999999999
            ],
            [
              80.1885,
              13.091999999999999
            ],
            [
              80.18,
              13.091999999999999
            ],
            [
              80.18,
              13.084999999999999
            ]
          ]
        ]
      }
    },
    {
      "type": "Feature",
      "properties": {
        "name": "Cell R15 C01",
        "code": "chen_015_001",
        "city": "Chennai"
      },
      "geometry": {
        "type": "Polygon",
        "coordinates": [
          [
            [
              80.1885,
              13.084999999999999
            ],
            [
              80.197,
              13.084999999999999
            ],
            [
              80.197,
              13.091999999999999
            ],
            [
              80.1885,
              13.091999999999999
            ],
            [
              80.1885,
              13.084999999999999
            ]
          ]
        ]
      }
    },
    {
      "type": "Feature",
      "properties": {
        "name": "Cell R15 C02",
        "code": "chen_015_002",
        "city": "Chennai"
      },
      "geometry": {
        "type": "Polygon",
        "coordinates": [
          [
            [
              80.197,
              13.084999999999999
            ],
            [
              80.2055,
              13.084999999999999
            ],
            [
              80.2055,
              13.091999999999999
            ],
            [
              80.197,
              13.091999999999999
            ],
            [
              80.197,
              13.084999999999999
            ]
          ]
        ]
      }
    },
    {
      "type": "Feature",
      "properties": {
        "name": "Cell R15 C03",
        "code": "chen_015_003",
        "city": "Chennai"
      },
      "geometry": {
        "type": "Polygon",
        "coordinates": [
          [
            [
              80.2055,
              13.084999999999999
            ],
            [
              80.214,
              13.084999999999999
            ],
            [
              80.214,
              13.091999999999999
            ],
            [
              80.2055,
              13.091999999999999
            ],
            [
              80.2055,
              13.084999999999999
            ]
          ]
        ]
      }
    },
    {
      "type": "Feature",
      "properties": {
        "name": "Cell R15 C04",
        "code": "chen_015_004",
        "city": "Chennai"
      },
      "geometry": {
        "type": "Polygon",
        "coordinates": [
          [
            [
              80.214,
              13.084999999999999
            ],
            [
              80.2225,
              13.084999999999999
            ],
            [
              80.2225,
              13.091999999999999
            ],
            [
              80.214,
              13.091999999999999
            ],
            [
              80.214,
              13.084999999999999
            ]
          ]
        ]
      }
    },
    {
      "type": "Feature",
      "properties": {
        "name": "Cell R15 C05",
        "code": "chen_015_005",
        "city": "Chennai"
      },
      "geometry": {
        "type": "Polygon",
        "coordinates": [
          [
            [
              80.2225,
              13.084999999999999
            ],
            [
              80.231,
              13.084999999999999
            ],
            [
              80.231,
              13.091999999999999
            ],
            [
              80.2225,
              13.091999999999999
            ],
            [
              80.2225,
              13.084999999999999
            ]
          ]
        ]
      }
    },
    {
      "type": "Feature",
      "properties": {
        "name": "Cell R15 C06",
        "code": "chen_015_006",
        "city": "Chennai"
      },
      "geometry": {
        "type": "Polygon",
        "coordinates": [
          [
            [
              80.23100000000001,
              13.084999999999999
            ],
            [
              80.2395,
              13.084999999999999
            ],
            [
              80.2395,
              13.091999999999999
            ],
            [
              80.23100000000001,
              13.091999999999999
            ],
            [
              80.23100000000001,
              13.084999999999999
            ]
          ]
        ]
      }
    },
    {
      "type": "Feature",
      "properties": {
        "name": "Cell R15 C07",
        "code": "chen_015_007",
        "city": "Chennai"
      },
      "geometry": {
        "type": "Polygon",
        "coordinates": [
          [
            [
              80.2395,
              13.084999999999999
            ],
            [
              80.248,
              13.084999999999999
            ],
            [
              80.248,
              13.091999999999999
            ],
            [
              80.2395,
              13.091999999999999
            ],
            [
              80.2395,
              13.084999999999999
            ]
          ]
        ]
      }
    },
    {
      "type": "Feature",
      "properties": {
        "name": "Cell R15 C08",
        "code": "chen_015_008",
        "city": "Chennai"
      },
      "geometry": {
        "type": "Polygon",
        "coordinates": [
          [
            [
              80.248,
              13.084999999999999
            ],
            [
              80.2565,
              13.084999999999999
            ],
            [
              80.2565,
              13.091999999999999
            ],
            [
              80.248,
              13.091999999999999
            ],
            [
              80.248,
              13.084999999999999
            ]
          ]
        ]
      }
    },
    {
      "type": "Feature",
      "properties": {
        "name": "Cell R15 C09",
        "code": "chen_015_009",
        "city": "Chennai"
      },
      "geometry": {
        "type": "Polygon",
        "coordinates": [
          [
            [
              80.2565,
              13.084999999999999
            ],
            [
              80.265,
              13.084999999999999
            ],
            [
              80.265,
              13.091999999999999
            ],
            [
              80.2565,
              13.091999999999999
            ],
            [
              80.2565,
              13.084999999999999
            ]
          ]
        ]
      }
    },
    {
      "type": "Feature",
      "properties": {
        "name": "Cell R15 C10",
        "code": "chen_015_010",
        "city": "Chennai"
      },
      "geometry": {
        "type": "Polygon",
        "coordinates": [
          [
            [
              80.265,
              13.084999999999999
            ],
            [
              80.2735,
              13.084999999999999
            ],
            [
              80.2735,
              13.091999999999999
            ],
            [
              80.265,
              13.091999999999999
            ],
            [
              80.265,
              13.084999999999999
            ]
          ]
        ]
      }
    },
    {
      "type": "Feature",
      "properties": {
        "name": "Cell R15 C11",
        "code": "chen_015_011",
        "city": "Chennai"
      },
      "geometry": {
        "type": "Polygon",
        "coordinates": [
          [
            [
              80.2735,
              13.084999999999999
            ],
            [
              80.282,
              13.084999999999999
            ],
            [
              80.282,
              13.091999999999999
            ],
            [
              80.2735,
              13.091999999999999
            ],
            [
              80.2735,
              13.084999999999999
            ]
          ]
        ]
      }
    },
    {
      "type": "Feature",
      "properties": {
        "name": "Cell R15 C12",
        "code": "chen_015_012",
        "city": "Chennai"
      },
      "geometry": {
        "type": "Polygon",
        "coordinates": [
          [
            [
              80.282,
              13.084999999999999
            ],
            [
              80.2905,
              13.084999999999999
            ],
            [
              80.2905,
              13.091999999999999
            ],
            [
              80.282,
              13.091999999999999
            ],
            [
              80.282,
              13.084999999999999
            ]
          ]
        ]
      }
    },
    {
      "type": "Feature",
      "properties": {
        "name": "Cell R15 C13",
        "code": "chen_015_013",
        "city": "Chennai"
      },
      "geometry": {
        "type": "Polygon",
        "coordinates": [
          [
            [
              80.2905,
              13.084999999999999
            ],
            [
              80.29899999999999,
              13.084999999999999
            ],
            [
              80.29899999999999,
              13.091999999999999
            ],
            [
              80.2905,
              13.091999999999999
            ],
            [
              80.2905,
              13.084999999999999
            ]
          ]
        ]
      }
    },
    {
      "type": "Feature",
      "properties": {
        "name": "Cell R15 C14",
        "code": "chen_015_014",
        "city": "Chennai"
      },
      "geometry": {
        "type": "Polygon",
        "coordinates": [
          [
            [
              80.29899999999999,
              13.084999999999999
            ],
            [
              80.30749999999999,
              13.084999999999999
            ],
            [
              80.30749999999999,
              13.091999999999999
            ],
            [
              80.29899999999999,
              13.091999999999999
            ],
            [
              80.29899999999999,
              13.084999999999999
            ]
          ]
        ]
      }
    },
    {
      "type": "Feature",
      "properties": {
        "name": "Cell R15 C15",
        "code": "chen_015_015",
        "city": "Chennai"
      },
      "geometry": {
        "type": "Polygon",
        "coordinates": [
          [
            [
              80.3075,
              13.084999999999999
            ],
            [
              80.316,
              13.084999999999999
            ],
            [
              80.316,
              13.091999999999999
            ],
            [
              80.3075,
              13.091999999999999
            ],
            [
              80.3075,
              13.084999999999999
            ]
          ]
        ]
      }
    },
    {
      "type": "Feature",
      "properties": {
        "name": "Cell R15 C16",
        "code": "chen_015_016",
        "city": "Chennai"
      },
      "geometry": {
        "type": "Polygon",
        "coordinates": [
          [
            [
              80.316,
              13.084999999999999
            ],
            [
              80.3245,
              13.084999999999999
            ],
            [
              80.3245,
              13.091999999999999
            ],
            [
              80.316,
              13.091999999999999
            ],
            [
              80.316,
              13.084999999999999
            ]
          ]
        ]
      }
    },
    {
      "type": "Feature",
      "properties": {
        "name": "Cell R15 C17",
        "code": "chen_015_017",
        "city": "Chennai"
      },
      "geometry": {
        "type": "Polygon",
        "coordinates": [
          [
            [
              80.3245,
              13.084999999999999
            ],
            [
              80.333,
              13.084999999999999
            ],
            [
              80.333,
              13.091999999999999
            ],
            [
              80.3245,
              13.091999999999999
            ],
            [
              80.3245,
              13.084999999999999
            ]
          ]
        ]
      }
    },
    {
      "type": "Feature",
      "properties": {
        "name": "Cell R15 C18",
        "code": "chen_015_018",
        "city": "Chennai"
      },
      "geometry": {
        "type": "Polygon",
        "coordinates": [
          [
            [
              80.333,
              13.084999999999999
            ],
            [
              80.3415,
              13.084999999999999
            ],
            [
              80.3415,
              13.091999999999999
            ],
            [
              80.333,
              13.091999999999999
            ],
            [
              80.333,
              13.084999999999999
            ]
          ]
        ]
      }
    },
    {
      "type": "Feature",
      "properties": {
        "name": "Cell R15 C19",
        "code": "chen_015_019",
        "city": "Chennai"
      },
      "geometry": {
        "type": "Polygon",
        "coordinates": [
          [
            [
              80.3415,
              13.084999999999999
            ],
            [
              80.35,
              13.084999999999999
            ],
            [
              80.35,
              13.091999999999999
            ],
            [
              80.3415,
              13.091999999999999
            ],
            [
              80.3415,
              13.084999999999999
            ]
          ]
        ]
      }
    },
    {
      "type": "Feature",
      "properties": {
        "name": "Cell R16 C00",
        "code": "chen_016_000",
        "city": "Chennai"
      },
      "geometry": {
        "type": "Polygon",
        "coordinates": [
          [
            [
              80.18,
              13.091999999999999
            ],
            [
              80.1885,
              13.091999999999999
            ],
            [
              80.1885,
              13.098999999999998
            ],
            [
              80.18,
              13.098999999999998
            ],
            [
              80.18,
              13.091999999999999
            ]
          ]
        ]
      }
    },
    {
      "type": "Feature",
      "properties": {
        "name": "Cell R16 C01",
        "code": "chen_016_001",
        "city": "Chennai"
      },
      "geometry": {
        "type": "Polygon",
        "coordinates": [
          [
            [
              80.1885,
              13.091999999999999
            ],
            [
              80.197,
              13.091999999999999
            ],
            [
              80.197,
              13.098999999999998
            ],
            [
              80.1885,
              13.098999999999998
            ],
            [
              80.1885,
              13.091999999999999
            ]
          ]
        ]
      }
    },
    {
      "type": "Feature",
      "properties": {
        "name": "Cell R16 C02",
        "code": "chen_016_002",
        "city": "Chennai"
      },
      "geometry": {
        "type": "Polygon",
        "coordinates": [
          [
            [
              80.197,
              13.091999999999999
            ],
            [
              80.2055,
              13.091999999999999
            ],
            [
              80.2055,
              13.098999999999998
            ],
            [
              80.197,
              13.098999999999998
            ],
            [
              80.197,
              13.091999999999999
            ]
          ]
        ]
      }
    },
    {
      "type": "Feature",
      "properties": {
        "name": "Cell R16 C03",
        "code": "chen_016_003",
        "city": "Chennai"
      },
      "geometry": {
        "type": "Polygon",
        "coordinates": [
          [
            [
              80.2055,
              13.091999999999999
            ],
            [
              80.214,
              13.091999999999999
            ],
            [
              80.214,
              13.098999999999998
            ],
            [
              80.2055,
              13.098999999999998
            ],
            [
              80.2055,
              13.091999999999999
            ]
          ]
        ]
      }
    },
    {
      "type": "Feature",
      "properties": {
        "name": "Cell R16 C04",
        "code": "chen_016_004",
        "city": "Chennai"
      },
      "geometry": {
        "type": "Polygon",
        "coordinates": [
          [
            [
              80.214,
              13.091999999999999
            ],
            [
              80.2225,
              13.091999999999999
            ],
            [
              80.2225,
              13.098999999999998
            ],
            [
              80.214,
              13.098999999999998
            ],
            [
              80.214,
              13.091999999999999
            ]
          ]
        ]
      }
    },
    {
      "type": "Feature",
      "properties": {
        "name": "Cell R16 C05",
        "code": "chen_016_005",
        "city": "Chennai"
      },
      "geometry": {
        "type": "Polygon",
        "coordinates": [
          [
            [
              80.2225,
              13.091999999999999
            ],
            [
              80.231,
              13.091999999999999
            ],
            [
              80.231,
              13.098999999999998
            ],
            [
              80.2225,
              13.098999999999998
            ],
            [
              80.2225,
              13.091999999999999
            ]
          ]
        ]
      }
    },
    {
      "type": "Feature",
      "properties": {
        "name": "Cell R16 C06",
        "code": "chen_016_006",
        "city": "Chennai"
      },
      "geometry": {
        "type": "Polygon",
        "coordinates": [
          [
            [
              80.23100000000001,
              13.091999999999999
            ],
            [
              80.2395,
              13.091999999999999
            ],
            [
              80.2395,
              13.098999999999998
            ],
            [
              80.23100000000001,
              13.098999999999998
            ],
            [
              80.23100000000001,
              13.091999999999999
            ]
          ]
        ]
      }
    },
    {
      "type": "Feature",
      "properties": {
        "name": "Cell R16 C07",
        "code": "chen_016_007",
        "city": "Chennai"
      },
      "geometry": {
        "type": "Polygon",
        "coordinates": [
          [
            [
              80.2395,
              13.091999999999999
            ],
            [
              80.248,
              13.091999999999999
            ],
            [
              80.248,
              13.098999999999998
            ],
            [
              80.2395,
              13.098999999999998
            ],
            [
              80.2395,
              13.091999999999999
            ]
          ]
        ]
      }
    },
    {
      "type": "Feature",
      "properties": {
        "name": "Cell R16 C08",
        "code": "chen_016_008",
        "city": "Chennai"
      },
      "geometry": {
        "type": "Polygon",
        "coordinates": [
          [
            [
              80.248,
              13.091999999999999
            ],
            [
              80.2565,
              13.091999999999999
            ],
            [
              80.2565,
              13.098999999999998
            ],
            [
              80.248,
              13.098999999999998
            ],
            [
              80.248,
              13.091999999999999
            ]
          ]
        ]
      }
    },
    {
      "type": "Feature",
      "properties": {
        "name": "Cell R16 C09",
        "code": "chen_016_009",
        "city": "Chennai"
      },
      "geometry": {
        "type": "Polygon",
        "coordinates": [
          [
            [
              80.2565,
              13.091999999999999
            ],
            [
              80.265,
              13.091999999999999
            ],
            [
              80.265,
              13.098999999999998
            ],
            [
              80.2565,
              13.098999999999998
            ],
            [
              80.2565,
              13.091999999999999
            ]
          ]
        ]
      }
    },
    {
      "type": "Feature",
      "properties": {
        "name": "Cell R16 C10",
        "code": "chen_016_010",
        "city": "Chennai"
      },
      "geometry": {
        "type": "Polygon",
        "coordinates": [
          [
            [
              80.265,
              13.091999999999999
            ],
            [
              80.2735,
              13.091999999999999
            ],
            [
              80.2735,
              13.098999999999998
            ],
            [
              80.265,
              13.098999999999998
            ],
            [
              80.265,
              13.091999999999999
            ]
          ]
        ]
      }
    },
    {
      "type": "Feature",
      "properties": {
        "name": "Cell R16 C11",
        "code": "chen_016_011",
        "city": "Chennai"
      },
      "geometry": {
        "type": "Polygon",
        "coordinates": [
          [
            [
              80.2735,
              13.091999999999999
            ],
            [
              80.282,
              13.091999999999999
            ],
            [
              80.282,
              13.098999999999998
            ],
            [
              80.2735,
              13.098999999999998
            ],
            [
              80.2735,
              13.091999999999999
            ]
          ]
        ]
      }
    },
    {
      "type": "Feature",
      "properties": {
        "name": "Cell R16 C12",
        "code": "chen_016_012",
        "city": "Chennai"
      },
      "geometry": {
        "type": "Polygon",
        "coordinates": [
          [
            [
              80.282,
              13.091999999999999
            ],
            [
              80.2905,
              13.091999999999999
            ],
            [
              80.2905,
              13.098999999999998
            ],
            [
              80.282,
              13.098999999999998
            ],
            [
              80.282,
              13.091999999999999
            ]
          ]
        ]
      }
    },
    {
      "type": "Feature",
      "properties": {
        "name": "Cell R16 C13",
        "code": "chen_016_013",
        "city": "Chennai"
      },
      "geometry": {
        "type": "Polygon",
        "coordinates": [
          [
            [
              80.2905,
              13.091999999999999
            ],
            [
              80.29899999999999,
              13.091999999999999
            ],
            [
              80.29899999999999,
              13.098999999999998
            ],
            [
              80.2905,
              13.098999999999998
            ],
            [
              80.2905,
              13.091999999999999
            ]
          ]
        ]
      }
    },
    {
      "type": "Feature",
      "properties": {
        "name": "Cell R16 C14",
        "code": "chen_016_014",
        "city": "Chennai"
      },
      "geometry": {
        "type": "Polygon",
        "coordinates": [
          [
            [
              80.29899999999999,
              13.091999999999999
            ],
            [
              80.30749999999999,
              13.091999999999999
            ],
            [
              80.30749999999999,
              13.098999999999998
            ],
            [
              80.29899999999999,
              13.098999999999998
            ],
            [
              80.29899999999999,
              13.091999999999999
            ]
          ]
        ]
      }
    },
    {
      "type": "Feature",
      "properties": {
        "name": "Cell R16 C15",
        "code": "chen_016_015",
        "city": "Chennai"
      },
      "geometry": {
        "type": "Polygon",
        "coordinates": [
          [
            [
              80.3075,
              13.091999999999999
            ],
            [
              80.316,
              13.091999999999999
            ],
            [
              80.316,
              13.098999999999998
            ],
            [
              80.3075,
              13.098999999999998
            ],
            [
              80.3075,
              13.091999999999999
            ]
          ]
        ]
      }
    },
    {
      "type": "Feature",
      "properties": {
        "name": "Cell R16 C16",
        "code": "chen_016_016",
        "city": "Chennai"
      },
      "geometry": {
        "type": "Polygon",
        "coordinates": [
          [
            [
              80.316,
              13.091999999999999
            ],
            [
              80.3245,
              13.091999999999999
            ],
            [
              80.3245,
              13.098999999999998
            ],
            [
              80.316,
              13.098999999999998
            ],
            [
              80.316,
              13.091999999999999
            ]
          ]
        ]
      }
    },
    {
      "type": "Feature",
      "properties": {
        "name": "Cell R16 C17",
        "code": "chen_016_017",
        "city": "Chennai"
      },
      "geometry": {
        "type": "Polygon",
        "coordinates": [
          [
            [
              80.3245,
              13.091999999999999
            ],
            [
              80.333,
              13.091999999999999
            ],
            [
              80.333,
              13.098999999999998
            ],
            [
              80.3245,
              13.098999999999998
            ],
            [
              80.3245,
              13.091999999999999
            ]
          ]
        ]
      }
    },
    {
      "type": "Feature",
      "properties": {
        "name": "Cell R16 C18",
        "code": "chen_016_018",
        "city": "Chennai"
      },
      "geometry": {
        "type": "Polygon",
        "coordinates": [
          [
            [
              80.333,
              13.091999999999999
            ],
            [
              80.3415,
              13.091999999999999
            ],
            [
              80.3415,
              13.098999999999998
            ],
            [
              80.333,
              13.098999999999998
            ],
            [
              80.333,
              13.091999999999999
            ]
          ]
        ]
      }
    },
    {
      "type": "Feature",
      "properties": {
        "name": "Cell R16 C19",
        "code": "chen_016_019",
        "city": "Chennai"
      },
      "geometry": {
        "type": "Polygon",
        "coordinates": [
          [
            [
              80.3415,
              13.091999999999999
            ],
            [
              80.35,
              13.091999999999999
            ],
            [
              80.35,
              13.098999999999998
            ],
            [
              80.3415,
              13.098999999999998
            ],
            [
              80.3415,
              13.091999999999999
            ]
          ]
        ]
      }
    },
    {
      "type": "Feature",
      "properties": {
        "name": "Cell R17 C00",
        "code": "chen_017_000",
        "city": "Chennai"
      },
      "geometry": {
        "type": "Polygon",
        "coordinates": [
          [
            [
              80.18,
              13.099
            ],
            [
              80.1885,
              13.099
            ],
            [
              80.1885,
              13.106
            ],
            [
              80.18,
              13.106
            ],
            [
              80.18,
              13.099
            ]
          ]
        ]
      }
    },
    {
      "type": "Feature",
      "properties": {
        "name": "Cell R17 C01",
        "code": "chen_017_001",
        "city": "Chennai"
      },
      "geometry": {
        "type": "Polygon",
        "coordinates": [
          [
            [
              80.1885,
              13.099
            ],
            [
              80.197,
              13.099
            ],
            [
              80.197,
              13.106
            ],
            [
              80.1885,
              13.106
            ],
            [
              80.1885,
              13.099
            ]
          ]
        ]
      }
    },
    {
      "type": "Feature",
      "properties": {
        "name": "Cell R17 C02",
        "code": "chen_017_002",
        "city": "Chennai"
      },
      "geometry": {
        "type": "Polygon",
        "coordinates": [
          [
            [
              80.197,
              13.099
            ],
            [
              80.2055,
              13.099
            ],
            [
              80.2055,
              13.106
            ],
            [
              80.197,
              13.106
            ],
            [
              80.197,
              13.099
            ]
          ]
        ]
      }
    },
    {
      "type": "Feature",
      "properties": {
        "name": "Cell R17 C03",
        "code": "chen_017_003",
        "city": "Chennai"
      },
      "geometry": {
        "type": "Polygon",
        "coordinates": [
          [
            [
              80.2055,
              13.099
            ],
            [
              80.214,
              13.099
            ],
            [
              80.214,
              13.106
            ],
            [
              80.2055,
              13.106
            ],
            [
              80.2055,
              13.099
            ]
          ]
        ]
      }
    },
    {
      "type": "Feature",
      "properties": {
        "name": "Cell R17 C04",
        "code": "chen_017_004",
        "city": "Chennai"
      },
      "geometry": {
        "type": "Polygon",
        "coordinates": [
          [
            [
              80.214,
              13.099
            ],
            [
              80.2225,
              13.099
            ],
            [
              80.2225,
              13.106
            ],
            [
              80.214,
              13.106
            ],
            [
              80.214,
              13.099
            ]
          ]
        ]
      }
    },
    {
      "type": "Feature",
      "properties": {
        "name": "Cell R17 C05",
        "code": "chen_017_005",
        "city": "Chennai"
      },
      "geometry": {
        "type": "Polygon",
        "coordinates": [
          [
            [
              80.2225,
              13.099
            ],
            [
              80.231,
              13.099
            ],
            [
              80.231,
              13.106
            ],
            [
              80.2225,
              13.106
            ],
            [
              80.2225,
              13.099
            ]
          ]
        ]
      }
    },
    {
      "type": "Feature",
      "properties": {
        "name": "Cell R17 C06",
        "code": "chen_017_006",
        "city": "Chennai"
      },
      "geometry": {
        "type": "Polygon",
        "coordinates": [
          [
            [
              80.23100000000001,
              13.099
            ],
            [
              80.2395,
              13.099
            ],
            [
              80.2395,
              13.106
            ],
            [
              80.23100000000001,
              13.106
            ],
            [
              80.23100000000001,
              13.099
            ]
          ]
        ]
      }
    },
    {
      "type": "Feature",
      "properties": {
        "name": "Cell R17 C07",
        "code": "chen_017_007",
        "city": "Chennai"
      },
      "geometry": {
        "type": "Polygon",
        "coordinates": [
          [
            [
              80.2395,
              13.099
            ],
            [
              80.248,
              13.099
            ],
            [
              80.248,
              13.106
            ],
            [
              80.2395,
              13.106
            ],
            [
              80.2395,
              13.099
            ]
          ]
        ]
      }
    },
    {
      "type": "Feature",
      "properties": {
        "name": "Cell R17 C08",
        "code": "chen_017_008",
        "city": "Chennai"
      },
      "geometry": {
        "type": "Polygon",
        "coordinates": [
          [
            [
              80.248,
              13.099
            ],
            [
              80.2565,
              13.099
            ],
            [
              80.2565,
              13.106
            ],
            [
              80.248,
              13.106
            ],
            [
              80.248,
              13.099
            ]
          ]
        ]
      }
    },
    {
      "type": "Feature",
      "properties": {
        "name": "Cell R17 C09",
        "code": "chen_017_009",
        "city": "Chennai"
      },
      "geometry": {
        "type": "Polygon",
        "coordinates": [
          [
            [
              80.2565,
              13.099
            ],
            [
              80.265,
              13.099
            ],
            [
              80.265,
              13.106
            ],
            [
              80.2565,
              13.106
            ],
            [
              80.2565,
              13.099
            ]
          ]
        ]
      }
    },
    {
      "type": "Feature",
      "properties": {
        "name": "Cell R17 C10",
        "code": "chen_017_010",
        "city": "Chennai"
      },
      "geometry": {
        "type": "Polygon",
        "coordinates": [
          [
            [
              80.265,
              13.099
            ],
            [
              80.2735,
              13.099
            ],
            [
              80.2735,
              13.106
            ],
            [
              80.265,
              13.106
            ],
            [
              80.265,
              13.099
            ]
          ]
        ]
      }
    },
    {
      "type": "Feature",
      "properties": {
        "name": "Cell R17 C11",
        "code": "chen_017_011",
        "city": "Chennai"
      },
      "geometry": {
        "type": "Polygon",
        "coordinates": [
          [
            [
              80.2735,
              13.099
            ],
            [
              80.282,
              13.099
            ],
            [
              80.282,
              13.106
            ],
            [
              80.2735,
              13.106
            ],
            [
              80.2735,
              13.099
            ]
          ]
        ]
      }
    },
    {
      "type": "Feature",
      "properties": {
        "name": "Cell R17 C12",
        "code": "chen_017_012",
        "city": "Chennai"
      },
      "geometry": {
        "type": "Polygon",
        "coordinates": [
          [
            [
              80.282,
              13.099
            ],
            [
              80.2905,
              13.099
            ],
            [
              80.2905,
              13.106
            ],
            [
              80.282,
              13.106
            ],
            [
              80.282,
              13.099
            ]
          ]
        ]
      }
    },
    {
      "type": "Feature",
      "properties": {
        "name": "Cell R17 C13",
        "code": "chen_017_013",
        "city": "Chennai"
      },
      "geometry": {
        "type": "Polygon",
        "coordinates": [
          [
            [
              80.2905,
              13.099
            ],
            [
              80.29899999999999,
              13.099
            ],
            [
              80.29899999999999,
              13.106
            ],
            [
              80.2905,
              13.106
            ],
            [
              80.2905,
              13.099
            ]
          ]
        ]
      }
    },
    {
      "type": "Feature",
      "properties": {
        "name": "Cell R17 C14",
        "code": "chen_017_014",
        "city": "Chennai"
      },
      "geometry": {
        "type": "Polygon",
        "coordinates": [
          [
            [
              80.29899999999999,
              13.099
            ],
            [
              80.30749999999999,
              13.099
            ],
            [
              80.30749999999999,
              13.106
            ],
            [
              80.29899999999999,
              13.106
            ],
            [
              80.29899999999999,
              13.099
            ]
          ]
        ]
      }
    },
    {
      "type": "Feature",
      "properties": {
        "name": "Cell R17 C15",
        "code": "chen_017_015",
        "city": "Chennai"
      },
      "geometry": {
        "type": "Polygon",
        "coordinates": [
          [
            [
              80.3075,
              13.099
            ],
            [
              80.316,
              13.099
            ],
            [
              80.316,
              13.106
            ],
            [
              80.3075,
              13.106
            ],
            [
              80.3075,
              13.099
            ]
          ]
        ]
      }
    },
    {
      "type": "Feature",
      "properties": {
        "name": "Cell R17 C16",
        "code": "chen_017_016",
        "city": "Chennai"
      },
      "geometry": {
        "type": "Polygon",
        "coordinates": [
          [
            [
              80.316,
              13.099
            ],
            [
              80.3245,
              13.099
            ],
            [
              80.3245,
              13.106
            ],
            [
              80.316,
              13.106
            ],
            [
              80.316,
              13.099
            ]
          ]
        ]
      }
    },
    {
      "type": "Feature",
      "properties": {
        "name": "Cell R17 C17",
        "code": "chen_017_017",
        "city": "Chennai"
      },
      "geometry": {
        "type": "Polygon",
        "coordinates": [
          [
            [
              80.3245,
              13.099
            ],
            [
              80.333,
              13.099
            ],
            [
              80.333,
              13.106
            ],
            [
              80.3245,
              13.106
            ],
            [
              80.3245,
              13.099
            ]
          ]
        ]
      }
    },
    {
      "type": "Feature",
      "properties": {
        "name": "Cell R17 C18",
        "code": "chen_017_018",
        "city": "Chennai"
      },
      "geometry": {
        "type": "Polygon",
        "coordinates": [
          [
            [
              80.333,
              13.099
            ],
            [
              80.3415,
              13.099
            ],
            [
              80.3415,
              13.106
            ],
            [
              80.333,
              13.106
            ],
            [
              80.333,
              13.099
            ]
          ]
        ]
      }
    },
    {
      "type": "Feature",
      "properties": {
        "name": "Cell R17 C19",
        "code": "chen_017_019",
        "city": "Chennai"
      },
      "geometry": {
        "type": "Polygon",
        "coordinates": [
          [
            [
              80.3415,
              13.099
            ],
            [
              80.35,
              13.099
            ],
            [
              80.35,
              13.106
            ],
            [
              80.3415,
              13.106
            ],
            [
              80.3415,
              13.099
            ]
          ]
        ]
      }
    },
    {
      "type": "Feature",
      "properties": {
        "name": "Cell R18 C00",
        "code": "chen_018_000",
        "city": "Chennai"
      },
      "geometry": {
        "type": "Polygon",
        "coordinates": [
          [
            [
              80.18,
              13.106
            ],
            [
              80.1885,
              13.106
            ],
            [
              80.1885,
              13.113
            ],
            [
              80.18,
              13.113
            ],
            [
              80.18,
              13.106
            ]
          ]
        ]
      }
    },
    {
      "type": "Feature",
      "properties": {
        "name": "Cell R18 C01",
        "code": "chen_018_001",
        "city": "Chennai"
      },
      "geometry": {
        "type": "Polygon",
        "coordinates": [
          [
            [
              80.1885,
              13.106
            ],
            [
              80.197,
              13.106
            ],
            [
              80.197,
              13.113
            ],
            [
              80.1885,
              13.113
            ],
            [
              80.1885,
              13.106
            ]
          ]
        ]
      }
    },
    {
      "type": "Feature",
      "properties": {
        "name": "Cell R18 C02",
        "code": "chen_018_002",
        "city": "Chennai"
      },
      "geometry": {
        "type": "Polygon",
        "coordinates": [
          [
            [
              80.197,
              13.106
            ],
            [
              80.2055,
              13.106
            ],
            [
              80.2055,
              13.113
            ],
            [
              80.197,
              13.113
            ],
            [
              80.197,
              13.106
            ]
          ]
        ]
      }
    },
    {
      "type": "Feature",
      "properties": {
        "name": "Cell R18 C03",
        "code": "chen_018_003",
        "city": "Chennai"
      },
      "geometry": {
        "type": "Polygon",
        "coordinates": [
          [
            [
              80.2055,
              13.106
            ],
            [
              80.214,
              13.106
            ],
            [
              80.214,
              13.113
            ],
            [
              80.2055,
              13.113
            ],
            [
              80.2055,
              13.106
            ]
          ]
        ]
      }
    },
    {
      "type": "Feature",
      "properties": {
        "name": "Cell R18 C04",
        "code": "chen_018_004",
        "city": "Chennai"
      },
      "geometry": {
        "type": "Polygon",
        "coordinates": [
          [
            [
              80.214,
              13.106
            ],
            [
              80.2225,
              13.106
            ],
            [
              80.2225,
              13.113
            ],
            [
              80.214,
              13.113
            ],
            [
              80.214,
              13.106
            ]
          ]
        ]
      }
    },
    {
      "type": "Feature",
      "properties": {
        "name": "Cell R18 C05",
        "code": "chen_018_005",
        "city": "Chennai"
      },
      "geometry": {
        "type": "Polygon",
        "coordinates": [
          [
            [
              80.2225,
              13.106
            ],
            [
              80.231,
              13.106
            ],
            [
              80.231,
              13.113
            ],
            [
              80.2225,
              13.113
            ],
            [
              80.2225,
              13.106
            ]
          ]
        ]
      }
    },
    {
      "type": "Feature",
      "properties": {
        "name": "Cell R18 C06",
        "code": "chen_018_006",
        "city": "Chennai"
      },
      "geometry": {
        "type": "Polygon",
        "coordinates": [
          [
            [
              80.23100000000001,
              13.106
            ],
            [
              80.2395,
              13.106
            ],
            [
              80.2395,
              13.113
            ],
            [
              80.23100000000001,
              13.113
            ],
            [
              80.23100000000001,
              13.106
            ]
          ]
        ]
      }
    },
    {
      "type": "Feature",
      "properties": {
        "name": "Cell R18 C07",
        "code": "chen_018_007",
        "city": "Chennai"
      },
      "geometry": {
        "type": "Polygon",
        "coordinates": [
          [
            [
              80.2395,
              13.106
            ],
            [
              80.248,
              13.106
            ],
            [
              80.248,
              13.113
            ],
            [
              80.2395,
              13.113
            ],
            [
              80.2395,
              13.106
            ]
          ]
        ]
      }
    },
    {
      "type": "Feature",
      "properties": {
        "name": "Cell R18 C08",
        "code": "chen_018_008",
        "city": "Chennai"
      },
      "geometry": {
        "type": "Polygon",
        "coordinates": [
          [
            [
              80.248,
              13.106
            ],
            [
              80.2565,
              13.106
            ],
            [
              80.2565,
              13.113
            ],
            [
              80.248,
              13.113
            ],
            [
              80.248,
              13.106
            ]
          ]
        ]
      }
    },
    {
      "type": "Feature",
      "properties": {
        "name": "Cell R18 C09",
        "code": "chen_018_009",
        "city": "Chennai"
      },
      "geometry": {
        "type": "Polygon",
        "coordinates": [
          [
            [
              80.2565,
              13.106
            ],
            [
              80.265,
              13.106
            ],
            [
              80.265,
              13.113
            ],
            [
              80.2565,
              13.113
            ],
            [
              80.2565,
              13.106
            ]
          ]
        ]
      }
    },
    {
      "type": "Feature",
      "properties": {
        "name": "Cell R18 C10",
        "code": "chen_018_010",
        "city": "Chennai"
      },
      "geometry": {
        "type": "Polygon",
        "coordinates": [
          [
            [
              80.265,
              13.106
            ],
            [
              80.2735,
              13.106
            ],
            [
              80.2735,
              13.113
            ],
            [
              80.265,
              13.113
            ],
            [
              80.265,
              13.106
            ]
          ]
        ]
      }
    },
    {
      "type": "Feature",
      "properties": {
        "name": "Cell R18 C11",
        "code": "chen_018_011",
        "city": "Chennai"
      },
      "geometry": {
        "type": "Polygon",
        "coordinates": [
          [
            [
              80.2735,
              13.106
            ],
            [
              80.282,
              13.106
            ],
            [
              80.282,
              13.113
            ],
            [
              80.2735,
              13.113
            ],
            [
              80.2735,
              13.106
            ]
          ]
        ]
      }
    },
    {
      "type": "Feature",
      "properties": {
        "name": "Cell R18 C12",
        "code": "chen_018_012",
        "city": "Chennai"
      },
      "geometry": {
        "type": "Polygon",
        "coordinates": [
          [
            [
              80.282,
              13.106
            ],
            [
              80.2905,
              13.106
            ],
            [
              80.2905,
              13.113
            ],
            [
              80.282,
              13.113
            ],
            [
              80.282,
              13.106
            ]
          ]
        ]
      }
    },
    {
      "type": "Feature",
      "properties": {
        "name": "Cell R18 C13",
        "code": "chen_018_013",
        "city": "Chennai"
      },
      "geometry": {
        "type": "Polygon",
        "coordinates": [
          [
            [
              80.2905,
              13.106
            ],
            [
              80.29899999999999,
              13.106
            ],
            [
              80.29899999999999,
              13.113
            ],
            [
              80.2905,
              13.113
            ],
            [
              80.2905,
              13.106
            ]
          ]
        ]
      }
    },
    {
      "type": "Feature",
      "properties": {
        "name": "Cell R18 C14",
        "code": "chen_018_014",
        "city": "Chennai"
      },
      "geometry": {
        "type": "Polygon",
        "coordinates": [
          [
            [
              80.29899999999999,
              13.106
            ],
            [
              80.30749999999999,
              13.106
            ],
            [
              80.30749999999999,
              13.113
            ],
            [
              80.29899999999999,
              13.113
            ],
            [
              80.29899999999999,
              13.106
            ]
          ]
        ]
      }
    },
    {
      "type": "Feature",
      "properties": {
        "name": "Cell R18 C15",
        "code": "chen_018_015",
        "city": "Chennai"
      },
      "geometry": {
        "type": "Polygon",
        "coordinates": [
          [
            [
              80.3075,
              13.106
            ],
            [
              80.316,
              13.106
            ],
            [
              80.316,
              13.113
            ],
            [
              80.3075,
              13.113
            ],
            [
              80.3075,
              13.106
            ]
          ]
        ]
      }
    },
    {
      "type": "Feature",
      "properties": {
        "name": "Cell R18 C16",
        "code": "chen_018_016",
        "city": "Chennai"
      },
      "geometry": {
        "type": "Polygon",
        "coordinates": [
          [
            [
              80.316,
              13.106
            ],
            [
              80.3245,
              13.106
            ],
            [
              80.3245,
              13.113
            ],
            [
              80.316,
              13.113
            ],
            [
              80.316,
              13.106
            ]
          ]
        ]
      }
    },
    {
      "type": "Feature",
      "properties": {
        "name": "Cell R18 C17",
        "code": "chen_018_017",
        "city": "Chennai"
      },
      "geometry": {
        "type": "Polygon",
        "coordinates": [
          [
            [
              80.3245,
              13.106
            ],
            [
              80.333,
              13.106
            ],
            [
              80.333,
              13.113
            ],
            [
              80.3245,
              13.113
            ],
            [
              80.3245,
              13.106
            ]
          ]
        ]
      }
    },
    {
      "type": "Feature",
      "properties": {
        "name": "Cell R18 C18",
        "code": "chen_018_018",
        "city": "Chennai"
      },
      "geometry": {
        "type": "Polygon",
        "coordinates": [
          [
            [
              80.333,
              13.106
            ],
            [
              80.3415,
              13.106
            ],
            [
              80.3415,
              13.113
            ],
            [
              80.333,
              13.113
            ],
            [
              80.333,
              13.106
            ]
          ]
        ]
      }
    },
    {
      "type": "Feature",
      "properties": {
        "name": "Cell R18 C19",
        "code": "chen_018_019",
        "city": "Chennai"
      },
      "geometry": {
        "type": "Polygon",
        "coordinates": [
          [
            [
              80.3415,
              13.106
            ],
            [
              80.35,
              13.106
            ],
            [
              80.35,
              13.113
            ],
            [
              80.3415,
              13.113
            ],
            [
              80.3415,
              13.106
            ]
          ]
        ]
      }
    },
    {
      "type": "Feature",
      "properties": {
        "name": "Cell R19 C00",
        "code": "chen_019_000",
        "city": "Chennai"
      },
      "geometry": {
        "type": "Polygon",
        "coordinates": [
          [
            [
              80.18,
              13.113
            ],
            [
              80.1885,
              13.113
            ],
            [
              80.1885,
              13.12
            ],
            [
              80.18,
              13.12
            ],
            [
              80.18,
              13.113
            ]
          ]
        ]
      }
    },
    {
      "type": "Feature",
      "properties": {
        "name": "Cell R19 C01",
        "code": "chen_019_001",
        "city": "Chennai"
      },
      "geometry": {
        "type": "Polygon",
        "coordinates": [
          [
            [
              80.1885,
              13.113
            ],
            [
              80.197,
              13.113
            ],
            [
              80.197,
              13.12
            ],
            [
              80.1885,
              13.12
            ],
            [
              80.1885,
              13.113
            ]
          ]
        ]
      }
    },
    {
      "type": "Feature",
      "properties": {
        "name": "Cell R19 C02",
        "code": "chen_019_002",
        "city": "Chennai"
      },
      "geometry": {
        "type": "Polygon",
        "coordinates": [
          [
            [
              80.197,
              13.113
            ],
            [
              80.2055,
              13.113
            ],
            [
              80.2055,
              13.12
            ],
            [
              80.197,
              13.12
            ],
            [
              80.197,
              13.113
            ]
          ]
        ]
      }
    },
    {
      "type": "Feature",
      "properties": {
        "name": "Cell R19 C03",
        "code": "chen_019_003",
        "city": "Chennai"
      },
      "geometry": {
        "type": "Polygon",
        "coordinates": [
          [
            [
              80.2055,
              13.113
            ],
            [
              80.214,
              13.113
            ],
            [
              80.214,
              13.12
            ],
            [
              80.2055,
              13.12
            ],
            [
              80.2055,
              13.113
            ]
          ]
        ]
      }
    },
    {
      "type": "Feature",
      "properties": {
        "name": "Cell R19 C04",
        "code": "chen_019_004",
        "city": "Chennai"
      },
      "geometry": {
        "type": "Polygon",
        "coordinates": [
          [
            [
              80.214,
              13.113
            ],
            [
              80.2225,
              13.113
            ],
            [
              80.2225,
              13.12
            ],
            [
              80.214,
              13.12
            ],
            [
              80.214,
              13.113
            ]
          ]
        ]
      }
    },
    {
      "type": "Feature",
      "properties": {
        "name": "Cell R19 C05",
        "code": "chen_019_005",
        "city": "Chennai"
      },
      "geometry": {
        "type": "Polygon",
        "coordinates": [
          [
            [
              80.2225,
              13.113
            ],
            [
              80.231,
              13.113
            ],
            [
              80.231,
              13.12
            ],
            [
              80.2225,
              13.12
            ],
            [
              80.2225,
              13.113
            ]
          ]
        ]
      }
    },
    {
      "type": "Feature",
      "properties": {
        "name": "Cell R19 C06",
        "code": "chen_019_006",
        "city": "Chennai"
      },
      "geometry": {
        "type": "Polygon",
        "coordinates": [
          [
            [
              80.23100000000001,
              13.113
            ],
            [
              80.2395,
              13.113
            ],
            [
              80.2395,
              13.12
            ],
            [
              80.23100000000001,
              13.12
            ],
            [
              80.23100000000001,
              13.113
            ]
          ]
        ]
      }
    },
    {
      "type": "Feature",
      "properties": {
        "name": "Cell R19 C07",
        "code": "chen_019_007",
        "city": "Chennai"
      },
      "geometry": {
        "type": "Polygon",
        "coordinates": [
          [
            [
              80.2395,
              13.113
            ],
            [
              80.248,
              13.113
            ],
            [
              80.248,
              13.12
            ],
            [
              80.2395,
              13.12
            ],
            [
              80.2395,
              13.113
            ]
          ]
        ]
      }
    },
    {
      "type": "Feature",
      "properties": {
        "name": "Cell R19 C08",
        "code": "chen_019_008",
        "city": "Chennai"
      },
      "geometry": {
        "type": "Polygon",
        "coordinates": [
          [
            [
              80.248,
              13.113
            ],
            [
              80.2565,
              13.113
            ],
            [
              80.2565,
              13.12
            ],
            [
              80.248,
              13.12
            ],
            [
              80.248,
              13.113
            ]
          ]
        ]
      }
    },
    {
      "type": "Feature",
      "properties": {
        "name": "Cell R19 C09",
        "code": "chen_019_009",
        "city": "Chennai"
      },
      "geometry": {
        "type": "Polygon",
        "coordinates": [
          [
            [
              80.2565,
              13.113
            ],
            [
              80.265,
              13.113
            ],
            [
              80.265,
              13.12
            ],
            [
              80.2565,
              13.12
            ],
            [
              80.2565,
              13.113
            ]
          ]
        ]
      }
    },
    {
      "type": "Feature",
      "properties": {
        "name": "Cell R19 C10",
        "code": "chen_019_010",
        "city": "Chennai"
      },
      "geometry": {
        "type": "Polygon",
        "coordinates": [
          [
            [
              80.265,
              13.113
            ],
            [
              80.2735,
              13.113
            ],
            [
              80.2735,
              13.12
            ],
            [
              80.265,
              13.12
            ],
            [
              80.265,
              13.113
            ]
          ]
        ]
      }
    },
    {
      "type": "Feature",
      "properties": {
        "name": "Cell R19 C11",
        "code": "chen_019_011",
        "city": "Chennai"
      },
      "geometry": {
        "type": "Polygon",
        "coordinates": [
          [
            [
              80.2735,
              13.113
            ],
            [
              80.282,
              13.113
            ],
            [
              80.282,
              13.12
            ],
            [
              80.2735,
              13.12
            ],
            [
              80.2735,
              13.113
            ]
          ]
        ]
      }
    },
    {
      "type": "Feature",
      "properties": {
        "name": "Cell R19 C12",
        "code": "chen_019_012",
        "city": "Chennai"
      },
      "geometry": {
        "type": "Polygon",
        "coordinates": [
          [
            [
              80.282,
              13.113
            ],
            [
              80.2905,
              13.113
            ],
            [
              80.2905,
              13.12
            ],
            [
              80.282,
              13.12
            ],
            [
              80.282,
              13.113
            ]
          ]
        ]
      }
    },
    {
      "type": "Feature",
      "properties": {
        "name": "Cell R19 C13",
        "code": "chen_019_013",
        "city": "Chennai"
      },
      "geometry": {
        "type": "Polygon",
        "coordinates": [
          [
            [
              80.2905,
              13.113
            ],
            [
              80.29899999999999,
              13.113
            ],
            [
              80.29899999999999,
              13.12
            ],
            [
              80.2905,
              13.12
            ],
            [
              80.2905,
              13.113
            ]
          ]
        ]
      }
    },
    {
      "type": "Feature",
      "properties": {
        "name": "Cell R19 C14",
        "code": "chen_019_014",
        "city": "Chennai"
      },
      "geometry": {
        "type": "Polygon",
        "coordinates": [
          [
            [
              80.29899999999999,
              13.113
            ],
            [
              80.30749999999999,
              13.113
            ],
            [
              80.30749999999999,
              13.12
            ],
            [
              80.29899999999999,
              13.12
            ],
            [
              80.29899999999999,
              13.113
            ]
          ]
        ]
      }
    },
    {
      "type": "Feature",
      "properties": {
        "name": "Cell R19 C15",
        "code": "chen_019_015",
        "city": "Chennai"
      },
      "geometry": {
        "type": "Polygon",
        "coordinates": [
          [
            [
              80.3075,
              13.113
            ],
            [
              80.316,
              13.113
            ],
            [
              80.316,
              13.12
            ],
            [
              80.3075,
              13.12
            ],
            [
              80.3075,
              13.113
            ]
          ]
        ]
      }
    },
    {
      "type": "Feature",
      "properties": {
        "name": "Cell R19 C16",
        "code": "chen_019_016",
        "city": "Chennai"
      },
      "geometry": {
        "type": "Polygon",
        "coordinates": [
          [
            [
              80.316,
              13.113
            ],
            [
              80.3245,
              13.113
            ],
            [
              80.3245,
              13.12
            ],
            [
              80.316,
              13.12
            ],
            [
              80.316,
              13.113
            ]
          ]
        ]
      }
    },
    {
      "type": "Feature",
      "properties": {
        "name": "Cell R19 C17",
        "code": "chen_019_017",
        "city": "Chennai"
      },
      "geometry": {
        "type": "Polygon",
        "coordinates": [
          [
            [
              80.3245,
              13.113
            ],
            [
              80.333,
              13.113
            ],
            [
              80.333,
              13.12
            ],
            [
              80.3245,
              13.12
            ],
            [
              80.3245,
              13.113
            ]
          ]
        ]
      }
    },
    {
      "type": "Feature",
      "properties": {
        "name": "Cell R19 C18",
        "code": "chen_019_018",
        "city": "Chennai"
      },
      "geometry": {
        "type": "Polygon",
        "coordinates": [
          [
            [
              80.333,
              13.113
            ],
            [
              80.3415,
              13.113
            ],
            [
              80.3415,
              13.12
            ],
            [
              80.333,
              13.12
            ],
            [
              80.333,
              13.113
            ]
          ]
        ]
      }
    },
    {
      "type": "Feature",
      "properties": {
        "name": "Cell R19 C19",
        "code": "chen_019_019",
        "city": "Chennai"
      },
      "geometry": {
        "type": "Polygon",
        "coordinates": [
          [
            [
              80.3415,
              13.113
            ],
            [
              80.35,
              13.113
            ],
            [
              80.35,
              13.12
            ],
            [
              80.3415,
              13.12
            ],
            [
              80.3415,
              13.113
            ]
          ]
        ]
      }
    }
  ]
}