{
  "type": "FeatureCollection",
  "features": [
    {
      "type": "Feature",
      "properties": {
        "name": "Cell R00 C00",
        "code": "kolk_000_000",
        "city": "Kolkata"
      },
      "geometry": {
        "type": "Polygon",
        "coordinates": [
          [
            [
              88.3,
              22.48
            ],
            [
              88.309,
              22.48
            ],
            [
              88.309,
              22.487000000000002
            ],
            [
              88.3,
              22.487000000000002
            ],
            [
              88.3,
              22.48
            ]
          ]
        ]
      }
    },
    {
      "type": "Feature",
      "properties": {
        "name": "Cell R00 C01",
        "code": "kolk_000_001",
        "city": "Kolkata"
      },
      "geometry": {
        "type": "Polygon",
        "coordinates": [
          [
            [
              88.309,
              22.48
            ],
            [
              88.318,
              22.48
            ],
            [
              88.318,
              22.487000000000002
            ],
            [
              88.309,
              22.487000000000002
            ],
            [
              88.309,
              22.48
            ]
          ]
        ]
      }
    },
    {
      "type": "Feature",
      "properties": {
        "name": "Cell R00 C02",
        "code": "kolk_000_002",
        "city": "Kolkata"
      },
      "geometry": {
        "type": "Polygon",
        "coordinates": [
          [
            [
              88.318,
              22.48
            ],
            [
              88.327,
              22.48
            ],
            [
              88.327,
              22.487000000000002
            ],
            [
              88.318,
              22.487000000000002
            ],
            [
              88.318,
              22.48
            ]
          ]
        ]
      }
    },
    {
      "type": "Feature",
      "properties": {
        "name": "Cell R00 C03",
        "code": "kolk_000_003",
        "city": "Kolkata"
      },
      "geometry": {
        "type": "Polygon",
        "coordinates": [
          [
            [
              88.327,
              22.48
            ],
            [
              88.336,
              22.48
            ],
            [
              88.336,
              22.487000000000002
            ],
            [
              88.327,
              22.487000000000002
            ],
            [
              88.327,
              22.48
            ]
          ]
        ]
      }
    },
    {
      "type": "Feature",
      "properties": {
        "name": "Cell R00 C04",
        "code": "kolk_000_004",
        "city": "Kolkata"
      },
      "geometry": {
        "type": "Polygon",
        "coordinates": [
          [
            [
              88.336,
              22.48
            ],
            [
              88.345,
              22.48
            ],
            [
              88.345,
              22.487000000000002
            ],
            [
              88.336,
              22.487000000000002
            ],
            [
              88.336,
              22.48
            ]
          ]
        ]
      }
    },
    {
      "type": "Feature",
      "properties": {
        "name": "Cell R00 C05",
        "code": "kolk_000_005",
        "city": "Kolkata"
      },
      "geometry": {
        "type": "Polygon",
        "coordinates": [
          [
            [
              88.345,
              22.48
            ],
            [
              88.354,
              22.48
            ],
            [
              88.354,
              22.487000000000002
            ],
            [
              88.345,
              22.487000000000002
            ],
            [
              88.345,
              22.48
            ]
          ]
        ]
      }
    },
    {
      "type": "Feature",
      "properties": {
        "name": "Cell R00 C06",
        "code": "kolk_000_006",
        "city": "Kolkata"
      },
      "geometry": {
        "type": "Polygon",
        "coordinates": [
          [
            [
              88.354,
              22.48
            ],
            [
              88.363,
              22.48
            ],
            [
              88.363,
              22.487000000000002
            ],
            [
              88.354,
              22.487000000000002
            ],
            [
              88.354,
              22.48
            ]
          ]
        ]
      }
    },
    {
      "type": "Feature",
      "properties": {
        "name": "Cell R00 C07",
        "code": "kolk_000_007",
        "city": "Kolkata"
      },
      "geometry": {
        "type": "Polygon",
        "coordinates": [
          [
            [
              88.363,
              22.48
            ],
            [
              88.372,
              22.48
            ],
            [
              88.372,
              22.487000000000002
            ],
            [
              88.363,
              22.487000000000002
            ],
            [
              88.363,
              22.48
            ]
          ]
        ]
      }
    },
    {
      "type": "Feature",
      "properties": {
        "name": "Cell R00 C08",
        "code": "kolk_000_008",
        "city": "Kolkata"
      },
      "geometry": {
        "type": "Polygon",
        "coordinates": [
          [
            [
              88.372,
              22.48
            ],
            [
              88.381,
              22.48
            ],
            [
              88.381,
              22.487000000000002
            ],
            [
              88.372,
              22.487000000000002
            ],
            [
              88.372,
              22.48
            ]
          ]
        ]
      }
    },
    {
      "type": "Feature",
      "properties": {
        "name": "Cell R00 C09",
        "code": "kolk_000_009",
        "city": "Kolkata"
      },
      "geometry": {
        "type": "Polygon",
        "coordinates": [
          [
            [
              88.381,
              22.48
            ],
            [
              88.39,
              22.48
            ],
            [
              88.39,
              22.487000000000002
            ],
            [
              88.381,
              22.487000000000002
            ],
            [
              88.381,
              22.48
            ]
          ]
        ]
      }
    },
    {
      "type": "Feature",
      "properties": {
        "name": "Cell R00 C10",
        "code": "kolk_000_010",
        "city": "Kolkata"
      },
      "geometry": {
        "type": "Polygon",
        "coordinates": [
          [
            [
              88.39,
              22.48
            ],
            [
              88.399,
              22.48
            ],
            [
              88.399,
              22.487000000000002
            ],
            [
              88.39,
              22.487000000000002
            ],
            [
              88.39,
              22.48
            ]
          ]
        ]
      }
    },
    {
      "type": "Feature",
      "properties": {
        "name": "Cell R00 C11",
        "code": "kolk_000_011",
        "city": "Kolkata"
      },
      "geometry": {
        "type": "Polygon",
        "coordinates": [
          [
            [
              88.399,
              22.48
            ],
            [
              88.408,
              22.48
            ],
            [
              88.408,
              22.487000000000002
            ],
            [
              88.399,
              22.487000000000002
            ],
            [
              88.399,
              22.48
            ]
          ]
        ]
      }
    },
    {
      "type": "Feature",
      "properties": {
        "name": "Cell R00 C12",
        "code": "kolk_000_012",
        "city": "Kolkata"
      },
      "geometry": {
        "type": "Polygon",
        "coordinates": [
          [
            [
              88.408,
              22.48
            ],
            [
              88.417,
              22.48
            ],
            [
              88.417,
              22.487000000000002
            ],
            [
              88.408,
              22.487000000000002
            ],
            [
              88.408,
              22.48
            ]
          ]
        ]
      }
    },
    {
      "type": "Feature",
      "properties": {
        "name": "Cell R00 C13",
        "code": "kolk_000_013",
        "city": "Kolkata"
      },
      "geometry": {
        "type": "Polygon",
        "coordinates": [
          [
            [
              88.417,
              22.48
            ],
            [
              88.426,
              22.48
            ],
            [
              88.426,
              22.487000000000002
            ],
            [
              88.417,
              22.487000000000002
            ],
            [
              88.417,
              22.48
            ]
          ]
        ]
      }
    },
    {
      "type": "Feature",
      "properties": {
        "name": "Cell R00 C14",
        "code": "kolk_000_014",
        "city": "Kolkata"
      },
      "geometry": {
        "type": "Polygon",
        "coordinates": [
          [
            [
              88.426,
              22.48
            ],
            [
              88.435,
              22.48
            ],
            [
              88.435,
              22.487000000000002
            ],
            [
              88.426,
              22.487000000000002
            ],
            [
              88.426,
              22.48
            ]
          ]
        ]
      }
    },
    {
      "type": "Feature",
      "properties": {
        "name": "Cell R00 C15",
        "code": "kolk_000_015",
        "city": "Kolkata"
      },
      "geometry": {
        "type": "Polygon",
        "coordinates": [
          [
            [
              88.435,
              22.48
            ],
            [
              88.444,
              22.48
            ],
            [
              88.444,
              22.487000000000002
            ],
            [
              88.435,
              22.487000000000002
            ],
            [
              88.435,
              22.48
            ]
          ]
        ]
      }
    },
    {
      "type": "Feature",
      "properties": {
        "name": "Cell R00 C16",
        "code": "kolk_000_016",
        "city": "Kolkata"
      },
      "geometry": {
        "type": "Polygon",
        "coordinates": [
          [
            [
              88.444,
              22.48
            ],
            [
              88.453,
              22.48
            ],
            [
              88.453,
              22.487000000000002
            ],
            [
              88.444,
              22.487000000000002
            ],
            [
              88.444,
              22.48
            ]
          ]
        ]
      }
    },
    {
      "type": "Feature",
      "properties": {
        "name": "Cell R00 C17",
        "code": "kolk_000_017",
        "city": "Kolkata"
      },
      "geometry": {
        "type": "Polygon",
        "coordinates": [
          [
            [
              88.453,
              22.48
            ],
            [
              88.462,
              22.48
            ],
            [
              88.462,
              22.487000000000002
            ],
            [
              88.453,
              22.487000000000002
            ],
            [
              88.453,
              22.48
            ]
          ]
        ]
      }
    },
    {
      "type": "Feature",
      "properties": {
        "name": "Cell R00 C18",
        "code": "kolk_000_018",
        "city": "Kolkata"
      },
      "geometry": {
        "type": "Polygon",
        "coordinates": [
          [
            [
              88.462,
              22.48
            ],
            [
              88.471,
              22.48
            ],
            [
              88.471,
              22.487000000000002
            ],
            [
              88.462,
              22.487000000000002
            ],
            [
              88.462,
              22.48
            ]
          ]
        ]
      }
    },
    {
      "type": "Feature",
      "properties": {
        "name": "Cell R00 C19",
        "code": "kolk_000_019",
        "city": "Kolkata"
      },
      "geometry": {
        "type": "Polygon",
        "coordinates": [
          [
            [
              88.471,
              22.48
            ],
            [
              88.48,
              22.48
            ],
            [
              88.48,
              22.487000000000002
            ],
            [
              88.471,
              22.487000000000002
            ],
            [
              88.471,
              22.48
            ]
          ]
        ]
      }
    },
    {
      "type": "Feature",
      "properties": {
        "name": "Cell R01 C00",
        "code": "kolk_001_000",
        "city": "Kolkata"
      },
      "geometry": {
        "type": "Polygon",
        "coordinates": [
          [
            [
              88.3,
              22.487000000000002
            ],
            [
              88.309,
              22.487000000000002
            ],
            [
              88.309,
              22.494000000000003
            ],
            [
              88.3,
              22.494000000000003
            ],
            [
              88.3,
              22.487000000000002
            ]
          ]
        ]
      }
    },
    {
      "type": "Feature",
      "properties": {
        "name": "Cell R01 C01",
        "code": "kolk_001_001",
        "city": "Kolkata"
      },
      "geometry": {
        "type": "Polygon",
        "coordinates": [
          [
            [
              88.309,
              22.487000000000002
            ],
            [
              88.318,
              22.487000000000002
            ],
            [
              88.318,
              22.494000000000003
            ],
            [
              88.309,
              22.494000000000003
            ],
            [
              88.309,
              22.487000000000002
            ]
          ]
        ]
      }
    },
    {
      "type": "Feature",
      "properties": {
        "name": "Cell R01 C02",
        "code": "kolk_001_002",
        "city": "Kolkata"
      },
      "geometry": {
        "type": "Polygon",
        "coordinates": [
          [
            [
              88.318,
              22.487000000000002
            ],
            [
              88.327,
              22.487000000000002
            ],
            [
              88.327,
              22.494000000000003
            ],
            [
              88.318,
              22.494000000000003
            ],
            [
              88.318,
              22.487000000000002
            ]
          ]
        ]
      }
    },
    {
      "type": "Feature",
      "properties": {
        "name": "Cell R01 C03",
        "code": "kolk_001_003",
        "city": "Kolkata"
      },
      "geometry": {
        "type": "Polygon",
        "coordinates": [
          [
            [
              88.327,
              22.487000000000002
            ],
            [
              88.336,
              22.487000000000002
            ],
            [
              88.336,
              22.494000000000003
            ],
            [
              88.327,
              22.494000000000003
            ],
            [
              88.327,
              22.487000000000002
            ]
          ]
        ]
      }
    },
    {
      "type": "Feature",
      "properties": {
        "name": "Cell R01 C04",
        "code": "kolk_001_004",
        "city": "Kolkata"
      },
      "geometry": {
        "type": "Polygon",
        "coordinates": [
          [
            [
              88.336,
              22.487000000000002
            ],
            [
              88.345,
              22.487000000000002
            ],
            [
              88.345,
              22.494000000000003
            ],
            [
              88.336,
              22.494000000000003
            ],
            [
              88.336,
              22.487000000000002
            ]
          ]
        ]
      }
    },
    {
      "type": "Feature",
      "properties": {
        "name": "Cell R01 C05",
        "code": "kolk_001_005",
        "city": "Kolkata"
      },
      "geometry": {
        "type": "Polygon",
        "coordinates": [
          [
            [
              88.345,
              22.487000000000002
            ],
            [
              88.354,
              22.487000000000002
            ],
            [
              88.354,
              22.494000000000003
            ],
            [
              88.345,
              22.494000000000003
            ],
            [
              88.345,
              22.487000000000002
            ]
          ]
        ]
      }
    },
    {
      "type": "Feature",
      "properties": {
        "name": "Cell R01 C06",
        "code": "kolk_001_006",
        "city": "Kolkata"
      },
      "geometry": {
        "type": "Polygon",
        "coordinates": [
          [
            [
              88.354,
              22.487000000000002
            ],
            [
              88.363,
              22.487000000000002
            ],
            [
              88.363,
              22.494000000000003
            ],
            [
              88.354,
              22.494000000000003
            ],
            [
              88.354,
              22.487000000000002
            ]
          ]
        ]
      }
    },
    {
      "type": "Feature",
      "properties": {
        "name": "Cell R01 C07",
        "code": "kolk_001_007",
        "city": "Kolkata"
      },
      "geometry": {
        "type": "Polygon",
        "coordinates": [
          [
            [
              88.363,
              22.487000000000002
            ],
            [
              88.372,
              22.487000000000002
            ],
            [
              88.372,
              22.494000000000003
            ],
            [
              88.363,
              22.494000000000003
            ],
            [
              88.363,
              22.487000000000002
            ]
          ]
        ]
      }
    },
    {
      "type": "Feature",
      "properties": {
        "name": "Cell R01 C08",
        "code": "kolk_001_008",
        "city": "Kolkata"
      },
      "geometry": {
        "type": "Polygon",
        "coordinates": [
          [
            [
              88.372,
              22.487000000000002
            ],
            [
              88.381,
              22.487000000000002
            ],
            [
              88.381,
              22.494000000000003
            ],
            [
              88.372,
              22.494000000000003
            ],
            [
              88.372,
              22.487000000000002
            ]
          ]
        ]
      }
    },
    {
      "type": "Feature",
      "properties": {
        "name": "Cell R01 C09",
        "code": "kolk_001_009",
        "city": "Kolkata"
      },
      "geometry": {
        "type": "Polygon",
        "coordinates": [
          [
            [
              88.381,
              22.487000000000002
            ],
            [
              88.39,
              22.487000000000002
            ],
            [
              88.39,
              22.494000000000003
            ],
            [
              88.381,
              22.494000000000003
            ],
            [
              88.381,
              22.487000000000002
            ]
          ]
        ]
      }
    },
    {
      "type": "Feature",
      "properties": {
        "name": "Cell R01 C10",
        "code": "kolk_001_010",
        "city": "Kolkata"
      },
      "geometry": {
        "type": "Polygon",
        "coordinates": [
          [
            [
              88.39,
              22.487000000000002
            ],
            [
              88.399,
              22.487000000000002
            ],
            [
              88.399,
              22.494000000000003
            ],
            [
              88.39,
              22.494000000000003
            ],
            [
              88.39,
              22.487000000000002
            ]
          ]
        ]
      }
    },
    {
      "type": "Feature",
      "properties": {
        "name": "Cell R01 C11",
        "code": "kolk_001_011",
        "city": "Kolkata"
      },
      "geometry": {
        "type": "Polygon",
        "coordinates": [
          [
            [
              88.399,
              22.487000000000002
            ],
            [
              88.408,
              22.487000000000002
            ],
            [
              88.408,
              22.494000000000003
            ],
            [
              88.399,
              22.494000000000003
            ],
            [
              88.399,
              22.487000000000002
            ]
          ]
        ]
      }
    },
    {
      "type": "Feature",
      "properties": {
        "name": "Cell R01 C12",
        "code": "kolk_001_012",
        "city": "Kolkata"
      },
      "geometry": {
        "type": "Polygon",
        "coordinates": [
          [
            [
              88.408,
              22.487000000000002
            ],
            [
              88.417,
              22.487000000000002
            ],
            [
              88.417,
              22.494000000000003
            ],
            [
              88.408,
              22.494000000000003
            ],
            [
              88.408,
              22.487000000000002
            ]
          ]
        ]
      }
    },
    {
      "type": "Feature",
      "properties": {
        "name": "Cell R01 C13",
        "code": "kolk_001_013",
        "city": "Kolkata"
      },
      "geometry": {
        "type": "Polygon",
        "coordinates": [
          [
            [
              88.417,
              22.487000000000002
            ],
            [
              88.426,
              22.487000000000002
            ],
            [
              88.426,
              22.494000000000003
            ],
            [
              88.417,
              22.494000000000003
            ],
            [
              88.417,
              22.487000000000002
            ]
          ]
        ]
      }
    },
    {
      "type": "Feature",
      "properties": {
        "name": "Cell R01 C14",
        "code": "kolk_001_014",
        "city": "Kolkata"
      },
      "geometry": {
        "type": "Polygon",
        "coordinates": [
          [
            [
              88.426,
              22.487000000000002
            ],
            [
              88.435,
              22.487000000000002
            ],
            [
              88.435,
              22.494000000000003
            ],
            [
              88.426,
              22.494000000000003
            ],
            [
              88.426,
              22.487000000000002
            ]
          ]
        ]
      }
    },
    {
      "type": "Feature",
      "properties": {
        "name": "Cell R01 C15",
        "code": "kolk_001_015",
        "city": "Kolkata"
      },
      "geometry": {
        "type": "Polygon",
        "coordinates": [
          [
            [
              88.435,
              22.487000000000002
            ],
            [
              88.444,
              22.487000000000002
            ],
            [
              88.444,
              22.494000000000003
            ],
            [
              88.435,
              22.494000000000003
            ],
            [
              88.435,
              22.487000000000002
            ]
          ]
        ]
      }
    },
    {
      "type": "Feature",
      "properties": {
        "name": "Cell R01 C16",
        "code": "kolk_001_016",
        "city": "Kolkata"
      },
      "geometry": {
        "type": "Polygon",
        "coordinates": [
          [
            [
              88.444,
              22.487000000000002
            ],
            [
              88.453,
              22.487000000000002
            ],
            [
              88.453,
              22.494000000000003
            ],
            [
              88.444,
              22.494000000000003
            ],
            [
              88.444,
              22.487000000000002
            ]
          ]
        ]
      }
    },
    {
      "type": "Feature",
      "properties": {
        "name": "Cell R01 C17",
        "code": "kolk_001_017",
        "city": "Kolkata"
      },
      "geometry": {
        "type": "Polygon",
        "coordinates": [
          [
            [
              88.453,
              22.487000000000002
            ],
            [
              88.462,
              22.487000000000002
            ],
            [
              88.462,
              22.494000000000003
            ],
            [
              88.453,
              22.494000000000003
            ],
            [
              88.453,
              22.487000000000002
            ]
          ]
        ]
      }
    },
    {
      "type": "Feature",
      "properties": {
        "name": "Cell R01 C18",
        "code": "kolk_001_018",
        "city": "Kolkata"
      },
      "geometry": {
        "type": "Polygon",
        "coordinates": [
          [
            [
              88.462,
              22.487000000000002
            ],
            [
              88.471,
              22.487000000000002
            ],
            [
              88.471,
              22.494000000000003
            ],
            [
              88.462,
              22.494000000000003
            ],
            [
              88.462,
              22.487000000000002
            ]
          ]
        ]
      }
    },
    {
      "type": "Feature",
      "properties": {
        "name": "Cell R01 C19",
        "code": "kolk_001_019",
        "city": "Kolkata"
      },
      "geometry": {
        "type": "Polygon",
        "coordinates": [
          [
            [
              88.471,
              22.487000000000002
            ],
            [
              88.48,
              22.487000000000002
            ],
            [
              88.48,
              22.494000000000003
            ],
            [
              88.471,
              22.494000000000003
            ],
            [
              88.471,
              22.487000000000002
            ]
          ]
        ]
      }
    },
    {
      "type": "Feature",
      "properties": {
        "name": "Cell R02 C00",
        "code": "kolk_002_000",
        "city": "Kolkata"
      },
      "geometry": {
        "type": "Polygon",
        "coordinates": [
          [
            [
              88.3,
              22.494
            ],
            [
              88.309,
              22.494
            ],
            [
              88.309,
              22.501
            ],
            [
              88.3,
              22.501
            ],
            [
              88.3,
              22.494
            ]
          ]
        ]
      }
    },
    {
      "type": "Feature",
      "properties": {
        "name": "Cell R02 C01",
        "code": "kolk_002_001",
        "city": "Kolkata"
      },
      "geometry": {
        "type": "Polygon",
        "coordinates": [
          [
            [
              88.309,
              22.494
            ],
            [
              88.318,
              22.494
            ],
            [
              88.318,
              22.501
            ],
            [
              88.309,
              22.501
            ],
            [
              88.309,
              22.494
            ]
          ]
        ]
      }
    },
    {
      "type": "Feature",
      "properties": {
        "name": "Cell R02 C02",
        "code": "kolk_002_002",
        "city": "Kolkata"
      },
      "geometry": {
        "type": "Polygon",
        "coordinates": [
          [
            [
              88.318,
              22.494
            ],
            [
              88.327,
              22.494
            ],
            [
              88.327,
              22.501
            ],
            [
              88.318,
              22.501
            ],
            [
              88.318,
              22.494
            ]
          ]
        ]
      }
    },
    {
      "type": "Feature",
      "properties": {
        "name": "Cell R02 C03",
        "code": "kolk_002_003",
        "city": "Kolkata"
      },
      "geometry": {
        "type": "Polygon",
        "coordinates": [
          [
            [
              88.327,
              22.494
            ],
            [
              88.336,
              22.494
            ],
            [
              88.336,
              22.501
            ],
            [
              88.327,
              22.501
            ],
            [
              88.327,
              22.494
            ]
          ]
        ]
      }
    },
    {
      "type": "Feature",
      "properties": {
        "name": "Cell R02 C04",
        "code": "kolk_002_004",
        "city": "Kolkata"
      },
      "geometry": {
        "type": "Polygon",
        "coordinates": [
          [
            [
              88.336,
              22.494
            ],
            [
              88.345,
              22.494
            ],
            [
              88.345,
              22.501
            ],
            [
              88.336,
              22.501
            ],
            [
              88.336,
              22.494
            ]
          ]
        ]
      }
    },
    {
      "type": "Feature",
      "properties": {
        "name": "Cell R02 C05",
        "code": "kolk_002_005",
        "city": "Kolkata"
      },
      "geometry": {
        "type": "Polygon",
        "coordinates": [
          [
            [
              88.345,
              22.494
            ],
            [
              88.354,
              22.494
            ],
            [
              88.354,
              22.501
            ],
            [
              88.345,
              22.501
            ],
            [
              88.345,
              22.494
            ]
          ]
        ]
      }
    },
    {
      "type": "Feature",
      "properties": {
        "name": "Cell R02 C06",
        "code": "kolk_002_006",
        "city": "Kolkata"
      },
      "geometry": {
        "type": "Polygon",
        "coordinates": [
          [
            [
              88.354,
              22.494
            ],
            [
              88.363,
              22.494
            ],
            [
              88.363,
              22.501
            ],
            [
              88.354,
              22.501
            ],
            [
              88.354,
              22.494
            ]
          ]
        ]
      }
    },
    {
      "type": "Feature",
      "properties": {
        "name": "Cell R02 C07",
        "code": "kolk_002_007",
        "city": "Kolkata"
      },
      "geometry": {
        "type": "Polygon",
        "coordinates": [
          [
            [
              88.363,
              22.494
            ],
            [
              88.372,
              22.494
            ],
            [
              88.372,
              22.501
            ],
            [
              88.363,
              22.501
            ],
            [
              88.363,
              22.494
            ]
          ]
        ]
      }
    },
    {
      "type": "Feature",
      "properties": {
        "name": "Cell R02 C08",
        "code": "kolk_002_008",
        "city": "Kolkata"
      },
      "geometry": {
        "type": "Polygon",
        "coordinates": [
          [
            [
              88.372,
              22.494
            ],
            [
              88.381,
              22.494
            ],
            [
              88.381,
              22.501
            ],
            [
              88.372,
              22.501
            ],
            [
              88.372,
              22.494
            ]
          ]
        ]
      }
    },
    {
      "type": "Feature",
      "properties": {
        "name": "Cell R02 C09",
        "code": "kolk_002_009",
        "city": "Kolkata"
      },
      "geometry": {
        "type": "Polygon",
        "coordinates": [
          [
            [
              88.381,
              22.494
            ],
            [
              88.39,
              22.494
            ],
            [
              88.39,
              22.501
            ],
            [
              88.381,
              22.501
            ],
            [
              88.381,
              22.494
            ]
          ]
        ]
      }
    },
    {
      "type": "Feature",
      "properties": {
        "name": "Cell R02 C10",
        "code": "kolk_002_010",
        "city": "Kolkata"
      },
      "geometry": {
        "type": "Polygon",
        "coordinates": [
          [
            [
              88.39,
              22.494
            ],
            [
              88.399,
              22.494
            ],
            [
              88.399,
              22.501
            ],
            [
              88.39,
              22.501
            ],
            [
              88.39,
              22.494
            ]
          ]
        ]
      }
    },
    {
      "type": "Feature",
      "properties": {
        "name": "Cell R02 C11",
        "code": "kolk_002_011",
        "city": "Kolkata"
      },
      "geometry": {
        "type": "Polygon",
        "coordinates": [
          [
            [
              88.399,
              22.494
            ],
            [
              88.408,
              22.494
            ],
            [
              88.408,
              22.501
            ],
            [
              88.399,
              22.501
            ],
            [
              88.399,
              22.494
            ]
          ]
        ]
      }
    },
    {
      "type": "Feature",
      "properties": {
        "name": "Cell R02 C12",
        "code": "kolk_002_012",
        "city": "Kolkata"
      },
      "geometry": {
        "type": "Polygon",
        "coordinates": [
          [
            [
              88.408,
              22.494
            ],
            [
              88.417,
              22.494
            ],
            [
              88.417,
              22.501
            ],
            [
              88.408,
              22.501
            ],
            [
              88.408,
              22.494
            ]
          ]
        ]
      }
    },
    {
      "type": "Feature",
      "properties": {
        "name": "Cell R02 C13",
        "code": "kolk_002_013",
        "city": "Kolkata"
      },
      "geometry": {
        "type": "Polygon",
        "coordinates": [
          [
            [
              88.417,
              22.494
            ],
            [
              88.426,
              22.494
            ],
            [
              88.426,
              22.501
            ],
            [
              88.417,
              22.501
            ],
            [
              88.417,
              22.494
            ]
          ]
        ]
      }
    },
    {
      "type": "Feature",
      "properties": {
        "name": "Cell R02 C14",
        "code": "kolk_002_014",
        "city": "Kolkata"
      },
      "geometry": {
        "type": "Polygon",
        "coordinates": [
          [
            [
              88.426,
              22.494
            ],
            [
              88.435,
              22.494
            ],
            [
              88.435,
              22.501
            ],
            [
              88.426,
              22.501
            ],
            [
              88.426,
              22.494
            ]
          ]
        ]
      }
    },
    {
      "type": "Feature",
      "properties": {
        "name": "Cell R02 C15",
        "code": "kolk_002_015",
        "city": "Kolkata"
      },
      "geometry": {
        "type": "Polygon",
        "coordinates": [
          [
            [
              88.435,
              22.494
            ],
            [
              88.444,
              22.494
            ],
            [
              88.444,
              22.501
            ],
            [
              88.435,
              22.501
            ],
            [
              88.435,
              22.494
            ]
          ]
        ]
      }
    },
    {
      "type": "Feature",
      "properties": {
        "name": "Cell R02 C16",
        "code": "kolk_002_016",
        "city": "Kolkata"
      },
      "geometry": {
        "type": "Polygon",
        "coordinates": [
          [
            [
              88.444,
              22.494
            ],
            [
              88.453,
              22.494
            ],
            [
              88.453,
              22.501
            ],
            [
              88.444,
              22.501
            ],
            [
              88.444,
              22.494
            ]
          ]
        ]
      }
    },
    {
      "type": "Feature",
      "properties": {
        "name": "Cell R02 C17",
        "code": "kolk_002_017",
        "city": "Kolkata"
      },
      "geometry": {
        "type": "Polygon",
        "coordinates": [
          [
            [
              88.453,
              22.494
            ],
            [
              88.462,
              22.494
            ],
            [
              88.462,
              22.501
            ],
            [
              88.453,
              22.501
            ],
            [
              88.453,
              22.494
            ]
          ]
        ]
      }
    },
    {
      "type": "Feature",
      "properties": {
        "name": "Cell R02 C18",
        "code": "kolk_002_018",
        "city": "Kolkata"
      },
      "geometry": {
        "type": "Polygon",
        "coordinates": [
          [
            [
              88.462,
              22.494
            ],
            [
              88.471,
              22.494
            ],
            [
              88.471,
              22.501
            ],
            [
              88.462,
              22.501
            ],
            [
              88.462,
              22.494
            ]
          ]
        ]
      }
    },
    {
      "type": "Feature",
      "properties": {
        "name": "Cell R02 C19",
        "code": "kolk_002_019",
        "city": "Kolkata"
      },
      "geometry": {
        "type": "Polygon",
        "coordinates": [
          [
            [
              88.471,
              22.494
            ],
            [
              88.48,
              22.494
            ],
            [
              88.48,
              22.501
            ],
            [
              88.471,
              22.501
            ],
            [
              88.471,
              22.494
            ]
          ]
        ]
      }
    },
    {
      "type": "Feature",
      "properties": {
        "name": "Cell R03 C00",
        "code": "kolk_003_000",
        "city": "Kolkata"
      },
      "geometry": {
        "type": "Polygon",
        "coordinates": [
          [
            [
              88.3,
              22.501
            ],
            [
              88.309,
              22.501
            ],
            [
              88.309,
              22.508000000000003
            ],
            [
              88.3,
              22.508000000000003
            ],
            [
              88.3,
              22.501
            ]
          ]
        ]
      }
    },
    {
      "type": "Feature",
      "properties": {
        "name": "Cell R03 C01",
        "code": "kolk_003_001",
        "city": "Kolkata"
      },
      "geometry": {
        "type": "Polygon",
        "coordinates": [
          [
            [
              88.309,
              22.501
            ],
            [
              88.318,
              22.501
            ],
            [
              88.318,
              22.508000000000003
            ],
            [
              88.309,
              22.508000000000003
            ],
            [
              88.309,
              22.501
            ]
          ]
        ]
      }
    },
    {
      "type": "Feature",
      "properties": {
        "name": "Cell R03 C02",
        "code": "kolk_003_002",
        "city": "Kolkata"
      },
      "geometry": {
        "type": "Polygon",
        "coordinates": [
          [
            [
              88.318,
              22.501
            ],
            [
              88.327,
              22.501
            ],
            [
              88.327,
              22.508000000000003
            ],
            [
              88.318,
              22.508000000000003
            ],
            [
              88.318,
              22.501
            ]
          ]
        ]
      }
    },
    {
      "type": "Feature",
      "properties": {
        "name": "Cell R03 C03",
        "code": "kolk_003_003",
        "city": "Kolkata"
      },
      "geometry": {
        "type": "Polygon",
        "coordinates": [
          [
            [
              88.327,
              22.501
            ],
            [
              88.336,
              22.501
            ],
            [
              88.336,
              22.508000000000003
            ],
            [
              88.327,
              22.508000000000003
            ],
            [
              88.327,
              22.501
            ]
          ]
        ]
      }
    },
    {
      "type": "Feature",
      "properties": {
        "name": "Cell R03 C04",
        "code": "kolk_003_004",
        "city": "Kolkata"
      },
      "geometry": {
        "type": "Polygon",
        "coordinates": [
          [
            [
              88.336,
              22.501
            ],
            [
              88.345,
              22.501
            ],
            [
              88.345,
              22.508000000000003
            ],
            [
              88.336,
              22.508000000000003
            ],
            [
              88.336,
              22.501
            ]
          ]
        ]
      }
    },
    {
      "type": "Feature",
      "properties": {
        "name": "Cell R03 C05",
        "code": "kolk_003_005",
        "city": "Kolkata"
      },
      "geometry": {
        "type": "Polygon",
        "coordinates": [
          [
            [
              88.345,
              22.501
            ],
            [
              88.354,
              22.501
            ],
            [
              88.354,
              22.508000000000003
            ],
            [
              88.345,
              22.508000000000003
            ],
            [
              88.345,
              22.501
            ]
          ]
        ]
      }
    },
    {
      "type": "Feature",
      "properties": {
        "name": "Cell R03 C06",
        "code": "kolk_003_006",
        "city": "Kolkata"
      },
      "geometry": {
        "type": "Polygon",
        "coordinates": [
          [
            [
              88.354,
              22.501
            ],
            [
              88.363,
              22.501
            ],
            [
              88.363,
              22.508000000000003
            ],
            [
              88.354,
              22.508000000000003
            ],
            [
              88.354,
              22.501
            ]
          ]
        ]
      }
    },
    {
      "type": "Feature",
      "properties": {
        "name": "Cell R03 C07",
        "code": "kolk_003_007",
        "city": "Kolkata"
      },
      "geometry": {
        "type": "Polygon",
        "coordinates": [
          [
            [
              88.363,
              22.501
            ],
            [
              88.372,
              22.501
            ],
            [
              88.372,
              22.508000000000003
            ],
            [
              88.363,
              22.508000000000003
            ],
            [
              88.363,
              22.501
            ]
          ]
        ]
      }
    },
    {
      "type": "Feature",
      "properties": {
        "name": "Cell R03 C08",
        "code": "kolk_003_008",
        "city": "Kolkata"
      },
      "geometry": {
        "type": "Polygon",
        "coordinates": [
          [
            [
              88.372,
              22.501
            ],
            [
              88.381,
              22.501
            ],
            [
              88.381,
              22.508000000000003
            ],
            [
              88.372,
              22.508000000000003
            ],
            [
              88.372,
              22.501
            ]
          ]
        ]
      }
    },
    {
      "type": "Feature",
      "properties": {
        "name": "Cell R03 C09",
        "code": "kolk_003_009",
        "city": "Kolkata"
      },
      "geometry": {
        "type": "Polygon",
        "coordinates": [
          [
            [
              88.381,
              22.501
            ],
            [
              88.39,
              22.501
            ],
            [
              88.39,
              22.508000000000003
            ],
            [
              88.381,
              22.508000000000003
            ],
            [
              88.381,
              22.501
            ]
          ]
        ]
      }
    },
    {
      "type": "Feature",
      "properties": {
        "name": "Cell R03 C10",
        "code": "kolk_003_010",
        "city": "Kolkata"
      },
      "geometry": {
        "type": "Polygon",
        "coordinates": [
          [
            [
              88.39,
              22.501
            ],
            [
              88.399,
              22.501
            ],
            [
              88.399,
              22.508000000000003
            ],
            [
              88.39,
              22.508000000000003
            ],
            [
              88.39,
              22.501
            ]
          ]
        ]
      }
    },
    {
      "type": "Feature",
      "properties": {
        "name": "Cell R03 C11",
        "code": "kolk_003_011",
        "city": "Kolkata"
      },
      "geometry": {
        "type": "Polygon",
        "coordinates": [
          [
            [
              88.399,
              22.501
            ],
            [
              88.408,
              22.501
            ],
            [
              88.408,
              22.508000000000003
            ],
            [
              88.399,
              22.508000000000003
            ],
            [
              88.399,
              22.501
            ]
          ]
        ]
      }
    },
    {
      "type": "Feature",
      "properties": {
        "name": "Cell R03 C12",
        "code": "kolk_003_012",
        "city": "Kolkata"
      },
      "geometry": {
        "type": "Polygon",
        "coordinates": [
          [
            [
              88.408,
              22.501
            ],
            [
              88.417,
              22.501
            ],
            [
              88.417,
              22.508000000000003
            ],
            [
              88.408,
              22.508000000000003
            ],
            [
              88.408,
              22.501
            ]
          ]
        ]
      }
    },
    {
      "type": "Feature",
      "properties": {
        "name": "Cell R03 C13",
        "code": "kolk_003_013",
        "city": "Kolkata"
      },
      "geometry": {
        "type": "Polygon",
        "coordinates": [
          [
            [
              88.417,
              22.501
            ],
            [
              88.426,
              22.501
            ],
            [
              88.426,
              22.508000000000003
            ],
            [
              88.417,
              22.508000000000003
            ],
            [
              88.417,
              22.501
            ]
          ]
        ]
      }
    },
    {
      "type": "Feature",
      "properties": {
        "name": "Cell R03 C14",
        "code": "kolk_003_014",
        "city": "Kolkata"
      },
      "geometry": {
        "type": "Polygon",
        "coordinates": [
          [
            [
              88.426,
              22.501
            ],
            [
              88.435,
              22.501
            ],
            [
              88.435,
              22.508000000000003
            ],
            [
              88.426,
              22.508000000000003
            ],
            [
              88.426,
              22.501
            ]
          ]
        ]
      }
    },
    {
      "type": "Feature",
      "properties": {
        "name": "Cell R03 C15",
        "code": "kolk_003_015",
        "city": "Kolkata"
      },
      "geometry": {
        "type": "Polygon",
        "coordinates": [
          [
            [
              88.435,
              22.501
            ],
            [
              88.444,
              22.501
            ],
            [
              88.444,
              22.508000000000003
            ],
            [
              88.435,
              22.508000000000003
            ],
            [
              88.435,
              22.501
            ]
          ]
        ]
      }
    },
    {
      "type": "Feature",
      "properties": {
        "name": "Cell R03 C16",
        "code": "kolk_003_016",
        "city": "Kolkata"
      },
      "geometry": {
        "type": "Polygon",
        "coordinates": [
          [
            [
              88.444,
              22.501
            ],
            [
              88.453,
              22.501
            ],
            [
              88.453,
              22.508000000000003
            ],
            [
              88.444,
              22.508000000000003
            ],
            [
              88.444,
              22.501
            ]
          ]
        ]
      }
    },
    {
      "type": "Feature",
      "properties": {
        "name": "Cell R03 C17",
        "code": "kolk_003_017",
        "city": "Kolkata"
      },
      "geometry": {
        "type": "Polygon",
        "coordinates": [
          [
            [
              88.453,
              22.501
            ],
            [
              88.462,
              22.501
            ],
            [
              88.462,
              22.508000000000003
            ],
            [
              88.453,
              22.508000000000003
            ],
            [
              88.453,
              22.501
            ]
          ]
        ]
      }
    },
    {
      "type": "Feature",
      "properties": {
        "name": "Cell R03 C18",
        "code": "kolk_003_018",
        "city": "Kolkata"
      },
      "geometry": {
        "type": "Polygon",
        "coordinates": [
          [
            [
              88.462,
              22.501
            ],
            [
              88.471,
              22.501
            ],
            [
              88.471,
              22.508000000000003
            ],
            [
              88.462,
              22.508000000000003
            ],
            [
              88.462,
              22.501
            ]
          ]
        ]
      }
    },
    {
      "type": "Feature",
      "properties": {
        "name": "Cell R03 C19",
        "code": "kolk_003_019",
        "city": "Kolkata"
      },
      "geometry": {
        "type": "Polygon",
        "coordinates": [
          [
            [
              88.471,
              22.501
            ],
            [
              88.48,
              22.501
            ],
            [
              88.48,
              22.508000000000003
            ],
            [
              88.471,
              22.508000000000003
            ],
            [
              88.471,
              22.501
            ]
          ]
        ]
      }
    },
    {
      "type": "Feature",
      "properties": {
        "name": "Cell R04 C00",
        "code": "kolk_004_000",
        "city": "Kolkata"
      },
      "geometry": {
        "type": "Polygon",
        "coordinates": [
          [
            [
              88.3,
              22.508
            ],
            [
              88.309,
              22.508
            ],
            [
              88.309,
              22.515
            ],
            [
              88.3,
              22.515
            ],
            [
              88.3,
              22.508
            ]
          ]
        ]
      }
    },
    {
      "type": "Feature",
      "properties": {
        "name": "Cell R04 C01",
        "code": "kolk_004_001",
        "city": "Kolkata"
      },
      "geometry": {
        "type": "Polygon",
        "coordinates": [
          [
            [
              88.309,
              22.508
            ],
            [
              88.318,
              22.508
            ],
            [
              88.318,
              22.515
            ],
            [
              88.309,
              22.515
            ],
            [
              88.309,
              22.508
            ]
          ]
        ]
      }
    },
    {
      "type": "Feature",
      "properties": {
        "name": "Cell R04 C02",
        "code": "kolk_004_002",
        "city": "Kolkata"
      },
      "geometry": {
        "type": "Polygon",
        "coordinates": [
          [
            [
              88.318,
              22.508
            ],
            [
              88.327,
              22.508
            ],
            [
              88.327,
              22.515
            ],
            [
              88.318,
              22.515
            ],
            [
              88.318,
              22.508
            ]
          ]
        ]
      }
    },
    {
      "type": "Feature",
      "properties": {
        "name": "Cell R04 C03",
        "code": "kolk_004_003",
        "city": "Kolkata"
      },
      "geometry": {
        "type": "Polygon",
        "coordinates": [
          [
            [
              88.327,
              22.508
            ],
            [
              88.336,
              22.508
            ],
            [
              88.336,
              22.515
            ],
            [
              88.327,
              22.515
            ],
            [
              88.327,
              22.508
            ]
          ]
        ]
      }
    },
    {
      "type": "Feature",
      "properties": {
        "name": "Cell R04 C04",
        "code": "kolk_004_004",
        "city": "Kolkata"
      },
      "geometry": {
        "type": "Polygon",
        "coordinates": [
          [
            [
              88.336,
              22.508
            ],
            [
              88.345,
              22.508
            ],
            [
              88.345,
              22.515
            ],
            [
              88.336,
              22.515
            ],
            [
              88.336,
              22.508
            ]
          ]
        ]
      }
    },
    {
      "type": "Feature",
      "properties": {
        "name": "Cell R04 C05",
        "code": "kolk_004_005",
        "city": "Kolkata"
      },
      "geometry": {
        "type": "Polygon",
        "coordinates": [
          [
            [
              88.345,
              22.508
            ],
            [
              88.354,
              22.508
            ],
            [
              88.354,
              22.515
            ],
            [
              88.345,
              22.515
            ],
            [
              88.345,
              22.508
            ]
          ]
        ]
      }
    },
    {
      "type": "Feature",
      "properties": {
        "name": "Cell R04 C06",
        "code": "kolk_004_006",
        "city": "Kolkata"
      },
      "geometry": {
        "type": "Polygon",
        "coordinates": [
          [
            [
              88.354,
              22.508
            ],
            [
              88.363,
              22.508
            ],
            [
              88.363,
              22.515
            ],
            [
              88.354,
              22.515
            ],
            [
              88.354,
              22.508
            ]
          ]
        ]
      }
    },
    {
      "type": "Feature",
      "properties": {
        "name": "Cell R04 C07",
        "code": "kolk_004_007",
        "city": "Kolkata"
      },
      "geometry": {
        "type": "Polygon",
        "coordinates": [
          [
            [
              88.363,
              22.508
            ],
            [
              88.372,
              22.508
            ],
            [
              88.372,
              22.515
            ],
            [
              88.363,
              22.515
            ],
            [
              88.363,
              22.508
            ]
          ]
        ]
      }
    },
    {
      "type": "Feature",
      "properties": {
        "name": "Cell R04 C08",
        "code": "kolk_004_008",
        "city": "Kolkata"
      },
      "geometry": {
        "type": "Polygon",
        "coordinates": [
          [
            [
              88.372,
              22.508
            ],
            [
              88.381,
              22.508
            ],
            [
              88.381,
              22.515
            ],
            [
              88.372,
              22.515
            ],
            [
              88.372,
              22.508
            ]
          ]
        ]
      }
    },
    {
      "type": "Feature",
      "properties": {
        "name": "Cell R04 C09",
        "code": "kolk_004_009",
        "city": "Kolkata"
      },
      "geometry": {
        "type": "Polygon",
        "coordinates": [
          [
            [
              88.381,
              22.508
            ],
            [
              88.39,
              22.508
            ],
            [
              88.39,
              22.515
            ],
            [
              88.381,
              22.515
            ],
            [
              88.381,
              22.508
            ]
          ]
        ]
      }
    },
    {
      "type": "Feature",
      "properties": {
        "name": "Cell R04 C10",
        "code": "kolk_004_010",
        "city": "Kolkata"
      },
      "geometry": {
        "type": "Polygon",
        "coordinates": [
          [
            [
              88.39,
              22.508
            ],
            [
              88.399,
              22.508
            ],
            [
              88.399,
              22.515
            ],
            [
              88.39,
              22.515
            ],
            [
              88.39,
              22.508
            ]
          ]
        ]
      }
    },
    {
      "type": "Feature",
      "properties": {
        "name": "Cell R04 C11",
        "code": "kolk_004_011",
        "city": "Kolkata"
      },
      "geometry": {
        "type": "Polygon",
        "coordinates": [
          [
            [
              88.399,
              22.508
            ],
            [
              88.408,
              22.508
            ],
            [
              88.408,
              22.515
            ],
            [
              88.399,
              22.515
            ],
            [
              88.399,
              22.508
            ]
          ]
        ]
      }
    },
    {
      "type": "Feature",
      "properties": {
        "name": "Cell R04 C12",
        "code": "kolk_004_012",
        "city": "Kolkata"
      },
      "geometry": {
        "type": "Polygon",
        "coordinates": [
          [
            [
              88.408,
              22.508
            ],
            [
              88.417,
              22.508
            ],
            [
              88.417,
              22.515
            ],
            [
              88.408,
              22.515
            ],
            [
              88.408,
              22.508
            ]
          ]
        ]
      }
    },
    {
      "type": "Feature",
      "properties": {
        "name": "Cell R04 C13",
        "code": "kolk_004_013",
        "city": "Kolkata"
      },
      "geometry": {
        "type": "Polygon",
        "coordinates": [
          [
            [
              88.417,
              22.508
            ],
            [
              88.426,
              22.508
            ],
            [
              88.426,
              22.515
            ],
            [
              88.417,
              22.515
            ],
            [
              88.417,
              22.508
            ]
          ]
        ]
      }
    },
    {
      "type": "Feature",
      "properties": {
        "name": "Cell R04 C14",
        "code": "kolk_004_014",
        "city": "Kolkata"
      },
      "geometry": {
        "type": "Polygon",
        "coordinates": [
          [
            [
              88.426,
              22.508
            ],
            [
              88.435,
              22.508
            ],
            [
              88.435,
              22.515
            ],
            [
              88.426,
              22.515
            ],
            [
              88.426,
              22.508
            ]
          ]
        ]
      }
    },
    {
      "type": "Feature",
      "properties": {
        "name": "Cell R04 C15",
        "code": "kolk_004_015",
        "city": "Kolkata"
      },
      "geometry": {
        "type": "Polygon",
        "coordinates": [
          [
            [
              88.435,
              22.508
            ],
            [
              88.444,
              22.508
            ],
            [
              88.444,
              22.515
            ],
            [
              88.435,
              22.515
            ],
            [
              88.435,
              22.508
            ]
          ]
        ]
      }
    },
    {
      "type": "Feature",
      "properties": {
        "name": "Cell R04 C16",
        "code": "kolk_004_016",
        "city": "Kolkata"
      },
      "geometry": {
        "type": "Polygon",
        "coordinates": [
          [
            [
              88.444,
              22.508
            ],
            [
              88.453,
              22.508
            ],
            [
              88.453,
              22.515
            ],
            [
              88.444,
              22.515
            ],
            [
              88.444,
              22.508
            ]
          ]
        ]
      }
    },
    {
      "type": "Feature",
      "properties": {
        "name": "Cell R04 C17",
        "code": "kolk_004_017",
        "city": "Kolkata"
      },
      "geometry": {
        "type": "Polygon",
        "coordinates": [
          [
            [
              88.453,
              22.508
            ],
            [
              88.462,
              22.508
            ],
            [
              88.462,
              22.515
            ],
            [
              88.453,
              22.515
            ],
            [
              88.453,
              22.508
            ]
          ]
        ]
      }
    },
    {
      "type": "Feature",
      "properties": {
        "name": "Cell R04 C18",
        "code": "kolk_004_018",
        "city": "Kolkata"
      },
      "geometry": {
        "type": "Polygon",
        "coordinates": [
          [
            [
              88.462,
              22.508
            ],
            [
              88.471,
              22.508
            ],
            [
              88.471,
              22.515
            ],
            [
              88.462,
              22.515
            ],
            [
              88.462,
              22.508
            ]
          ]
        ]
      }
    },
    {
      "type": "Feature",
      "properties": {
        "name": "Cell R04 C19",
        "code": "kolk_004_019",
        "city": "Kolkata"
      },
      "geometry": {
        "type": "Polygon",
        "coordinates": [
          [
            [
              88.471,
              22.508
            ],
            [
              88.48,
              22.508
            ],
            [
              88.48,
              22.515
            ],
            [
              88.471,
              22.515
            ],
            [
              88.471,
              22.508
            ]
          ]
        ]
      }
    },
    {
      "type": "Feature",
      "properties": {
        "name": "Cell R05 C00",
        "code": "kolk_005_000",
        "city": "Kolkata"
      },
      "geometry": {
        "type": "Polygon",
        "coordinates": [
          [
            [
              88.3,
              22.515
            ],
            [
              88.309,
              22.515
            ],
            [
              88.309,
              22.522000000000002
            ],
            [
              88.3,
              22.522000000000002
            ],
            [
              88.3,
              22.515
            ]
          ]
        ]
      }
    },
    {
      "type": "Feature",
      "properties": {
        "name": "Cell R05 C01",
        "code": "kolk_005_001",
        "city": "Kolkata"
      },
      "geometry": {
        "type": "Polygon",
        "coordinates": [
          [
            [
              88.309,
              22.515
            ],
            [
              88.318,
              22.515
            ],
            [
              88.318,
              22.522000000000002
            ],
            [
              88.309,
              22.522000000000002
            ],
            [
              88.309,
              22.515
            ]
          ]
        ]
      }
    },
    {
      "type": "Feature",
      "properties": {
        "name": "Cell R05 C02",
        "code": "kolk_005_002",
        "city": "Kolkata"
      },
      "geometry": {
        "type": "Polygon",
        "coordinates": [
          [
            [
              88.318,
              22.515
            ],
            [
              88.327,
              22.515
            ],
            [
              88.327,
              22.522000000000002
            ],
            [
              88.318,
              22.522000000000002
            ],
            [
              88.318,
              22.515
            ]
          ]
        ]
      }
    },
    {
      "type": "Feature",
      "properties": {
        "name": "Cell R05 C03",
        "code": "kolk_005_003",
        "city": "Kolkata"
      },
      "geometry": {
        "type": "Polygon",
        "coordinates": [
          [
            [
              88.327,
              22.515
            ],
            [
              88.336,
              22.515
            ],
            [
              88.336,
              22.522000000000002
            ],
            [
              88.327,
              22.522000000000002
            ],
            [
              88.327,
              22.515
            ]
          ]
        ]
      }
    },
    {
      "type": "Feature",
      "properties": {
        "name": "Cell R05 C04",
        "code": "kolk_005_004",
        "city": "Kolkata"
      },
      "geometry": {
        "type": "Polygon",
        "coordinates": [
          [
            [
              88.336,
              22.515
            ],
            [
              88.345,
              22.515
            ],
            [
              88.345,
              22.522000000000002
            ],
            [
              88.336,
              22.522000000000002
            ],
            [
              88.336,
              22.515
            ]
          ]
        ]
      }
    },
    {
      "type": "Feature",
      "properties": {
        "name": "Cell R05 C05",
        "code": "kolk_005_005",
        "city": "Kolkata"
      },
      "geometry": {
        "type": "Polygon",
        "coordinates": [
          [
            [
              88.345,
              22.515
            ],
            [
              88.354,
              22.515
            ],
            [
              88.354,
              22.522000000000002
            ],
            [
              88.345,
              22.522000000000002
            ],
            [
              88.345,
              22.515
            ]
          ]
        ]
      }
    },
    {
      "type": "Feature",
      "properties": {
        "name": "Cell R05 C06",
        "code": "kolk_005_006",
        "city": "Kolkata"
      },
      "geometry": {
        "type": "Polygon",
        "coordinates": [
          [
            [
              88.354,
              22.515
            ],
            [
              88.363,
              22.515
            ],
            [
              88.363,
              22.522000000000002
            ],
            [
              88.354,
              22.522000000000002
            ],
            [
              88.354,
              22.515
            ]
          ]
        ]
      }
    },
    {
      "type": "Feature",
      "properties": {
        "name": "Cell R05 C07",
        "code": "kolk_005_007",
        "city": "Kolkata"
      },
      "geometry": {
        "type": "Polygon",
        "coordinates": [
          [
            [
              88.363,
              22.515
            ],
            [
              88.372,
              22.515
            ],
            [
              88.372,
              22.522000000000002
            ],
            [
              88.363,
              22.522000000000002
            ],
            [
              88.363,
              22.515
            ]
          ]
        ]
      }
    },
    {
      "type": "Feature",
      "properties": {
        "name": "Cell R05 C08",
        "code": "kolk_005_008",
        "city": "Kolkata"
      },
      "geometry": {
        "type": "Polygon",
        "coordinates": [
          [
            [
              88.372,
              22.515
            ],
            [
              88.381,
              22.515
            ],
            [
              88.381,
              22.522000000000002
            ],
            [
              88.372,
              22.522000000000002
            ],
            [
              88.372,
              22.515
            ]
          ]
        ]
      }
    },
    {
      "type": "Feature",
      "properties": {
        "name": "Cell R05 C09",
        "code": "kolk_005_009",
        "city": "Kolkata"
      },
      "geometry": {
        "type": "Polygon",
        "coordinates": [
          [
            [
              88.381,
              22.515
            ],
            [
              88.39,
              22.515
            ],
            [
              88.39,
              22.522000000000002
            ],
            [
              88.381,
              22.522000000000002
            ],
            [
              88.381,
              22.515
            ]
          ]
        ]
      }
    },
    {
      "type": "Feature",
      "properties": {
        "name": "Cell R05 C10",
        "code": "kolk_005_010",
        "city": "Kolkata"
      },
      "geometry": {
        "type": "Polygon",
        "coordinates": [
          [
            [
              88.39,
              22.515
            ],
            [
              88.399,
              22.515
            ],
            [
              88.399,
              22.522000000000002
            ],
            [
              88.39,
              22.522000000000002
            ],
            [
              88.39,
              22.515
            ]
          ]
        ]
      }
    },
    {
      "type": "Feature",
      "properties": {
        "name": "Cell R05 C11",
        "code": "kolk_005_011",
        "city": "Kolkata"
      },
      "geometry": {
        "type": "Polygon",
        "coordinates": [
          [
            [
              88.399,
              22.515
            ],
            [
              88.408,
              22.515
            ],
            [
              88.408,
              22.522000000000002
            ],
            [
              88.399,
              22.522000000000002
            ],
            [
              88.399,
              22.515
            ]
          ]
        ]
      }
    },
    {
      "type": "Feature",
      "properties": {
        "name": "Cell R05 C12",
        "code": "kolk_005_012",
        "city": "Kolkata"
      },
      "geometry": {
        "type": "Polygon",
        "coordinates": [
          [
            [
              88.408,
              22.515
            ],
            [
              88.417,
              22.515
            ],
            [
              88.417,
              22.522000000000002
            ],
            [
              88.408,
              22.522000000000002
            ],
            [
              88.408,
              22.515
            ]
          ]
        ]
      }
    },
    {
      "type": "Feature",
      "properties": {
        "name": "Cell R05 C13",
        "code": "kolk_005_013",
        "city": "Kolkata"
      },
      "geometry": {
        "type": "Polygon",
        "coordinates": [
          [
            [
              88.417,
              22.515
            ],
            [
              88.426,
              22.515
            ],
            [
              88.426,
              22.522000000000002
            ],
            [
              88.417,
              22.522000000000002
            ],
            [
              88.417,
              22.515
            ]
          ]
        ]
      }
    },
    {
      "type": "Feature",
      "properties": {
        "name": "Cell R05 C14",
        "code": "kolk_005_014",
        "city": "Kolkata"
      },
      "geometry": {
        "type": "Polygon",
        "coordinates": [
          [
            [
              88.426,
              22.515
            ],
            [
              88.435,
              22.515
            ],
            [
              88.435,
              22.522000000000002
            ],
            [
              88.426,
              22.522000000000002
            ],
            [
              88.426,
              22.515
            ]
          ]
        ]
      }
    },
    {
      "type": "Feature",
      "properties": {
        "name": "Cell R05 C15",
        "code": "kolk_005_015",
        "city": "Kolkata"
      },
      "geometry": {
        "type": "Polygon",
        "coordinates": [
          [
            [
              88.435,
              22.515
            ],
            [
              88.444,
              22.515
            ],
            [
              88.444,
              22.522000000000002
            ],
            [
              88.435,
              22.522000000000002
            ],
            [
              88.435,
              22.515
            ]
          ]
        ]
      }
    },
    {
      "type": "Feature",
      "properties": {
        "name": "Cell R05 C16",
        "code": "kolk_005_016",
        "city": "Kolkata"
      },
      "geometry": {
        "type": "Polygon",
        "coordinates": [
          [
            [
              88.444,
              22.515
            ],
            [
              88.453,
              22.515
            ],
            [
              88.453,
              22.522000000000002
            ],
            [
              88.444,
              22.522000000000002
            ],
            [
              88.444,
              22.515
            ]
          ]
        ]
      }
    },
    {
      "type": "Feature",
      "properties": {
        "name": "Cell R05 C17",
        "code": "kolk_005_017",
        "city": "Kolkata"
      },
      "geometry": {
        "type": "Polygon",
        "coordinates": [
          [
            [
              88.453,
              22.515
            ],
            [
              88.462,
              22.515
            ],
            [
              88.462,
              22.522000000000002
            ],
            [
              88.453,
              22.522000000000002
            ],
            [
              88.453,
              22.515
            ]
          ]
        ]
      }
    },
    {
      "type": "Feature",
      "properties": {
        "name": "Cell R05 C18",
        "code": "kolk_005_018",
        "city": "Kolkata"
      },
      "geometry": {
        "type": "Polygon",
        "coordinates": [
          [
            [
              88.462,
              22.515
            ],
            [
              88.471,
              22.515
            ],
            [
              88.471,
              22.522000000000002
            ],
            [
              88.462,
              22.522000000000002
            ],
            [
              88.462,
              22.515
            ]
          ]
        ]
      }
    },
    {
      "type": "Feature",
      "properties": {
        "name": "Cell R05 C19",
        "code": "kolk_005_019",
        "city": "Kolkata"
      },
      "geometry": {
        "type": "Polygon",
        "coordinates": [
          [
            [
              88.471,
              22.515
            ],
            [
              88.48,
              22.515
            ],
            [
              88.48,
              22.522000000000002
            ],
            [
              88.471,
              22.522000000000002
            ],
            [
              88.471,
              22.515
            ]
          ]
        ]
      }
    },
    {
      "type": "Feature",
      "properties": {
        "name": "Cell R06 C00",
        "code": "kolk_006_000",
        "city": "Kolkata"
      },
      "geometry": {
        "type": "Polygon",
        "coordinates": [
          [
            [
              88.3,
              22.522000000000002
            ],
            [
              88.309,
              22.522000000000002
            ],
            [
              88.309,
              22.529000000000003
            ],
            [
              88.3,
              22.529000000000003
            ],
            [
              88.3,
              22.522000000000002
            ]
          ]
        ]
      }
    },
    {
      "type": "Feature",
      "properties": {
        "name": "Cell R06 C01",
        "code": "kolk_006_001",
        "city": "Kolkata"
      },
      "geometry": {
        "type": "Polygon",
        "coordinates": [
          [
            [
              88.309,
              22.522000000000002
            ],
            [
              88.318,
              22.522000000000002
            ],
            [
              88.318,
              22.529000000000003
            ],
            [
              88.309,
              22.529000000000003
            ],
            [
              88.309,
              22.522000000000002
            ]
          ]
        ]
      }
    },
    {
      "type": "Feature",
      "properties": {
        "name": "Cell R06 C02",
        "code": "kolk_006_002",
        "city": "Kolkata"
      },
      "geometry": {
        "type": "Polygon",
        "coordinates": [
          [
            [
              88.318,
              22.522000000000002
            ],
            [
              88.327,
              22.522000000000002
            ],
            [
              88.327,
              22.529000000000003
            ],
            [
              88.318,
              22.529000000000003
            ],
            [
              88.318,
              22.522000000000002
            ]
          ]
        ]
      }
    },
    {
      "type": "Feature",
      "properties": {
        "name": "Cell R06 C03",
        "code": "kolk_006_003",
        "city": "Kolkata"
      },
      "geometry": {
        "type": "Polygon",
        "coordinates": [
          [
            [
              88.327,
              22.522000000000002
            ],
            [
              88.336,
              22.522000000000002
            ],
            [
              88.336,
              22.529000000000003
            ],
            [
              88.327,
              22.529000000000003
            ],
            [
              88.327,
              22.522000000000002
            ]
          ]
        ]
      }
    },
    {
      "type": "Feature",
      "properties": {
        "name": "Cell R06 C04",
        "code": "kolk_006_004",
        "city": "Kolkata"
      },
      "geometry": {
        "type": "Polygon",
        "coordinates": [
          [
            [
              88.336,
              22.522000000000002
            ],
            [
              88.345,
              22.522000000000002
            ],
            [
              88.345,
              22.529000000000003
            ],
            [
              88.336,
              22.529000000000003
            ],
            [
              88.336,
              22.522000000000002
            ]
          ]
        ]
      }
    },
    {
      "type": "Feature",
      "properties": {
        "name": "Cell R06 C05",
        "code": "kolk_006_005",
        "city": "Kolkata"
      },
      "geometry": {
        "type": "Polygon",
        "coordinates": [
          [
            [
              88.345,
              22.522000000000002
            ],
            [
              88.354,
              22.522000000000002
            ],
            [
              88.354,
              22.529000000000003
            ],
            [
              88.345,
              22.529000000000003
            ],
            [
              88.345,
              22.522000000000002
            ]
          ]
        ]
      }
    },
    {
      "type": "Feature",
      "properties": {
        "name": "Cell R06 C06",
        "code": "kolk_006_006",
        "city": "Kolkata"
      },
      "geometry": {
        "type": "Polygon",
        "coordinates": [
          [
            [
              88.354,
              22.522000000000002
            ],
            [
              88.363,
              22.522000000000002
            ],
            [
              88.363,
              22.529000000000003
            ],
            [
              88.354,
              22.529000000000003
            ],
            [
              88.354,
              22.522000000000002
            ]
          ]
        ]
      }
    },
    {
      "type": "Feature",
      "properties": {
        "name": "Cell R06 C07",
        "code": "kolk_006_007",
        "city": "Kolkata"
      },
      "geometry": {
        "type": "Polygon",
        "coordinates": [
          [
            [
              88.363,
              22.522000000000002
            ],
            [
              88.372,
              22.522000000000002
            ],
            [
              88.372,
              22.529000000000003
            ],
            [
              88.363,
              22.529000000000003
            ],
            [
              88.363,
              22.522000000000002
            ]
          ]
        ]
      }
    },
    {
      "type": "Feature",
      "properties": {
        "name": "Cell R06 C08",
        "code": "kolk_006_008",
        "city": "Kolkata"
      },
      "geometry": {
        "type": "Polygon",
        "coordinates": [
          [
            [
              88.372,
              22.522000000000002
            ],
            [
              88.381,
              22.522000000000002
            ],
            [
              88.381,
              22.529000000000003
            ],
            [
              88.372,
              22.529000000000003
            ],
            [
              88.372,
              22.522000000000002
            ]
          ]
        ]
      }
    },
    {
      "type": "Feature",
      "properties": {
        "name": "Cell R06 C09",
        "code": "kolk_006_009",
        "city": "Kolkata"
      },
      "geometry": {
        "type": "Polygon",
        "coordinates": [
          [
            [
              88.381,
              22.522000000000002
            ],
            [
              88.39,
              22.522000000000002
            ],
            [
              88.39,
              22.529000000000003
            ],
            [
              88.381,
              22.529000000000003
            ],
            [
              88.381,
              22.522000000000002
            ]
          ]
        ]
      }
    },
    {
      "type": "Feature",
      "properties": {
        "name": "Cell R06 C10",
        "code": "kolk_006_010",
        "city": "Kolkata"
      },
      "geometry": {
        "type": "Polygon",
        "coordinates": [
          [
            [
              88.39,
              22.522000000000002
            ],
            [
              88.399,
              22.522000000000002
            ],
            [
              88.399,
              22.529000000000003
            ],
            [
              88.39,
              22.529000000000003
            ],
            [
              88.39,
              22.522000000000002
            ]
          ]
        ]
      }
    },
    {
      "type": "Feature",
      "properties": {
        "name": "Cell R06 C11",
        "code": "kolk_006_011",
        "city": "Kolkata"
      },
      "geometry": {
        "type": "Polygon",
        "coordinates": [
          [
            [
              88.399,
              22.522000000000002
            ],
            [
              88.408,
              22.522000000000002
            ],
            [
              88.408,
              22.529000000000003
            ],
            [
              88.399,
              22.529000000000003
            ],
            [
              88.399,
              22.522000000000002
            ]
          ]
        ]
      }
    },
    {
      "type": "Feature",
      "properties": {
        "name": "Cell R06 C12",
        "code": "kolk_006_012",
        "city": "Kolkata"
      },
      "geometry": {
        "type": "Polygon",
        "coordinates": [
          [
            [
              88.408,
              22.522000000000002
            ],
            [
              88.417,
              22.522000000000002
            ],
            [
              88.417,
              22.529000000000003
            ],
            [
              88.408,
              22.529000000000003
            ],
            [
              88.408,
              22.522000000000002
            ]
          ]
        ]
      }
    },
    {
      "type": "Feature",
      "properties": {
        "name": "Cell R06 C13",
        "code": "kolk_006_013",
        "city": "Kolkata"
      },
      "geometry": {
        "type": "Polygon",
        "coordinates": [
          [
            [
              88.417,
              22.522000000000002
            ],
            [
              88.426,
              22.522000000000002
            ],
            [
              88.426,
              22.529000000000003
            ],
            [
              88.417,
              22.529000000000003
            ],
            [
              88.417,
              22.522000000000002
            ]
          ]
        ]
      }
    },
    {
      "type": "Feature",
      "properties": {
        "name": "Cell R06 C14",
        "code": "kolk_006_014",
        "city": "Kolkata"
      },
      "geometry": {
        "type": "Polygon",
        "coordinates": [
          [
            [
              88.426,
              22.522000000000002
            ],
            [
              88.435,
              22.522000000000002
            ],
            [
              88.435,
              22.529000000000003
            ],
            [
              88.426,
              22.529000000000003
            ],
            [
              88.426,
              22.522000000000002
            ]
          ]
        ]
      }
    },
    {
      "type": "Feature",
      "properties": {
        "name": "Cell R06 C15",
        "code": "kolk_006_015",
        "city": "Kolkata"
      },
      "geometry": {
        "type": "Polygon",
        "coordinates": [
          [
            [
              88.435,
              22.522000000000002
            ],
            [
              88.444,
              22.522000000000002
            ],
            [
              88.444,
              22.529000000000003
            ],
            [
              88.435,
              22.529000000000003
            ],
            [
              88.435,
              22.522000000000002
            ]
          ]
        ]
      }
    },
    {
      "type": "Feature",
      "properties": {
        "name": "Cell R06 C16",
        "code": "kolk_006_016",
        "city": "Kolkata"
      },
      "geometry": {
        "type": "Polygon",
        "coordinates": [
          [
            [
              88.444,
              22.522000000000002
            ],
            [
              88.453,
              22.522000000000002
            ],
            [
              88.453,
              22.529000000000003
            ],
            [
              88.444,
              22.529000000000003
            ],
            [
              88.444,
              22.522000000000002
            ]
          ]
        ]
      }
    },
    {
      "type": "Feature",
      "properties": {
        "name": "Cell R06 C17",
        "code": "kolk_006_017",
        "city": "Kolkata"
      },
      "geometry": {
        "type": "Polygon",
        "coordinates": [
          [
            [
              88.453,
              22.522000000000002
            ],
            [
              88.462,
              22.522000000000002
            ],
            [
              88.462,
              22.529000000000003
            ],
            [
              88.453,
              22.529000000000003
            ],
            [
              88.453,
              22.522000000000002
            ]
          ]
        ]
      }
    },
    {
      "type": "Feature",
      "properties": {
        "name": "Cell R06 C18",
        "code": "kolk_006_018",
        "city": "Kolkata"
      },
      "geometry": {
        "type": "Polygon",
        "coordinates": [
          [
            [
              88.462,
              22.522000000000002
            ],
            [
              88.471,
              22.522000000000002
            ],
            [
              88.471,
              22.529000000000003
            ],
            [
              88.462,
              22.529000000000003
            ],
            [
              88.462,
              22.522000000000002
            ]
          ]
        ]
      }
    },
    {
      "type": "Feature",
      "properties": {
        "name": "Cell R06 C19",
        "code": "kolk_006_019",
        "city": "Kolkata"
      },
      "geometry": {
        "type": "Polygon",
        "coordinates": [
          [
            [
              88.471,
              22.522000000000002
            ],
            [
              88.48,
              22.522000000000002
            ],
            [
              88.48,
              22.529000000000003
            ],
            [
              88.471,
              22.529000000000003
            ],
            [
              88.471,
              22.522000000000002
            ]
          ]
        ]
      }
    },
    {
      "type": "Feature",
      "properties": {
        "name": "Cell R07 C00",
        "code": "kolk_007_000",
        "city": "Kolkata"
      },
      "geometry": {
        "type": "Polygon",
        "coordinates": [
          [
            [
              88.3,
              22.529
            ],
            [
              88.309,
              22.529
            ],
            [
              88.309,
              22.536
            ],
            [
              88.3,
              22.536
            ],
            [
              88.3,
              22.529
            ]
          ]
        ]
      }
    },
    {
      "type": "Feature",
      "properties": {
        "name": "Cell R07 C01",
        "code": "kolk_007_001",
        "city": "Kolkata"
      },
      "geometry": {
        "type": "Polygon",
        "coordinates": [
          [
            [
              88.309,
              22.529
            ],
            [
              88.318,
              22.529
            ],
            [
              88.318,
              22.536
            ],
            [
              88.309,
              22.536
            ],
            [
              88.309,
              22.529
            ]
          ]
        ]
      }
    },
    {
      "type": "Feature",
      "properties": {
        "name": "Cell R07 C02",
        "code": "kolk_007_002",
        "city": "Kolkata"
      },
      "geometry": {
        "type": "Polygon",
        "coordinates": [
          [
            [
              88.318,
              22.529
            ],
            [
              88.327,
              22.529
            ],
            [
              88.327,
              22.536
            ],
            [
              88.318,
              22.536
            ],
            [
              88.318,
              22.529
            ]
          ]
        ]
      }
    },
    {
      "type": "Feature",
      "properties": {
        "name": "Cell R07 C03",
        "code": "kolk_007_003",
        "city": "Kolkata"
      },
      "geometry": {
        "type": "Polygon",
        "coordinates": [
          [
            [
              88.327,
              22.529
            ],
            [
              88.336,
              22.529
            ],
            [
              88.336,
              22.536
            ],
            [
              88.327,
              22.536
            ],
            [
              88.327,
              22.529
            ]
          ]
        ]
      }
    },
    {
      "type": "Feature",
      "properties": {
        "name": "Cell R07 C04",
        "code": "kolk_007_004",
        "city": "Kolkata"
      },
      "geometry": {
        "type": "Polygon",
        "coordinates": [
          [
            [
              88.336,
              22.529
            ],
            [
              88.345,
              22.529
            ],
            [
              88.345,
              22.536
            ],
            [
              88.336,
              22.536
            ],
            [
              88.336,
              22.529
            ]
          ]
        ]
      }
    },
    {
      "type": "Feature",
      "properties": {
        "name": "Cell R07 C05",
        "code": "kolk_007_005",
        "city": "Kolkata"
      },
      "geometry": {
        "type": "Polygon",
        "coordinates": [
          [
            [
              88.345,
              22.529
            ],
            [
              88.354,
              22.529
            ],
            [
              88.354,
              22.536
            ],
            [
              88.345,
              22.536
            ],
            [
              88.345,
              22.529
            ]
          ]
        ]
      }
    },
    {
      "type": "Feature",
      "properties": {
        "name": "Cell R07 C06",
        "code": "kolk_007_006",
        "city": "Kolkata"
      },
      "geometry": {
        "type": "Polygon",
        "coordinates": [
          [
            [
              88.354,
              22.529
            ],
            [
              88.363,
              22.529
            ],
            [
              88.363,
              22.536
            ],
            [
              88.354,
              22.536
            ],
            [
              88.354,
              22.529
            ]
          ]
        ]
      }
    },
    {
      "type": "Feature",
      "properties": {
        "name": "Cell R07 C07",
        "code": "kolk_007_007",
        "city": "Kolkata"
      },
      "geometry": {
        "type": "Polygon",
        "coordinates": [
          [
            [
              88.363,
              22.529
            ],
            [
              88.372,
              22.529
            ],
            [
              88.372,
              22.536
            ],
            [
              88.363,
              22.536
            ],
            [
              88.363,
              22.529
            ]
          ]
        ]
      }
    },
    {
      "type": "Feature",
      "properties": {
        "name": "Cell R07 C08",
        "code": "kolk_007_008",
        "city": "Kolkata"
      },
      "geometry": {
        "type": "Polygon",
        "coordinates": [
          [
            [
              88.372,
              22.529
            ],
            [
              88.381,
              22.529
            ],
            [
              88.381,
              22.536
            ],
            [
              88.372,
              22.536
            ],
            [
              88.372,
              22.529
            ]
          ]
        ]
      }
    },
    {
      "type": "Feature",
      "properties": {
        "name": "Cell R07 C09",
        "code": "kolk_007_009",
        "city": "Kolkata"
      },
      "geometry": {
        "type": "Polygon",
        "coordinates": [
          [
            [
              88.381,
              22.529
            ],
            [
              88.39,
              22.529
            ],
            [
              88.39,
              22.536
            ],
            [
              88.381,
              22.536
            ],
            [
              88.381,
              22.529
            ]
          ]
        ]
      }
    },
    {
      "type": "Feature",
      "properties": {
        "name": "Cell R07 C10",
        "code": "kolk_007_010",
        "city": "Kolkata"
      },
      "geometry": {
        "type": "Polygon",
        "coordinates": [
          [
            [
              88.39,
              22.529
            ],
            [
              88.399,
              22.529
            ],
            [
              88.399,
              22.536
            ],
            [
              88.39,
              22.536
            ],
            [
              88.39,
              22.529
            ]
          ]
        ]
      }
    },
    {
      "type": "Feature",
      "properties": {
        "name": "Cell R07 C11",
        "code": "kolk_007_011",
        "city": "Kolkata"
      },
      "geometry": {
        "type": "Polygon",
        "coordinates": [
          [
            [
              88.399,
              22.529
            ],
            [
              88.408,
              22.529
            ],
            [
              88.408,
              22.536
            ],
            [
              88.399,
              22.536
            ],
            [
              88.399,
              22.529
            ]
          ]
        ]
      }
    },
    {
      "type": "Feature",
      "properties": {
        "name": "Cell R07 C12",
        "code": "kolk_007_012",
        "city": "Kolkata"
      },
      "geometry": {
        "type": "Polygon",
        "coordinates": [
          [
            [
              88.408,
              22.529
            ],
            [
              88.417,
              22.529
            ],
            [
              88.417,
              22.536
            ],
            [
              88.408,
              22.536
            ],
            [
              88.408,
              22.529
            ]
          ]
        ]
      }
    },
    {
      "type": "Feature",
      "properties": {
        "name": "Cell R07 C13",
        "code": "kolk_007_013",
        "city": "Kolkata"
      },
      "geometry": {
        "type": "Polygon",
        "coordinates": [
          [
            [
              88.417,
              22.529
            ],
            [
              88.426,
              22.529
            ],
            [
              88.426,
              22.536
            ],
            [
              88.417,
              22.536
            ],
            [
              88.417,
              22.529
            ]
          ]
        ]
      }
    },
    {
      "type": "Feature",
      "properties": {
        "name": "Cell R07 C14",
        "code": "kolk_007_014",
        "city": "Kolkata"
      },
      "geometry": {
        "type": "Polygon",
        "coordinates": [
          [
            [
              88.426,
              22.529
            ],
            [
              88.435,
              22.529
            ],
            [
              88.435,
              22.536
            ],
            [
              88.426,
              22.536
            ],
            [
              88.426,
              22.529
            ]
          ]
        ]
      }
    },
    {
      "type": "Feature",
      "properties": {
        "name": "Cell R07 C15",
        "code": "kolk_007_015",
        "city": "Kolkata"
      },
      "geometry": {
        "type": "Polygon",
        "coordinates": [
          [
            [
              88.435,
              22.529
            ],
            [
              88.444,
              22.529
            ],
            [
              88.444,
              22.536
            ],
            [
              88.435,
              22.536
            ],
            [
              88.435,
              22.529
            ]
          ]
        ]
      }
    },
    {
      "type": "Feature",
      "properties": {
        "name": "Cell R07 C16",
        "code": "kolk_007_016",
        "city": "Kolkata"
      },
      "geometry": {
        "type": "Polygon",
        "coordinates": [
          [
            [
              88.444,
              22.529
            ],
            [
              88.453,
              22.529
            ],
            [
              88.453,
              22.536
            ],
            [
              88.444,
              22.536
            ],
            [
              88.444,
              22.529
            ]
          ]
        ]
      }
    },
    {
      "type": "Feature",
      "properties": {
        "name": "Cell R07 C17",
        "code": "kolk_007_017",
        "city": "Kolkata"
      },
      "geometry": {
        "type": "Polygon",
        "coordinates": [
          [
            [
              88.453,
              22.529
            ],
            [
              88.462,
              22.529
            ],
            [
              88.462,
              22.536
            ],
            [
              88.453,
              22.536
            ],
            [
              88.453,
              22.529
            ]
          ]
        ]
      }
    },
    {
      "type": "Feature",
      "properties": {
        "name": "Cell R07 C18",
        "code": "kolk_007_018",
        "city": "Kolkata"
      },
      "geometry": {
        "type": "Polygon",
        "coordinates": [
          [
            [
              88.462,
              22.529
            ],
            [
              88.471,
              22.529
            ],
            [
              88.471,
              22.536
            ],
            [
              88.462,
              22.536
            ],
            [
              88.462,
              22.529
            ]
          ]
        ]
      }
    },
    {
      "type": "Feature",
      "properties": {
        "name": "Cell R07 C19",
        "code": "kolk_007_019",
        "city": "Kolkata"
      },
      "geometry": {
        "type": "Polygon",
        "coordinates": [
          [
            [
              88.471,
              22.529
            ],
            [
              88.48,
              22.529
            ],
            [
              88.48,
              22.536
            ],
            [
              88.471,
              22.536
            ],
            [
              88.471,
              22.529
            ]
          ]
        ]
      }
    },
    {
      "type": "Feature",
      "properties": {
        "name": "Cell R08 C00",
        "code": "kolk_008_000",
        "city": "Kolkata"
      },
      "geometry": {
        "type": "Polygon",
        "coordinates": [
          [
            [
              88.3,
              22.536
            ],
            [
              88.309,
              22.536
            ],
            [
              88.309,
              22.543000000000003
            ],
            [
              88.3,
              22.543000000000003
            ],
            [
              88.3,
              22.536
            ]
          ]
        ]
      }
    },
    {
      "type": "Feature",
      "properties": {
        "name": "Cell R08 C01",
        "code": "kolk_008_001",
        "city": "Kolkata"
      },
      "geometry": {
        "type": "Polygon",
        "coordinates": [
          [
            [
              88.309,
              22.536
            ],
            [
              88.318,
              22.536
            ],
            [
              88.318,
              22.543000000000003
            ],
            [
              88.309,
              22.543000000000003
            ],
            [
              88.309,
              22.536
            ]
          ]
        ]
      }
    },
    {
      "type": "Feature",
      "properties": {
        "name": "Cell R08 C02",
        "code": "kolk_008_002",
        "city": "Kolkata"
      },
      "geometry": {
        "type": "Polygon",
        "coordinates": [
          [
            [
              88.318,
              22.536
            ],
            [
              88.327,
              22.536
            ],
            [
              88.327,
              22.543000000000003
            ],
            [
              88.318,
              22.543000000000003
            ],
            [
              88.318,
              22.536
            ]
          ]
        ]
      }
    },
    {
      "type": "Feature",
      "properties": {
        "name": "Cell R08 C03",
        "code": "kolk_008_003",
        "city": "Kolkata"
      },
      "geometry": {
        "type": "Polygon",
        "coordinates": [
          [
            [
              88.327,
              22.536
            ],
            [
              88.336,
              22.536
            ],
            [
              88.336,
              22.543000000000003
            ],
            [
              88.327,
              22.543000000000003
            ],
            [
              88.327,
              22.536
            ]
          ]
        ]
      }
    },
    {
      "type": "Feature",
      "properties": {
        "name": "Cell R08 C04",
        "code": "kolk_008_004",
        "city": "Kolkata"
      },
      "geometry": {
        "type": "Polygon",
        "coordinates": [
          [
            [
              88.336,
              22.536
            ],
            [
              88.345,
              22.536
            ],
            [
              88.345,
              22.543000000000003
            ],
            [
              88.336,
              22.543000000000003
            ],
            [
              88.336,
              22.536
            ]
          ]
        ]
      }
    },
    {
      "type": "Feature",
      "properties": {
        "name": "Cell R08 C05",
        "code": "kolk_008_005",
        "city": "Kolkata"
      },
      "geometry": {
        "type": "Polygon",
        "coordinates": [
          [
            [
              88.345,
              22.536
            ],
            [
              88.354,
              22.536
            ],
            [
              88.354,
              22.543000000000003
            ],
            [
              88.345,
              22.543000000000003
            ],
            [
              88.345,
              22.536
            ]
          ]
        ]
      }
    },
    {
      "type": "Feature",
      "properties": {
        "name": "Cell R08 C06",
        "code": "kolk_008_006",
        "city": "Kolkata"
      },
      "geometry": {
        "type": "Polygon",
        "coordinates": [
          [
            [
              88.354,
              22.536
            ],
            [
              88.363,
              22.536
            ],
            [
              88.363,
              22.543000000000003
            ],
            [
              88.354,
              22.543000000000003
            ],
            [
              88.354,
              22.536
            ]
          ]
        ]
      }
    },
    {
      "type": "Feature",
      "properties": {
        "name": "Cell R08 C07",
        "code": "kolk_008_007",
        "city": "Kolkata"
      },
      "geometry": {
        "type": "Polygon",
        "coordinates": [
          [
            [
              88.363,
              22.536
            ],
            [
              88.372,
              22.536
            ],
            [
              88.372,
              22.543000000000003
            ],
            [
              88.363,
              22.543000000000003
            ],
            [
              88.363,
              22.536
            ]
          ]
        ]
      }
    },
    {
      "type": "Feature",
      "properties": {
        "name": "Cell R08 C08",
        "code": "kolk_008_008",
        "city": "Kolkata"
      },
      "geometry": {
        "type": "Polygon",
        "coordinates": [
          [
            [
              88.372,
              22.536
            ],
            [
              88.381,
              22.536
            ],
            [
              88.381,
              22.543000000000003
            ],
            [
              88.372,
              22.543000000000003
            ],
            [
              88.372,
              22.536
            ]
          ]
        ]
      }
    },
    {
      "type": "Feature",
      "properties": {
        "name": "Cell R08 C09",
        "code": "kolk_008_009",
        "city": "Kolkata"
      },
      "geometry": {
        "type": "Polygon",
        "coordinates": [
          [
            [
              88.381,
              22.536
            ],
            [
              88.39,
              22.536
            ],
            [
              88.39,
              22.543000000000003
            ],
            [
              88.381,
              22.543000000000003
            ],
            [
              88.381,
              22.536
            ]
          ]
        ]
      }
    },
    {
      "type": "Feature",
      "properties": {
        "name": "Cell R08 C10",
        "code": "kolk_008_010",
        "city": "Kolkata"
      },
      "geometry": {
        "type": "Polygon",
        "coordinates": [
          [
            [
              88.39,
              22.536
            ],
            [
              88.399,
              22.536
            ],
            [
              88.399,
              22.543000000000003
            ],
            [
              88.39,
              22.543000000000003
            ],
            [
              88.39,
              22.536
            ]
          ]
        ]
      }
    },
    {
      "type": "Feature",
      "properties": {
        "name": "Cell R08 C11",
        "code": "kolk_008_011",
        "city": "Kolkata"
      },
      "geometry": {
        "type": "Polygon",
        "coordinates": [
          [
            [
              88.399,
              22.536
            ],
            [
              88.408,
              22.536
            ],
            [
              88.408,
              22.543000000000003
            ],
            [
              88.399,
              22.543000000000003
            ],
            [
              88.399,
              22.536
            ]
          ]
        ]
      }
    },
    {
      "type": "Feature",
      "properties": {
        "name": "Cell R08 C12",
        "code": "kolk_008_012",
        "city": "Kolkata"
      },
      "geometry": {
        "type": "Polygon",
        "coordinates": [
          [
            [
              88.408,
              22.536
            ],
            [
              88.417,
              22.536
            ],
            [
              88.417,
              22.543000000000003
            ],
            [
              88.408,
              22.543000000000003
            ],
            [
              88.408,
              22.536
            ]
          ]
        ]
      }
    },
    {
      "type": "Feature",
      "properties": {
        "name": "Cell R08 C13",
        "code": "kolk_008_013",
        "city": "Kolkata"
      },
      "geometry": {
        "type": "Polygon",
        "coordinates": [
          [
            [
              88.417,
              22.536
            ],
            [
              88.426,
              22.536
            ],
            [
              88.426,
              22.543000000000003
            ],
            [
              88.417,
              22.543000000000003
            ],
            [
              88.417,
              22.536
            ]
          ]
        ]
      }
    },
    {
      "type": "Feature",
      "properties": {
        "name": "Cell R08 C14",
        "code": "kolk_008_014",
        "city": "Kolkata"
      },
      "geometry": {
        "type": "Polygon",
        "coordinates": [
          [
            [
              88.426,
              22.536
            ],
            [
              88.435,
              22.536
            ],
            [
              88.435,
              22.543000000000003
            ],
            [
              88.426,
              22.543000000000003
            ],
            [
              88.426,
              22.536
            ]
          ]
        ]
      }
    },
    {
      "type": "Feature",
      "properties": {
        "name": "Cell R08 C15",
        "code": "kolk_008_015",
        "city": "Kolkata"
      },
      "geometry": {
        "type": "Polygon",
        "coordinates": [
          [
            [
              88.435,
              22.536
            ],
            [
              88.444,
              22.536
            ],
            [
              88.444,
              22.543000000000003
            ],
            [
              88.435,
              22.543000000000003
            ],
            [
              88.435,
              22.536
            ]
          ]
        ]
      }
    },
    {
      "type": "Feature",
      "properties": {
        "name": "Cell R08 C16",
        "code": "kolk_008_016",
        "city": "Kolkata"
      },
      "geometry": {
        "type": "Polygon",
        "coordinates": [
          [
            [
              88.444,
              22.536
            ],
            [
              88.453,
              22.536
            ],
            [
              88.453,
              22.543000000000003
            ],
            [
              88.444,
              22.543000000000003
            ],
            [
              88.444,
              22.536
            ]
          ]
        ]
      }
    },
    {
      "type": "Feature",
      "properties": {
        "name": "Cell R08 C17",
        "code": "kolk_008_017",
        "city": "Kolkata"
      },
      "geometry": {
        "type": "Polygon",
        "coordinates": [
          [
            [
              88.453,
              22.536
            ],
            [
              88.462,
              22.536
            ],
            [
              88.462,
              22.543000000000003
            ],
            [
              88.453,
              22.543000000000003
            ],
            [
              88.453,
              22.536
            ]
          ]
        ]
      }
    },
    {
      "type": "Feature",
      "properties": {
        "name": "Cell R08 C18",
        "code": "kolk_008_018",
        "city": "Kolkata"
      },
      "geometry": {
        "type": "Polygon",
        "coordinates": [
          [
            [
              88.462,
              22.536
            ],
            [
              88.471,
              22.536
            ],
            [
              88.471,
              22.543000000000003
            ],
            [
              88.462,
              22.543000000000003
            ],
            [
              88.462,
              22.536
            ]
          ]
        ]
      }
    },
    {
      "type": "Feature",
      "properties": {
        "name": "Cell R08 C19",
        "code": "kolk_008_019",
        "city": "Kolkata"
      },
      "geometry": {
        "type": "Polygon",
        "coordinates": [
          [
            [
              88.471,
              22.536
            ],
            [
              88.48,
              22.536
            ],
            [
              88.48,
              22.543000000000003
            ],
            [
              88.471,
              22.543000000000003
            ],
            [
              88.471,
              22.536
            ]
          ]
        ]
      }
    },
    {
      "type": "Feature",
      "properties": {
        "name": "Cell R09 C00",
        "code": "kolk_009_000",
        "city": "Kolkata"
      },
      "geometry": {
        "type": "Polygon",
        "coordinates": [
          [
            [
              88.3,
              22.543
            ],
            [
              88.309,
              22.543
            ],
            [
              88.309,
              22.55
            ],
            [
              88.3,
              22.55
            ],
            [
              88.3,
              22.543
            ]
          ]
        ]
      }
    },
    {
      "type": "Feature",
      "properties": {
        "name": "Cell R09 C01",
        "code": "kolk_009_001",
        "city": "Kolkata"
      },
      "geometry": {
        "type": "Polygon",
        "coordinates": [
          [
            [
              88.309,
              22.543
            ],
            [
              88.318,
              22.543
            ],
            [
              88.318,
              22.55
            ],
            [
              88.309,
              22.55
            ],
            [
              88.309,
              22.543
            ]
          ]
        ]
      }
    },
    {
      "type": "Feature",
      "properties": {
        "name": "Cell R09 C02",
        "code": "kolk_009_002",
        "city": "Kolkata"
      },
      "geometry": {
        "type": "Polygon",
        "coordinates": [
          [
            [
              88.318,
              22.543
            ],
            [
              88.327,
              22.543
            ],
            [
              88.327,
              22.55
            ],
            [
              88.318,
              22.55
            ],
            [
              88.318,
              22.543
            ]
          ]
        ]
      }
    },
    {
      "type": "Feature",
      "properties": {
        "name": "Cell R09 C03",
        "code": "kolk_009_003",
        "city": "Kolkata"
      },
      "geometry": {
        "type": "Polygon",
        "coordinates": [
          [
            [
              88.327,
              22.543
            ],
            [
              88.336,
              22.543
            ],
            [
              88.336,
              22.55
            ],
            [
              88.327,
              22.55
            ],
            [
              88.327,
              22.543
            ]
          ]
        ]
      }
    },
    {
      "type": "Feature",
      "properties": {
        "name": "Cell R09 C04",
        "code": "kolk_009_004",
        "city": "Kolkata"
      },
      "geometry": {
        "type": "Polygon",
        "coordinates": [
          [
            [
              88.336,
              22.543
            ],
            [
              88.345,
              22.543
            ],
            [
              88.345,
              22.55
            ],
            [
              88.336,
              22.55
            ],
            [
              88.336,
              22.543
            ]
          ]
        ]
      }
    },
    {
      "type": "Feature",
      "properties": {
        "name": "Cell R09 C05",
        "code": "kolk_009_005",
        "city": "Kolkata"
      },
      "geometry": {
        "type": "Polygon",
        "coordinates": [
          [
            [
              88.345,
              22.543
            ],
            [
              88.354,
              22.543
            ],
            [
              88.354,
              22.55
            ],
            [
              88.345,
              22.55
            ],
            [
              88.345,
              22.543
            ]
          ]
        ]
      }
    },
    {
      "type": "Feature",
      "properties": {
        "name": "Cell R09 C06",
        "code": "kolk_009_006",
        "city": "Kolkata"
      },
      "geometry": {
        "type": "Polygon",
        "coordinates": [
          [
            [
              88.354,
              22.543
            ],
            [
              88.363,
              22.543
            ],
            [
              88.363,
              22.55
            ],
            [
              88.354,
              22.55
            ],
            [
              88.354,
              22.543
            ]
          ]
        ]
      }
    },
    {
      "type": "Feature",
      "properties": {
        "name": "Cell R09 C07",
        "code": "kolk_009_007",
        "city": "Kolkata"
      },
      "geometry": {
        "type": "Polygon",
        "coordinates": [
          [
            [
              88.363,
              22.543
            ],
            [
              88.372,
              22.543
            ],
            [
              88.372,
              22.55
            ],
            [
              88.363,
              22.55
            ],
            [
              88.363,
              22.543
            ]
          ]
        ]
      }
    },
    {
      "type": "Feature",
      "properties": {
        "name": "Cell R09 C08",
        "code": "kolk_009_008",
        "city": "Kolkata"
      },
      "geometry": {
        "type": "Polygon",
        "coordinates": [
          [
            [
              88.372,
              22.543
            ],
            [
              88.381,
              22.543
            ],
            [
              88.381,
              22.55
            ],
            [
              88.372,
              22.55
            ],
            [
              88.372,
              22.543
            ]
          ]
        ]
      }
    },
    {
      "type": "Feature",
      "properties": {
        "name": "Cell R09 C09",
        "code": "kolk_009_009",
        "city": "Kolkata"
      },
      "geometry": {
        "type": "Polygon",
        "coordinates": [
          [
            [
              88.381,
              22.543
            ],
            [
              88.39,
              22.543
            ],
            [
              88.39,
              22.55
            ],
            [
              88.381,
              22.55
            ],
            [
              88.381,
              22.543
            ]
          ]
        ]
      }
    },
    {
      "type": "Feature",
      "properties": {
        "name": "Cell R09 C10",
        "code": "kolk_009_010",
        "city": "Kolkata"
      },
      "geometry": {
        "type": "Polygon",
        "coordinates": [
          [
            [
              88.39,
              22.543
            ],
            [
              88.399,
              22.543
            ],
            [
              88.399,
              22.55
            ],
            [
              88.39,
              22.55
            ],
            [
              88.39,
              22.543
            ]
          ]
        ]
      }
    },
    {
      "type": "Feature",
      "properties": {
        "name": "Cell R09 C11",
        "code": "kolk_009_011",
        "city": "Kolkata"
      },
      "geometry": {
        "type": "Polygon",
        "coordinates": [
          [
            [
              88.399,
              22.543
            ],
            [
              88.408,
              22.543
            ],
            [
              88.408,
              22.55
            ],
            [
              88.399,
              22.55
            ],
            [
              88.399,
              22.543
            ]
          ]
        ]
      }
    },
    {
      "type": "Feature",
      "properties": {
        "name": "Cell R09 C12",
        "code": "kolk_009_012",
        "city": "Kolkata"
      },
      "geometry": {
        "type": "Polygon",
        "coordinates": [
          [
            [
              88.408,
              22.543
            ],
            [
              88.417,
              22.543
            ],
            [
              88.417,
              22.55
            ],
            [
              88.408,
              22.55
            ],
            [
              88.408,
              22.543
            ]
          ]
        ]
      }
    },
    {
      "type": "Feature",
      "properties": {
        "name": "Cell R09 C13",
        "code": "kolk_009_013",
        "city": "Kolkata"
      },
      "geometry": {
        "type": "Polygon",
        "coordinates": [
          [
            [
              88.417,
              22.543
            ],
            [
              88.426,
              22.543
            ],
            [
              88.426,
              22.55
            ],
            [
              88.417,
              22.55
            ],
            [
              88.417,
              22.543
            ]
          ]
        ]
      }
    },
    {
      "type": "Feature",
      "properties": {
        "name": "Cell R09 C14",
        "code": "kolk_009_014",
        "city": "Kolkata"
      },
      "geometry": {
        "type": "Polygon",
        "coordinates": [
          [
            [
              88.426,
              22.543
            ],
            [
              88.435,
              22.543
            ],
            [
              88.435,
              22.55
            ],
            [
              88.426,
              22.55
            ],
            [
              88.426,
              22.543
            ]
          ]
        ]
      }
    },
    {
      "type": "Feature",
      "properties": {
        "name": "Cell R09 C15",
        "code": "kolk_009_015",
        "city": "Kolkata"
      },
      "geometry": {
        "type": "Polygon",
        "coordinates": [
          [
            [
              88.435,
              22.543
            ],
            [
              88.444,
              22.543
            ],
            [
              88.444,
              22.55
            ],
            [
              88.435,
              22.55
            ],
            [
              88.435,
              22.543
            ]
          ]
        ]
      }
    },
    {
      "type": "Feature",
      "properties": {
        "name": "Cell R09 C16",
        "code": "kolk_009_016",
        "city": "Kolkata"
      },
      "geometry": {
        "type": "Polygon",
        "coordinates": [
          [
            [
              88.444,
              22.543
            ],
            [
              88.453,
              22.543
            ],
            [
              88.453,
              22.55
            ],
            [
              88.444,
              22.55
            ],
            [
              88.444,
              22.543
            ]
          ]
        ]
      }
    },
    {
      "type": "Feature",
      "properties": {
        "name": "Cell R09 C17",
        "code": "kolk_009_017",
        "city": "Kolkata"
      },
      "geometry": {
        "type": "Polygon",
        "coordinates": [
          [
            [
              88.453,
              22.543
            ],
            [
              88.462,
              22.543
            ],
            [
              88.462,
              22.55
            ],
            [
              88.453,
              22.55
            ],
            [
              88.453,
              22.543
            ]
          ]
        ]
      }
    },
    {
      "type": "Feature",
      "properties": {
        "name": "Cell R09 C18",
        "code": "kolk_009_018",
        "city": "Kolkata"
      },
      "geometry": {
        "type": "Polygon",
        "coordinates": [
          [
            [
              88.462,
              22.543
            ],
            [
              88.471,
              22.543
            ],
            [
              88.471,
              22.55
            ],
            [
              88.462,
              22.55
            ],
            [
              88.462,
              22.543
            ]
          ]
        ]
      }
    },
    {
      "type": "Feature",
      "properties": {
        "name": "Cell R09 C19",
        "code": "kolk_009_019",
        "city": "Kolkata"
      },
      "geometry": {
        "type": "Polygon",
        "coordinates": [
          [
            [
              88.471,
              22.543
            ],
            [
              88.48,
              22.543
            ],
            [
              88.48,
              22.55
            ],
            [
              88.471,
              22.55
            ],
            [
              88.471,
              22.543
            ]
          ]
        ]
      }
    },
    {
      "type": "Feature",
      "properties": {
        "name": "Cell R10 C00",
        "code": "kolk_010_000",
        "city": "Kolkata"
      },
      "geometry": {
        "type": "Polygon",
        "coordinates": [
          [
            [
              88.3,
              22.55
            ],
            [
              88.309,
              22.55
            ],
            [
              88.309,
              22.557000000000002
            ],
            [
              88.3,
              22.557000000000002
            ],
            [
              88.3,
              22.55
            ]
          ]
        ]
      }
    },
    {
      "type": "Feature",
      "properties": {
        "name": "Cell R10 C01",
        "code": "kolk_010_001",
        "city": "Kolkata"
      },
      "geometry": {
        "type": "Polygon",
        "coordinates": [
          [
            [
              88.309,
              22.55
            ],
            [
              88.318,
              22.55
            ],
            [
              88.318,
              22.557000000000002
            ],
            [
              88.309,
              22.557000000000002
            ],
            [
              88.309,
              22.55
            ]
          ]
        ]
      }
    },
    {
      "type": "Feature",
      "properties": {
        "name": "Cell R10 C02",
        "code": "kolk_010_002",
        "city": "Kolkata"
      },
      "geometry": {
        "type": "Polygon",
        "coordinates": [
          [
            [
              88.318,
              22.55
            ],
            [
              88.327,
              22.55
            ],
            [
              88.327,
              22.557000000000002
            ],
            [
              88.318,
              22.557000000000002
            ],
            [
              88.318,
              22.55
            ]
          ]
        ]
      }
    },
    {
      "type": "Feature",
      "properties": {
        "name": "Cell R10 C03",
        "code": "kolk_010_003",
        "city": "Kolkata"
      },
      "geometry": {
        "type": "Polygon",
        "coordinates": [
          [
            [
              88.327,
              22.55
            ],
            [
              88.336,
              22.55
            ],
            [
              88.336,
              22.557000000000002
            ],
            [
              88.327,
              22.557000000000002
            ],
            [
              88.327,
              22.55
            ]
          ]
        ]
      }
    },
    {
      "type": "Feature",
      "properties": {
        "name": "Cell R10 C04",
        "code": "kolk_010_004",
        "city": "Kolkata"
      },
      "geometry": {
        "type": "Polygon",
        "coordinates": [
          [
            [
              88.336,
              22.55
            ],
            [
              88.345,
              22.55
            ],
            [
              88.345,
              22.557000000000002
            ],
            [
              88.336,
              22.557000000000002
            ],
            [
              88.336,
              22.55
            ]
          ]
        ]
      }
    },
    {
      "type": "Feature",
      "properties": {
        "name": "Cell R10 C05",
        "code": "kolk_010_005",
        "city": "Kolkata"
      },
      "geometry": {
        "type": "Polygon",
        "coordinates": [
          [
            [
              88.345,
              22.55
            ],
            [
              88.354,
              22.55
            ],
            [
              88.354,
              22.557000000000002
            ],
            [
              88.345,
              22.557000000000002
            ],
            [
              88.345,
              22.55
            ]
          ]
        ]
      }
    },
    {
      "type": "Feature",
      "properties": {
        "name": "Cell R10 C06",
        "code": "kolk_010_006",
        "city": "Kolkata"
      },
      "geometry": {
        "type": "Polygon",
        "coordinates": [
          [
            [
              88.354,
              22.55
            ],
            [
              88.363,
              22.55
            ],
            [
              88.363,
              22.557000000000002
            ],
            [
              88.354,
              22.557000000000002
            ],
            [
              88.354,
              22.55
            ]
          ]
        ]
      }
    },
    {
      "type": "Feature",
      "properties": {
        "name": "Cell R10 C07",
        "code": "kolk_010_007",
        "city": "Kolkata"
      },
      "geometry": {
        "type": "Polygon",
        "coordinates": [
          [
            [
              88.363,
              22.55
            ],
            [
              88.372,
              22.55
            ],
            [
              88.372,
              22.557000000000002
            ],
            [
              88.363,
              22.557000000000002
            ],
            [
              88.363,
              22.55
            ]
          ]
        ]
      }
    },
    {
      "type": "Feature",
      "properties": {
        "name": "Cell R10 C08",
        "code": "kolk_010_008",
        "city": "Kolkata"
      },
      "geometry": {
        "type": "Polygon",
        "coordinates": [
          [
            [
              88.372,
              22.55
            ],
            [
              88.381,
              22.55
            ],
            [
              88.381,
              22.557000000000002
            ],
            [
              88.372,
              22.557000000000002
            ],
            [
              88.372,
              22.55
            ]
          ]
        ]
      }
    },
    {
      "type": "Feature",
      "properties": {
        "name": "Cell R10 C09",
        "code": "kolk_010_009",
        "city": "Kolkata"
      },
      "geometry": {
        "type": "Polygon",
        "coordinates": [
          [
            [
              88.381,
              22.55
            ],
            [
              88.39,
              22.55
            ],
            [
              88.39,
              22.557000000000002
            ],
            [
              88.381,
              22.557000000000002
            ],
            [
              88.381,
              22.55
            ]
          ]
        ]
      }
    },
    {
      "type": "Feature",
      "properties": {
        "name": "Cell R10 C10",
        "code": "kolk_010_010",
        "city": "Kolkata"
      },
      "geometry": {
        "type": "Polygon",
        "coordinates": [
          [
            [
              88.39,
              22.55
            ],
            [
              88.399,
              22.55
            ],
            [
              88.399,
              22.557000000000002
            ],
            [
              88.39,
              22.557000000000002
            ],
            [
              88.39,
              22.55
            ]
          ]
        ]
      }
    },
    {
      "type": "Feature",
      "properties": {
        "name": "Cell R10 C11",
        "code": "kolk_010_011",
        "city": "Kolkata"
      },
      "geometry": {
        "type": "Polygon",
        "coordinates": [
          [
            [
              88.399,
              22.55
            ],
            [
              88.408,
              22.55
            ],
            [
              88.408,
              22.557000000000002
            ],
            [
              88.399,
              22.557000000000002
            ],
            [
              88.399,
              22.55
            ]
          ]
        ]
      }
    },
    {
      "type": "Feature",
      "properties": {
        "name": "Cell R10 C12",
        "code": "kolk_010_012",
        "city": "Kolkata"
      },
      "geometry": {
        "type": "Polygon",
        "coordinates": [
          [
            [
              88.408,
              22.55
            ],
            [
              88.417,
              22.55
            ],
            [
              88.417,
              22.557000000000002
            ],
            [
              88.408,
              22.557000000000002
            ],
            [
              88.408,
              22.55
            ]
          ]
        ]
      }
    },
    {
      "type": "Feature",
      "properties": {
        "name": "Cell R10 C13",
        "code": "kolk_010_013",
        "city": "Kolkata"
      },
      "geometry": {
        "type": "Polygon",
        "coordinates": [
          [
            [
              88.417,
              22.55
            ],
            [
              88.426,
              22.55
            ],
            [
              88.426,
              22.557000000000002
            ],
            [
              88.417,
              22.557000000000002
            ],
            [
              88.417,
              22.55
            ]
          ]
        ]
      }
    },
    {
      "type": "Feature",
      "properties": {
        "name": "Cell R10 C14",
        "code": "kolk_010_014",
        "city": "Kolkata"
      },
      "geometry": {
        "type": "Polygon",
        "coordinates": [
          [
            [
              88.426,
              22.55
            ],
            [
              88.435,
              22.55
            ],
            [
              88.435,
              22.557000000000002
            ],
            [
              88.426,
              22.557000000000002
            ],
            [
              88.426,
              22.55
            ]
          ]
        ]
      }
    },
    {
      "type": "Feature",
      "properties": {
        "name": "Cell R10 C15",
        "code": "kolk_010_015",
        "city": "Kolkata"
      },
      "geometry": {
        "type": "Polygon",
        "coordinates": [
          [
            [
              88.435,
              22.55
            ],
            [
              88.444,
              22.55
            ],
            [
              88.444,
              22.557000000000002
            ],
            [
              88.435,
              22.557000000000002
            ],
            [
              88.435,
              22.55
            ]
          ]
        ]
      }
    },
    {
      "type": "Feature",
      "properties": {
        "name": "Cell R10 C16",
        "code": "kolk_010_016",
        "city": "Kolkata"
      },
      "geometry": {
        "type": "Polygon",
        "coordinates": [
          [
            [
              88.444,
              22.55
            ],
            [
              88.453,
              22.55
            ],
            [
              88.453,
              22.557000000000002
            ],
            [
              88.444,
              22.557000000000002
            ],
            [
              88.444,
              22.55
            ]
          ]
        ]
      }
    },
    {
      "type": "Feature",
      "properties": {
        "name": "Cell R10 C17",
        "code": "kolk_010_017",
        "city": "Kolkata"
      },
      "geometry": {
        "type": "Polygon",
        "coordinates": [
          [
            [
              88.453,
              22.55
            ],
            [
              88.462,
              22.55
            ],
            [
              88.462,
              22.557000000000002
            ],
            [
              88.453,
              22.557000000000002
            ],
            [
              88.453,
              22.55
            ]
          ]
        ]
      }
    },
    {
      "type": "Feature",
      "properties": {
        "name": "Cell R10 C18",
        "code": "kolk_010_018",
        "city": "Kolkata"
      },
      "geometry": {
        "type": "Polygon",
        "coordinates": [
          [
            [
              88.462,
              22.55
            ],
            [
              88.471,
              22.55
            ],
            [
              88.471,
              22.557000000000002
            ],
            [
              88.462,
              22.557000000000002
            ],
            [
              88.462,
              22.55
            ]
          ]
        ]
      }
    },
    {
      "type": "Feature",
      "properties": {
        "name": "Cell R10 C19",
        "code": "kolk_010_019",
        "city": "Kolkata"
      },
      "geometry": {
        "type": "Polygon",
        "coordinates": [
          [
            [
              88.471,
              22.55
            ],
            [
              88.48,
              22.55
            ],
            [
              88.48,
              22.557000000000002
            ],
            [
              88.471,
              22.557000000000002
            ],
            [
              88.471,
              22.55
            ]
          ]
        ]
      }
    },
    {
      "type": "Feature",
      "properties": {
        "name": "Cell R11 C00",
        "code": "kolk_011_000",
        "city": "Kolkata"
      },
      "geometry": {
        "type": "Polygon",
        "coordinates": [
          [
            [
              88.3,
              22.557000000000002
            ],
            [
              88.309,
              22.557000000000002
            ],
            [
              88.309,
              22.564000000000004
            ],
            [
              88.3,
              22.564000000000004
            ],
            [
              88.3,
              22.557000000000002
            ]
          ]
        ]
      }
    },
    {
      "type": "Feature",
      "properties": {
        "name": "Cell R11 C01",
        "code": "kolk_011_001",
        "city": "Kolkata"
      },
      "geometry": {
        "type": "Polygon",
        "coordinates": [
          [
            [
              88.309,
              22.557000000000002
            ],
            [
              88.318,
              22.557000000000002
            ],
            [
              88.318,
              22.564000000000004
            ],
            [
              88.309,
              22.564000000000004
            ],
            [
              88.309,
              22.557000000000002
            ]
          ]
        ]
      }
    },
    {
      "type": "Feature",
      "properties": {
        "name": "Cell R11 C02",
        "code": "kolk_011_002",
        "city": "Kolkata"
      },
      "geometry": {
        "type": "Polygon",
        "coordinates": [
          [
            [
              88.318,
              22.557000000000002
            ],
            [
              88.327,
              22.557000000000002
            ],
            [
              88.327,
              22.564000000000004
            ],
            [
              88.318,
              22.564000000000004
            ],
            [
              88.318,
              22.557000000000002
            ]
          ]
        ]
      }
    },
    {
      "type": "Feature",
      "properties": {
        "name": "Cell R11 C03",
        "code": "kolk_011_003",
        "city": "Kolkata"
      },
      "geometry": {
        "type": "Polygon",
        "coordinates": [
          [
            [
              88.327,
              22.557000000000002
            ],
            [
              88.336,
              22.557000000000002
            ],
            [
              88.336,
              22.564000000000004
            ],
            [
              88.327,
              22.564000000000004
            ],
            [
              88.327,
              22.557000000000002
            ]
          ]
        ]
      }
    },
    {
      "type": "Feature",
      "properties": {
        "name": "Cell R11 C04",
        "code": "kolk_011_004",
        "city": "Kolkata"
      },
      "geometry": {
        "type": "Polygon",
        "coordinates": [
          [
            [
              88.336,
              22.557000000000002
            ],
            [
              88.345,
              22.557000000000002
            ],
            [
              88.345,
              22.564000000000004
            ],
            [
              88.336,
              22.564000000000004
            ],
            [
              88.336,
              22.557000000000002
            ]
          ]
        ]
      }
    },
    {
      "type": "Feature",
      "properties": {
        "name": "Cell R11 C05",
        "code": "kolk_011_005",
        "city": "Kolkata"
      },
      "geometry": {
        "type": "Polygon",
        "coordinates": [
          [
            [
              88.345,
              22.557000000000002
            ],
            [
              88.354,
              22.557000000000002
            ],
            [
              88.354,
              22.564000000000004
            ],
            [
              88.345,
              22.564000000000004
            ],
            [
              88.345,
              22.557000000000002
            ]
          ]
        ]
      }
    },
    {
      "type": "Feature",
      "properties": {
        "name": "Cell R11 C06",
        "code": "kolk_011_006",
        "city": "Kolkata"
      },
      "geometry": {
        "type": "Polygon",
        "coordinates": [
          [
            [
              88.354,
              22.557000000000002
            ],
            [
              88.363,
              22.557000000000002
            ],
            [
              88.363,
              22.564000000000004
            ],
            [
              88.354,
              22.564000000000004
            ],
            [
              88.354,
              22.557000000000002
            ]
          ]
        ]
      }
    },
    {
      "type": "Feature",
      "properties": {
        "name": "Cell R11 C07",
        "code": "kolk_011_007",
        "city": "Kolkata"
      },
      "geometry": {
        "type": "Polygon",
        "coordinates": [
          [
            [
              88.363,
              22.557000000000002
            ],
            [
              88.372,
              22.557000000000002
            ],
            [
              88.372,
              22.564000000000004
            ],
            [
              88.363,
              22.564000000000004
            ],
            [
              88.363,
              22.557000000000002
            ]
          ]
        ]
      }
    },
    {
      "type": "Feature",
      "properties": {
        "name": "Cell R11 C08",
        "code": "kolk_011_008",
        "city": "Kolkata"
      },
      "geometry": {
        "type": "Polygon",
        "coordinates": [
          [
            [
              88.372,
              22.557000000000002
            ],
            [
              88.381,
              22.557000000000002
            ],
            [
              88.381,
              22.564000000000004
            ],
            [
              88.372,
              22.564000000000004
            ],
            [
              88.372,
              22.557000000000002
            ]
          ]
        ]
      }
    },
    {
      "type": "Feature",
      "properties": {
        "name": "Cell R11 C09",
        "code": "kolk_011_009",
        "city": "Kolkata"
      },
      "geometry": {
        "type": "Polygon",
        "coordinates": [
          [
            [
              88.381,
              22.557000000000002
            ],
            [
              88.39,
              22.557000000000002
            ],
            [
              88.39,
              22.564000000000004
            ],
            [
              88.381,
              22.564000000000004
            ],
            [
              88.381,
              22.557000000000002
            ]
          ]
        ]
      }
    },
    {
      "type": "Feature",
      "properties": {
        "name": "Cell R11 C10",
        "code": "kolk_011_010",
        "city": "Kolkata"
      },
      "geometry": {
        "type": "Polygon",
        "coordinates": [
          [
            [
              88.39,
              22.557000000000002
            ],
            [
              88.399,
              22.557000000000002
            ],
            [
              88.399,
              22.564000000000004
            ],
            [
              88.39,
              22.564000000000004
            ],
            [
              88.39,
              22.557000000000002
            ]
          ]
        ]
      }
    },
    {
      "type": "Feature",
      "properties": {
        "name": "Cell R11 C11",
        "code": "kolk_011_011",
        "city": "Kolkata"
      },
      "geometry": {
        "type": "Polygon",
        "coordinates": [
          [
            [
              88.399,
              22.557000000000002
            ],
            [
              88.408,
              22.557000000000002
            ],
            [
              88.408,
              22.564000000000004
            ],
            [
              88.399,
              22.564000000000004
            ],
            [
              88.399,
              22.557000000000002
            ]
          ]
        ]
      }
    },
    {
      "type": "Feature",
      "properties": {
        "name": "Cell R11 C12",
        "code": "kolk_011_012",
        "city": "Kolkata"
      },
      "geometry": {
        "type": "Polygon",
        "coordinates": [
          [
            [
              88.408,
              22.557000000000002
            ],
            [
              88.417,
              22.557000000000002
            ],
            [
              88.417,
              22.564000000000004
            ],
            [
              88.408,
              22.564000000000004
            ],
            [
              88.408,
              22.557000000000002
            ]
          ]
        ]
      }
    },
    {
      "type": "Feature",
      "properties": {
        "name": "Cell R11 C13",
        "code": "kolk_011_013",
        "city": "Kolkata"
      },
      "geometry": {
        "type": "Polygon",
        "coordinates": [
          [
            [
              88.417,
              22.557000000000002
            ],
            [
              88.426,
              22.557000000000002
            ],
            [
              88.426,
              22.564000000000004
            ],
            [
              88.417,
              22.564000000000004
            ],
            [
              88.417,
              22.557000000000002
            ]
          ]
        ]
      }
    },
    {
      "type": "Feature",
      "properties": {
        "name": "Cell R11 C14",
        "code": "kolk_011_014",
        "city": "Kolkata"
      },
      "geometry": {
        "type": "Polygon",
        "coordinates": [
          [
            [
              88.426,
              22.557000000000002
            ],
            [
              88.435,
              22.557000000000002
            ],
            [
              88.435,
              22.564000000000004
            ],
            [
              88.426,
              22.564000000000004
            ],
            [
              88.426,
              22.557000000000002
            ]
          ]
        ]
      }
    },
    {
      "type": "Feature",
      "properties": {
        "name": "Cell R11 C15",
        "code": "kolk_011_015",
        "city": "Kolkata"
      },
      "geometry": {
        "type": "Polygon",
        "coordinates": [
          [
            [
              88.435,
              22.557000000000002
            ],
            [
              88.444,
              22.557000000000002
            ],
            [
              88.444,
              22.564000000000004
            ],
            [
              88.435,
              22.564000000000004
            ],
            [
              88.435,
              22.557000000000002
            ]
          ]
        ]
      }
    },
    {
      "type": "Feature",
      "properties": {
        "name": "Cell R11 C16",
        "code": "kolk_011_016",
        "city": "Kolkata"
      },
      "geometry": {
        "type": "Polygon",
        "coordinates": [
          [
            [
              88.444,
              22.557000000000002
            ],
            [
              88.453,
              22.557000000000002
            ],
            [
              88.453,
              22.564000000000004
            ],
            [
              88.444,
              22.564000000000004
            ],
            [
              88.444,
              22.557000000000002
            ]
          ]
        ]
      }
    },
    {
      "type": "Feature",
      "properties": {
        "name": "Cell R11 C17",
        "code": "kolk_011_017",
        "city": "Kolkata"
      },
      "geometry": {
        "type": "Polygon",
        "coordinates": [
          [
            [
              88.453,
              22.557000000000002
            ],
            [
              88.462,
              22.557000000000002
            ],
            [
              88.462,
              22.564000000000004
            ],
            [
              88.453,
              22.564000000000004
            ],
            [
              88.453,
              22.557000000000002
            ]
          ]
        ]
      }
    },
    {
      "type": "Feature",
      "properties": {
        "name": "Cell R11 C18",
        "code": "kolk_011_018",
        "city": "Kolkata"
      },
      "geometry": {
        "type": "Polygon",
        "coordinates": [
          [
            [
              88.462,
              22.557000000000002
            ],
            [
              88.471,
              22.557000000000002
            ],
            [
              88.471,
              22.564000000000004
            ],
            [
              88.462,
              22.564000000000004
            ],
            [
              88.462,
              22.557000000000002
            ]
          ]
        ]
      }
    },
    {
      "type": "Feature",
      "properties": {
        "name": "Cell R11 C19",
        "code": "kolk_011_019",
        "city": "Kolkata"
      },
      "geometry": {
        "type": "Polygon",
        "coordinates": [
          [
            [
              88.471,
              22.557000000000002
            ],
            [
              88.48,
              22.557000000000002
            ],
            [
              88.48,
              22.564000000000004
            ],
            [
              88.471,
              22.564000000000004
            ],
            [
              88.471,
              22.557000000000002
            ]
          ]
        ]
      }
    },
    {
      "type": "Feature",
      "properties": {
        "name": "Cell R12 C00",
        "code": "kolk_012_000",
        "city": "Kolkata"
      },
      "geometry": {
        "type": "Polygon",
        "coordinates": [
          [
            [
              88.3,
              22.564
            ],
            [
              88.309,
              22.564
            ],
            [
              88.309,
              22.571
            ],
            [
              88.3,
              22.571
            ],
            [
              88.3,
              22.564
            ]
          ]
        ]
      }
    },
    {
      "type": "Feature",
      "properties": {
        "name": "Cell R12 C01",
        "code": "kolk_012_001",
        "city": "Kolkata"
      },
      "geometry": {
        "type": "Polygon",
        "coordinates": [
          [
            [
              88.309,
              22.564
            ],
            [
              88.318,
              22.564
            ],
            [
              88.318,
              22.571
            ],
            [
              88.309,
              22.571
            ],
            [
              88.309,
              22.564
            ]
          ]
        ]
      }
    },
    {
      "type": "Feature",
      "properties": {
        "name": "Cell R12 C02",
        "code": "kolk_012_002",
        "city": "Kolkata"
      },
      "geometry": {
        "type": "Polygon",
        "coordinates": [
          [
            [
              88.318,
              22.564
            ],
            [
              88.327,
              22.564
            ],
            [
              88.327,
              22.571
            ],
            [
              88.318,
              22.571
            ],
            [
              88.318,
              22.564
            ]
          ]
        ]
      }
    },
    {
      "type": "Feature",
      "properties": {
        "name": "Cell R12 C03",
        "code": "kolk_012_003",
        "city": "Kolkata"
      },
      "geometry": {
        "type": "Polygon",
        "coordinates": [
          [
            [
              88.327,
              22.564
            ],
            [
              88.336,
              22.564
            ],
            [
              88.336,
              22.571
            ],
            [
              88.327,
              22.571
            ],
            [
              88.327,
              22.564
            ]
          ]
        ]
      }
    },
    {
      "type": "Feature",
      "properties": {
        "name": "Cell R12 C04",
        "code": "kolk_012_004",
        "city": "Kolkata"
      },
      "geometry": {
        "type": "Polygon",
        "coordinates": [
          [
            [
              88.336,
              22.564
            ],
            [
              88.345,
              22.564
            ],
            [
              88.345,
              22.571
            ],
            [
              88.336,
              22.571
            ],
            [
              88.336,
              22.564
            ]
          ]
        ]
      }
    },
    {
      "type": "Feature",
      "properties": {
        "name": "Cell R12 C05",
        "code": "kolk_012_005",
        "city": "Kolkata"
      },
      "geometry": {
        "type": "Polygon",
        "coordinates": [
          [
            [
              88.345,
              22.564
            ],
            [
              88.354,
              22.564
            ],
            [
              88.354,
              22.571
            ],
            [
              88.345,
              22.571
            ],
            [
              88.345,
              22.564
            ]
          ]
        ]
      }
    },
    {
      "type": "Feature",
      "properties": {
        "name": "Cell R12 C06",
        "code": "kolk_012_006",
        "city": "Kolkata"
      },
      "geometry": {
        "type": "Polygon",
        "coordinates": [
          [
            [
              88.354,
              22.564
            ],
            [
              88.363,
              22.564
            ],
            [
              88.363,
              22.571
            ],
            [
              88.354,
              22.571
            ],
            [
              88.354,
              22.564
            ]
          ]
        ]
      }
    },
    {
      "type": "Feature",
      "properties": {
        "name": "Cell R12 C07",
        "code": "kolk_012_007",
        "city": "Kolkata"
      },
      "geometry": {
        "type": "Polygon",
        "coordinates": [
          [
            [
              88.363,
              22.564
            ],
            [
              88.372,
              22.564
            ],
            [
              88.372,
              22.571
            ],
            [
              88.363,
              22.571
            ],
            [
              88.363,
              22.564
            ]
          ]
        ]
      }
    },
    {
      "type": "Feature",
      "properties": {
        "name": "Cell R12 C08",
        "code": "kolk_012_008",
        "city": "Kolkata"
      },
      "geometry": {
        "type": "Polygon",
        "coordinates": [
          [
            [
              88.372,
              22.564
            ],
            [
              88.381,
              22.564
            ],
            [
              88.381,
              22.571
            ],
            [
              88.372,
              22.571
            ],
            [
              88.372,
              22.564
            ]
          ]
        ]
      }
    },
    {
      "type": "Feature",
      "properties": {
        "name": "Cell R12 C09",
        "code": "kolk_012_009",
        "city": "Kolkata"
      },
      "geometry": {
        "type": "Polygon",
        "coordinates": [
          [
            [
              88.381,
              22.564
            ],
            [
              88.39,
              22.564
            ],
            [
              88.39,
              22.571
            ],
            [
              88.381,
              22.571
            ],
            [
              88.381,
              22.564
            ]
          ]
        ]
      }
    },
    {
      "type": "Feature",
      "properties": {
        "name": "Cell R12 C10",
        "code": "kolk_012_010",
        "city": "Kolkata"
      },
      "geometry": {
        "type": "Polygon",
        "coordinates": [
          [
            [
              88.39,
              22.564
            ],
            [
              88.399,
              22.564
            ],
            [
              88.399,
              22.571
            ],
            [
              88.39,
              22.571
            ],
            [
              88.39,
              22.564
            ]
          ]
        ]
      }
    },
    {
      "type": "Feature",
      "properties": {
        "name": "Cell R12 C11",
        "code": "kolk_012_011",
        "city": "Kolkata"
      },
      "geometry": {
        "type": "Polygon",
        "coordinates": [
          [
            [
              88.399,
              22.564
            ],
            [
              88.408,
              22.564
            ],
            [
              88.408,
              22.571
            ],
            [
              88.399,
              22.571
            ],
            [
              88.399,
              22.564
            ]
          ]
        ]
      }
    },
    {
      "type": "Feature",
      "properties": {
        "name": "Cell R12 C12",
        "code": "kolk_012_012",
        "city": "Kolkata"
      },
      "geometry": {
        "type": "Polygon",
        "coordinates": [
          [
            [
              88.408,
              22.564
            ],
            [
              88.417,
              22.564
            ],
            [
              88.417,
              22.571
            ],
            [
              88.408,
              22.571
            ],
            [
              88.408,
              22.564
            ]
          ]
        ]
      }
    },
    {
      "type": "Feature",
      "properties": {
        "name": "Cell R12 C13",
        "code": "kolk_012_013",
        "city": "Kolkata"
      },
      "geometry": {
        "type": "Polygon",
        "coordinates": [
          [
            [
              88.417,
              22.564
            ],
            [
              88.426,
              22.564
            ],
            [
              88.426,
              22.571
            ],
            [
              88.417,
              22.571
            ],
            [
              88.417,
              22.564
            ]
          ]
        ]
      }
    },
    {
      "type": "Feature",
      "properties": {
        "name": "Cell R12 C14",
        "code": "kolk_012_014",
        "city": "Kolkata"
      },
      "geometry": {
        "type": "Polygon",
        "coordinates": [
          [
            [
              88.426,
              22.564
            ],
            [
              88.435,
              22.564
            ],
            [
              88.435,
              22.571
            ],
            [
              88.426,
              22.571
            ],
            [
              88.426,
              22.564
            ]
          ]
        ]
      }
    },
    {
      "type": "Feature",
      "properties": {
        "name": "Cell R12 C15",
        "code": "kolk_012_015",
        "city": "Kolkata"
      },
      "geometry": {
        "type": "Polygon",
        "coordinates": [
          [
            [
              88.435,
              22.564
            ],
            [
              88.444,
              22.564
            ],
            [
              88.444,
              22.571
            ],
            [
              88.435,
              22.571
            ],
            [
              88.435,
              22.564
            ]
          ]
        ]
      }
    },
    {
      "type": "Feature",
      "properties": {
        "name": "Cell R12 C16",
        "code": "kolk_012_016",
        "city": "Kolkata"
      },
      "geometry": {
        "type": "Polygon",
        "coordinates": [
          [
            [
              88.444,
              22.564
            ],
            [
              88.453,
              22.564
            ],
            [
              88.453,
              22.571
            ],
            [
              88.444,
              22.571
            ],
            [
              88.444,
              22.564
            ]
          ]
        ]
      }
    },
    {
      "type": "Feature",
      "properties": {
        "name": "Cell R12 C17",
        "code": "kolk_012_017",
        "city": "Kolkata"
      },
      "geometry": {
        "type": "Polygon",
        "coordinates": [
          [
            [
              88.453,
              22.564
            ],
            [
              88.462,
              22.564
            ],
            [
              88.462,
              22.571
            ],
            [
              88.453,
              22.571
            ],
            [
              88.453,
              22.564
            ]
          ]
        ]
      }
    },
    {
      "type": "Feature",
      "properties": {
        "name": "Cell R12 C18",
        "code": "kolk_012_018",
        "city": "Kolkata"
      },
      "geometry": {
        "type": "Polygon",
        "coordinates": [
          [
            [
              88.462,
              22.564
            ],
            [
              88.471,
              22.564
            ],
            [
              88.471,
              22.571
            ],
            [
              88.462,
              22.571
            ],
            [
              88.462,
              22.564
            ]
          ]
        ]
      }
    },
    {
      "type": "Feature",
      "properties": {
        "name": "Cell R12 C19",
        "code": "kolk_012_019",
        "city": "Kolkata"
      },
      "geometry": {
        "type": "Polygon",
        "coordinates": [
          [
            [
              88.471,
              22.564
            ],
            [
              88.48,
              22.564
            ],
            [
              88.48,
              22.571
            ],
            [
              88.471,
              22.571
            ],
            [
              88.471,
              22.564
            ]
          ]
        ]
      }
    },
    {
      "type": "Feature",
      "properties": {
        "name": "Cell R13 C00",
        "code": "kolk_013_000",
        "city": "Kolkata"
      },
      "geometry": {
        "type": "Polygon",
        "coordinates": [
          [
            [
              88.3,
              22.571
            ],
            [
              88.309,
              22.571
            ],
            [
              88.309,
              22.578000000000003
            ],
            [
              88.3,
              22.578000000000003
            ],
            [
              88.3,
              22.571
            ]
          ]
        ]
      }
    },
    {
      "type": "Feature",
      "properties": {
        "name": "Cell R13 C01",
        "code": "kolk_013_001",
        "city": "Kolkata"
      },
      "geometry": {
        "type": "Polygon",
        "coordinates": [
          [
            [
              88.309,
              22.571
            ],
            [
              88.318,
              22.571
            ],
            [
              88.318,
              22.578000000000003
            ],
            [
              88.309,
              22.578000000000003
            ],
            [
              88.309,
              22.571
            ]
          ]
        ]
      }
    },
    {
      "type": "Feature",
      "properties": {
        "name": "Cell R13 C02",
        "code": "kolk_013_002",
        "city": "Kolkata"
      },
      "geometry": {
        "type": "Polygon",
        "coordinates": [
          [
            [
              88.318,
              22.571
            ],
            [
              88.327,
              22.571
            ],
            [
              88.327,
              22.578000000000003
            ],
            [
              88.318,
              22.578000000000003
            ],
            [
              88.318,
              22.571
            ]
          ]
        ]
      }
    },
    {
      "type": "Feature",
      "properties": {
        "name": "Cell R13 C03",
        "code": "kolk_013_003",
        "city": "Kolkata"
      },
      "geometry": {
        "type": "Polygon",
        "coordinates": [
          [
            [
              88.327,
              22.571
            ],
            [
              88.336,
              22.571
            ],
            [
              88.336,
              22.578000000000003
            ],
            [
              88.327,
              22.578000000000003
            ],
            [
              88.327,
              22.571
            ]
          ]
        ]
      }
    },
    {
      "type": "Feature",
      "properties": {
        "name": "Cell R13 C04",
        "code": "kolk_013_004",
        "city": "Kolkata"
      },
      "geometry": {
        "type": "Polygon",
        "coordinates": [
          [
            [
              88.336,
              22.571
            ],
            [
              88.345,
              22.571
            ],
            [
              88.345,
              22.578000000000003
            ],
            [
              88.336,
              22.578000000000003
            ],
            [
              88.336,
              22.571
            ]
          ]
        ]
      }
    },
    {
      "type": "Feature",
      "properties": {
        "name": "Cell R13 C05",
        "code": "kolk_013_005",
        "city": "Kolkata"
      },
      "geometry": {
        "type": "Polygon",
        "coordinates": [
          [
            [
              88.345,
              22.571
            ],
            [
              88.354,
              22.571
            ],
            [
              88.354,
              22.578000000000003
            ],
            [
              88.345,
              22.578000000000003
            ],
            [
              88.345,
              22.571
            ]
          ]
        ]
      }
    },
    {
      "type": "Feature",
      "properties": {
        "name": "Cell R13 C06",
        "code": "kolk_013_006",
        "city": "Kolkata"
      },
      "geometry": {
        "type": "Polygon",
        "coordinates": [
          [
            [
              88.354,
              22.571
            ],
            [
              88.363,
              22.571
            ],
            [
              88.363,
              22.578000000000003
            ],
            [
              88.354,
              22.578000000000003
            ],
            [
              88.354,
              22.571
            ]
          ]
        ]
      }
    },
    {
      "type": "Feature",
      "properties": {
        "name": "Cell R13 C07",
        "code": "kolk_013_007",
        "city": "Kolkata"
      },
      "geometry": {
        "type": "Polygon",
        "coordinates": [
          [
            [
              88.363,
              22.571
            ],
            [
              88.372,
              22.571
            ],
            [
              88.372,
              22.578000000000003
            ],
            [
              88.363,
              22.578000000000003
            ],
            [
              88.363,
              22.571
            ]
          ]
        ]
      }
    },
    {
      "type": "Feature",
      "properties": {
        "name": "Cell R13 C08",
        "code": "kolk_013_008",
        "city": "Kolkata"
      },
      "geometry": {
        "type": "Polygon",
        "coordinates": [
          [
            [
              88.372,
              22.571
            ],
            [
              88.381,
              22.571
            ],
            [
              88.381,
              22.578000000000003
            ],
            [
              88.372,
              22.578000000000003
            ],
            [
              88.372,
              22.571
            ]
          ]
        ]
      }
    },
    {
      "type": "Feature",
      "properties": {
        "name": "Cell R13 C09",
        "code": "kolk_013_009",
        "city": "Kolkata"
      },
      "geometry": {
        "type": "Polygon",
        "coordinates": [
          [
            [
              88.381,
              22.571
            ],
            [
              88.39,
              22.571
            ],
            [
              88.39,
              22.578000000000003
            ],
            [
              88.381,
              22.578000000000003
            ],
            [
              88.381,
              22.571
            ]
          ]
        ]
      }
    },
    {
      "type": "Feature",
      "properties": {
        "name": "Cell R13 C10",
        "code": "kolk_013_010",
        "city": "Kolkata"
      },
      "geometry": {
        "type": "Polygon",
        "coordinates": [
          [
            [
              88.39,
              22.571
            ],
            [
              88.399,
              22.571
            ],
            [
              88.399,
              22.578000000000003
            ],
            [
              88.39,
              22.578000000000003
            ],
            [
              88.39,
              22.571
            ]
          ]
        ]
      }
    },
    {
      "type": "Feature",
      "properties": {
        "name": "Cell R13 C11",
        "code": "kolk_013_011",
        "city": "Kolkata"
      },
      "geometry": {
        "type": "Polygon",
        "coordinates": [
          [
            [
              88.399,
              22.571
            ],
            [
              88.408,
              22.571
            ],
            [
              88.408,
              22.578000000000003
            ],
            [
              88.399,
              22.578000000000003
            ],
            [
              88.399,
              22.571
            ]
          ]
        ]
      }
    },
    {
      "type": "Feature",
      "properties": {
        "name": "Cell R13 C12",
        "code": "kolk_013_012",
        "city": "Kolkata"
      },
      "geometry": {
        "type": "Polygon",
        "coordinates": [
          [
            [
              88.408,
              22.571
            ],
            [
              88.417,
              22.571
            ],
            [
              88.417,
              22.578000000000003
            ],
            [
              88.408,
              22.578000000000003
            ],
            [
              88.408,
              22.571
            ]
          ]
        ]
      }
    },
    {
      "type": "Feature",
      "properties": {
        "name": "Cell R13 C13",
        "code": "kolk_013_013",
        "city": "Kolkata"
      },
      "geometry": {
        "type": "Polygon",
        "coordinates": [
          [
            [
              88.417,
              22.571
            ],
            [
              88.426,
              22.571
            ],
            [
              88.426,
              22.578000000000003
            ],
            [
              88.417,
              22.578000000000003
            ],
            [
              88.417,
              22.571
            ]
          ]
        ]
      }
    },
    {
      "type": "Feature",
      "properties": {
        "name": "Cell R13 C14",
        "code": "kolk_013_014",
        "city": "Kolkata"
      },
      "geometry": {
        "type": "Polygon",
        "coordinates": [
          [
            [
              88.426,
              22.571
            ],
            [
              88.435,
              22.571
            ],
            [
              88.435,
              22.578000000000003
            ],
            [
              88.426,
              22.578000000000003
            ],
            [
              88.426,
              22.571
            ]
          ]
        ]
      }
    },
    {
      "type": "Feature",
      "properties": {
        "name": "Cell R13 C15",
        "code": "kolk_013_015",
        "city": "Kolkata"
      },
      "geometry": {
        "type": "Polygon",
        "coordinates": [
          [
            [
              88.435,
              22.571
            ],
            [
              88.444,
              22.571
            ],
            [
              88.444,
              22.578000000000003
            ],
            [
              88.435,
              22.578000000000003
            ],
            [
              88.435,
              22.571
            ]
          ]
        ]
      }
    },
    {
      "type": "Feature",
      "properties": {
        "name": "Cell R13 C16",
        "code": "kolk_013_016",
        "city": "Kolkata"
      },
      "geometry": {
        "type": "Polygon",
        "coordinates": [
          [
            [
              88.444,
              22.571
            ],
            [
              88.453,
              22.571
            ],
            [
              88.453,
              22.578000000000003
            ],
            [
              88.444,
              22.578000000000003
            ],
            [
              88.444,
              22.571
            ]
          ]
        ]
      }
    },
    {
      "type": "Feature",
      "properties": {
        "name": "Cell R13 C17",
        "code": "kolk_013_017",
        "city": "Kolkata"
      },
      "geometry": {
        "type": "Polygon",
        "coordinates": [
          [
            [
              88.453,
              22.571
            ],
            [
              88.462,
              22.571
            ],
            [
              88.462,
              22.578000000000003
            ],
            [
              88.453,
              22.578000000000003
            ],
            [
              88.453,
              22.571
            ]
          ]
        ]
      }
    },
    {
      "type": "Feature",
      "properties": {
        "name": "Cell R13 C18",
        "code": "kolk_013_018",
        "city": "Kolkata"
      },
      "geometry": {
        "type": "Polygon",
        "coordinates": [
          [
            [
              88.462,
              22.571
            ],
            [
              88.471,
              22.571
            ],
            [
              88.471,
              22.578000000000003
            ],
            [
              88.462,
              22.578000000000003
            ],
            [
              88.462,
              22.571
            ]
          ]
        ]
      }
    },
    {
      "type": "Feature",
      "properties": {
        "name": "Cell R13 C19",
        "code": "kolk_013_019",
        "city": "Kolkata"
      },
      "geometry": {
        "type": "Polygon",
        "coordinates": [
          [
            [
              88.471,
              22.571
            ],
            [
              88.48,
              22.571
            ],
            [
              88.48,
              22.578000000000003
            ],
            [
              88.471,
              22.578000000000003
            ],
            [
              88.471,
              22.571
            ]
          ]
        ]
      }
    },
    {
      "type": "Feature",
      "properties": {
        "name": "Cell R14 C00",
        "code": "kolk_014_000",
        "city": "Kolkata"
      },
      "geometry": {
        "type": "Polygon",
        "coordinates": [
          [
            [
              88.3,
              22.578
            ],
            [
              88.309,
              22.578
            ],
            [
              88.309,
              22.585
            ],
            [
              88.3,
              22.585
            ],
            [
              88.3,
              22.578
            ]
          ]
        ]
      }
    },
    {
      "type": "Feature",
      "properties": {
        "name": "Cell R14 C01",
        "code": "kolk_014_001",
        "city": "Kolkata"
      },
      "geometry": {
        "type": "Polygon",
        "coordinates": [
          [
            [
              88.309,
              22.578
            ],
            [
              88.318,
              22.578
            ],
            [
              88.318,
              22.585
            ],
            [
              88.309,
              22.585
            ],
            [
              88.309,
              22.578
            ]
          ]
        ]
      }
    },
    {
      "type": "Feature",
      "properties": {
        "name": "Cell R14 C02",
        "code": "kolk_014_002",
        "city": "Kolkata"
      },
      "geometry": {
        "type": "Polygon",
        "coordinates": [
          [
            [
              88.318,
              22.578
            ],
            [
              88.327,
              22.578
            ],
            [
              88.327,
              22.585
            ],
            [
              88.318,
              22.585
            ],
            [
              88.318,
              22.578
            ]
          ]
        ]
      }
    },
    {
      "type": "Feature",
      "properties": {
        "name": "Cell R14 C03",
        "code": "kolk_014_003",
        "city": "Kolkata"
      },
      "geometry": {
        "type": "Polygon",
        "coordinates": [
          [
            [
              88.327,
              22.578
            ],
            [
              88.336,
              22.578
            ],
            [
              88.336,
              22.585
            ],
            [
              88.327,
              22.585
            ],
            [
              88.327,
              22.578
            ]
          ]
        ]
      }
    },
    {
      "type": "Feature",
      "properties": {
        "name": "Cell R14 C04",
        "code": "kolk_014_004",
        "city": "Kolkata"
      },
      "geometry": {
        "type": "Polygon",
        "coordinates": [
          [
            [
              88.336,
              22.578
            ],
            [
              88.345,
              22.578
            ],
            [
              88.345,
              22.585
            ],
            [
              88.336,
              22.585
            ],
            [
              88.336,
              22.578
            ]
          ]
        ]
      }
    },
    {
      "type": "Feature",
      "properties": {
        "name": "Cell R14 C05",
        "code": "kolk_014_005",
        "city": "Kolkata"
      },
      "geometry": {
        "type": "Polygon",
        "coordinates": [
          [
            [
              88.345,
              22.578
            ],
            [
              88.354,
              22.578
            ],
            [
              88.354,
              22.585
            ],
            [
              88.345,
              22.585
            ],
            [
              88.345,
              22.578
            ]
          ]
        ]
      }
    },
    {
      "type": "Feature",
      "properties": {
        "name": "Cell R14 C06",
        "code": "kolk_014_006",
        "city": "Kolkata"
      },
      "geometry": {
        "type": "Polygon",
        "coordinates": [
          [
            [
              88.354,
              22.578
            ],
            [
              88.363,
              22.578
            ],
            [
              88.363,
              22.585
            ],
            [
              88.354,
              22.585
            ],
            [
              88.354,
              22.578
            ]
          ]
        ]
      }
    },
    {
      "type": "Feature",
      "properties": {
        "name": "Cell R14 C07",
        "code": "kolk_014_007",
        "city": "Kolkata"
      },
      "geometry": {
        "type": "Polygon",
        "coordinates": [
          [
            [
              88.363,
              22.578
            ],
            [
              88.372,
              22.578
            ],
            [
              88.372,
              22.585
            ],
            [
              88.363,
              22.585
            ],
            [
              88.363,
              22.578
            ]
          ]
        ]
      }
    },
    {
      "type": "Feature",
      "properties": {
        "name": "Cell R14 C08",
        "code": "kolk_014_008",
        "city": "Kolkata"
      },
      "geometry": {
        "type": "Polygon",
        "coordinates": [
          [
            [
              88.372,
              22.578
            ],
            [
              88.381,
              22.578
            ],
            [
              88.381,
              22.585
            ],
            [
              88.372,
              22.585
            ],
            [
              88.372,
              22.578
            ]
          ]
        ]
      }
    },
    {
      "type": "Feature",
      "properties": {
        "name": "Cell R14 C09",
        "code": "kolk_014_009",
        "city": "Kolkata"
      },
      "geometry": {
        "type": "Polygon",
        "coordinates": [
          [
            [
              88.381,
              22.578
            ],
            [
              88.39,
              22.578
            ],
            [
              88.39,
              22.585
            ],
            [
              88.381,
              22.585
            ],
            [
              88.381,
              22.578
            ]
          ]
        ]
      }
    },
    {
      "type": "Feature",
      "properties": {
        "name": "Cell R14 C10",
        "code": "kolk_014_010",
        "city": "Kolkata"
      },
      "geometry": {
        "type": "Polygon",
        "coordinates": [
          [
            [
              88.39,
              22.578
            ],
            [
              88.399,
              22.578
            ],
            [
              88.399,
              22.585
            ],
            [
              88.39,
              22.585
            ],
            [
              88.39,
              22.578
            ]
          ]
        ]
      }
    },
    {
      "type": "Feature",
      "properties": {
        "name": "Cell R14 C11",
        "code": "kolk_014_011",
        "city": "Kolkata"
      },
      "geometry": {
        "type": "Polygon",
        "coordinates": [
          [
            [
              88.399,
              22.578
            ],
            [
              88.408,
              22.578
            ],
            [
              88.408,
              22.585
            ],
            [
              88.399,
              22.585
            ],
            [
              88.399,
              22.578
            ]
          ]
        ]
      }
    },
    {
      "type": "Feature",
      "properties": {
        "name": "Cell R14 C12",
        "code": "kolk_014_012",
        "city": "Kolkata"
      },
      "geometry": {
        "type": "Polygon",
        "coordinates": [
          [
            [
              88.408,
              22.578
            ],
            [
              88.417,
              22.578
            ],
            [
              88.417,
              22.585
            ],
            [
              88.408,
              22.585
            ],
            [
              88.408,
              22.578
            ]
          ]
        ]
      }
    },
    {
      "type": "Feature",
      "properties": {
        "name": "Cell R14 C13",
        "code": "kolk_014_013",
        "city": "Kolkata"
      },
      "geometry": {
        "type": "Polygon",
        "coordinates": [
          [
            [
              88.417,
              22.578
            ],
            [
              88.426,
              22.578
            ],
            [
              88.426,
              22.585
            ],
            [
              88.417,
              22.585
            ],
            [
              88.417,
              22.578
            ]
          ]
        ]
      }
    },
    {
      "type": "Feature",
      "properties": {
        "name": "Cell R14 C14",
        "code": "kolk_014_014",
        "city": "Kolkata"
      },
      "geometry": {
        "type": "Polygon",
        "coordinates": [
          [
            [
              88.426,
              22.578
            ],
            [
              88.435,
              22.578
            ],
            [
              88.435,
              22.585
            ],
            [
              88.426,
              22.585
            ],
            [
              88.426,
              22.578
            ]
          ]
        ]
      }
    },
    {
      "type": "Feature",
      "properties": {
        "name": "Cell R14 C15",
        "code": "kolk_014_015",
        "city": "Kolkata"
      },
      "geometry": {
        "type": "Polygon",
        "coordinates": [
          [
            [
              88.435,
              22.578
            ],
            [
              88.444,
              22.578
            ],
            [
              88.444,
              22.585
            ],
            [
              88.435,
              22.585
            ],
            [
              88.435,
              22.578
            ]
          ]
        ]
      }
    },
    {
      "type": "Feature",
      "properties": {
        "name": "Cell R14 C16",
        "code": "kolk_014_016",
        "city": "Kolkata"
      },
      "geometry": {
        "type": "Polygon",
        "coordinates": [
          [
            [
              88.444,
              22.578
            ],
            [
              88.453,
              22.578
            ],
            [
              88.453,
              22.585
            ],
            [
              88.444,
              22.585
            ],
            [
              88.444,
              22.578
            ]
          ]
        ]
      }
    },
    {
      "type": "Feature",
      "properties": {
        "name": "Cell R14 C17",
        "code": "kolk_014_017",
        "city": "Kolkata"
      },
      "geometry": {
        "type": "Polygon",
        "coordinates": [
          [
            [
              88.453,
              22.578
            ],
            [
              88.462,
              22.578
            ],
            [
              88.462,
              22.585
            ],
            [
              88.453,
              22.585
            ],
            [
              88.453,
              22.578
            ]
          ]
        ]
      }
    },
    {
      "type": "Feature",
      "properties": {
        "name": "Cell R14 C18",
        "code": "kolk_014_018",
        "city": "Kolkata"
      },
      "geometry": {
        "type": "Polygon",
        "coordinates": [
          [
            [
              88.462,
              22.578
            ],
            [
              88.471,
              22.578
            ],
            [
              88.471,
              22.585
            ],
            [
              88.462,
              22.585
            ],
            [
              88.462,
              22.578
            ]
          ]
        ]
      }
    },
    {
      "type": "Feature",
      "properties": {
        "name": "Cell R14 C19",
        "code": "kolk_014_019",
        "city": "Kolkata"
      },
      "geometry": {
        "type": "Polygon",
        "coordinates": [
          [
            [
              88.471,
              22.578
            ],
            [
              88.48,
              22.578
            ],
            [
              88.48,
              22.585
            ],
            [
              88.471,
              22.585
            ],
            [
              88.471,
              22.578
            ]
          ]
        ]
      }
    },
    {
      "type": "Feature",
      "properties": {
        "name": "Cell R15 C00",
        "code": "kolk_015_000",
        "city": "Kolkata"
      },
      "geometry": {
        "type": "Polygon",
        "coordinates": [
          [
            [
              88.3,
              22.585
            ],
            [
              88.309,
              22.585
            ],
            [
              88.309,
              22.592000000000002
            ],
            [
              88.3,
              22.592000000000002
            ],
            [
              88.3,
              22.585
            ]
          ]
        ]
      }
    },
    {
      "type": "Feature",
      "properties": {
        "name": "Cell R15 C01",
        "code": "kolk_015_001",
        "city": "Kolkata"
      },
      "geometry": {
        "type": "Polygon",
        "coordinates": [
          [
            [
              88.309,
              22.585
            ],
            [
              88.318,
              22.585
            ],
            [
              88.318,
              22.592000000000002
            ],
            [
              88.309,
              22.592000000000002
            ],
            [
              88.309,
              22.585
            ]
          ]
        ]
      }
    },
    {
      "type": "Feature",
      "properties": {
        "name": "Cell R15 C02",
        "code": "kolk_015_002",
        "city": "Kolkata"
      },
      "geometry": {
        "type": "Polygon",
        "coordinates": [
          [
            [
              88.318,
              22.585
            ],
            [
              88.327,
              22.585
            ],
            [
              88.327,
              22.592000000000002
            ],
            [
              88.318,
              22.592000000000002
            ],
            [
              88.318,
              22.585
            ]
          ]
        ]
      }
    },
    {
      "type": "Feature",
      "properties": {
        "name": "Cell R15 C03",
        "code": "kolk_015_003",
        "city": "Kolkata"
      },
      "geometry": {
        "type": "Polygon",
        "coordinates": [
          [
            [
              88.327,
              22.585
            ],
            [
              88.336,
              22.585
            ],
            [
              88.336,
              22.592000000000002
            ],
            [
              88.327,
              22.592000000000002
            ],
            [
              88.327,
              22.585
            ]
          ]
        ]
      }
    },
    {
      "type": "Feature",
      "properties": {
        "name": "Cell R15 C04",
        "code": "kolk_015_004",
        "city": "Kolkata"
      },
      "geometry": {
        "type": "Polygon",
        "coordinates": [
          [
            [
              88.336,
              22.585
            ],
            [
              88.345,
              22.585
            ],
            [
              88.345,
              22.592000000000002
            ],
            [
              88.336,
              22.592000000000002
            ],
            [
              88.336,
              22.585
            ]
          ]
        ]
      }
    },
    {
      "type": "Feature",
      "properties": {
        "name": "Cell R15 C05",
        "code": "kolk_015_005",
        "city": "Kolkata"
      },
      "geometry": {
        "type": "Polygon",
        "coordinates": [
          [
            [
              88.345,
              22.585
            ],
            [
              88.354,
              22.585
            ],
            [
              88.354,
              22.592000000000002
            ],
            [
              88.345,
              22.592000000000002
            ],
            [
              88.345,
              22.585
            ]
          ]
        ]
      }
    },
    {
      "type": "Feature",
      "properties": {
        "name": "Cell R15 C06",
        "code": "kolk_015_006",
        "city": "Kolkata"
      },
      "geometry": {
        "type": "Polygon",
        "coordinates": [
          [
            [
              88.354,
              22.585
            ],
            [
              88.363,
              22.585
            ],
            [
              88.363,
              22.592000000000002
            ],
            [
              88.354,
              22.592000000000002
            ],
            [
              88.354,
              22.585
            ]
          ]
        ]
      }
    },
    {
      "type": "Feature",
      "properties": {
        "name": "Cell R15 C07",
        "code": "kolk_015_007",
        "city": "Kolkata"
      },
      "geometry": {
        "type": "Polygon",
        "coordinates": [
          [
            [
              88.363,
              22.585
            ],
            [
              88.372,
              22.585
            ],
            [
              88.372,
              22.592000000000002
            ],
            [
              88.363,
              22.592000000000002
            ],
            [
              88.363,
              22.585
            ]
          ]
        ]
      }
    },
    {
      "type": "Feature",
      "properties": {
        "name": "Cell R15 C08",
        "code": "kolk_015_008",
        "city": "Kolkata"
      },
      "geometry": {
        "type": "Polygon",
        "coordinates": [
          [
            [
              88.372,
              22.585
            ],
            [
              88.381,
              22.585
            ],
            [
              88.381,
              22.592000000000002
            ],
            [
              88.372,
              22.592000000000002
            ],
            [
              88.372,
              22.585
            ]
          ]
        ]
      }
    },
    {
      "type": "Feature",
      "properties": {
        "name": "Cell R15 C09",
        "code": "kolk_015_009",
        "city": "Kolkata"
      },
      "geometry": {
        "type": "Polygon",
        "coordinates": [
          [
            [
              88.381,
              22.585
            ],
            [
              88.39,
              22.585
            ],
            [
              88.39,
              22.592000000000002
            ],
            [
              88.381,
              22.592000000000002
            ],
            [
              88.381,
              22.585
            ]
          ]
        ]
      }
    },
    {
      "type": "Feature",
      "properties": {
        "name": "Cell R15 C10",
        "code": "kolk_015_010",
        "city": "Kolkata"
      },
      "geometry": {
        "type": "Polygon",
        "coordinates": [
          [
            [
              88.39,
              22.585
            ],
            [
              88.399,
              22.585
            ],
            [
              88.399,
              22.592000000000002
            ],
            [
              88.39,
              22.592000000000002
            ],
            [
              88.39,
              22.585
            ]
          ]
        ]
      }
    },
    {
      "type": "Feature",
      "properties": {
        "name": "Cell R15 C11",
        "code": "kolk_015_011",
        "city": "Kolkata"
      },
      "geometry": {
        "type": "Polygon",
        "coordinates": [
          [
            [
              88.399,
              22.585
            ],
            [
              88.408,
              22.585
            ],
            [
              88.408,
              22.592000000000002
            ],
            [
              88.399,
              22.592000000000002
            ],
            [
              88.399,
              22.585
            ]
          ]
        ]
      }
    },
    {
      "type": "Feature",
      "properties": {
        "name": "Cell R15 C12",
        "code": "kolk_015_012",
        "city": "Kolkata"
      },
      "geometry": {
        "type": "Polygon",
        "coordinates": [
          [
            [
              88.408,
              22.585
            ],
            [
              88.417,
              22.585
            ],
            [
              88.417,
              22.592000000000002
            ],
            [
              88.408,
              22.592000000000002
            ],
            [
              88.408,
              22.585
            ]
          ]
        ]
      }
    },
    {
      "type": "Feature",
      "properties": {
        "name": "Cell R15 C13",
        "code": "kolk_015_013",
        "city": "Kolkata"
      },
      "geometry": {
        "type": "Polygon",
        "coordinates": [
          [
            [
              88.417,
              22.585
            ],
            [
              88.426,
              22.585
            ],
            [
              88.426,
              22.592000000000002
            ],
            [
              88.417,
              22.592000000000002
            ],
            [
              88.417,
              22.585
            ]
          ]
        ]
      }
    },
    {
      "type": "Feature",
      "properties": {
        "name": "Cell R15 C14",
        "code": "kolk_015_014",
        "city": "Kolkata"
      },
      "geometry": {
        "type": "Polygon",
        "coordinates": [
          [
            [
              88.426,
              22.585
            ],
            [
              88.435,
              22.585
            ],
            [
              88.435,
              22.592000000000002
            ],
            [
              88.426,
              22.592000000000002
            ],
            [
              88.426,
              22.585
            ]
          ]
        ]
      }
    },
    {
      "type": "Feature",
      "properties": {
        "name": "Cell R15 C15",
        "code": "kolk_015_015",
        "city": "Kolkata"
      },
      "geometry": {
        "type": "Polygon",
        "coordinates": [
          [
            [
              88.435,
              22.585
            ],
            [
              88.444,
              22.585
            ],
            [
              88.444,
              22.592000000000002
            ],
            [
              88.435,
              22.592000000000002
            ],
            [
              88.435,
              22.585
            ]
          ]
        ]
      }
    },
    {
      "type": "Feature",
      "properties": {
        "name": "Cell R15 C16",
        "code": "kolk_015_016",
        "city": "Kolkata"
      },
      "geometry": {
        "type": "Polygon",
        "coordinates": [
          [
            [
              88.444,
              22.585
            ],
            [
              88.453,
              22.585
            ],
            [
              88.453,
              22.592000000000002
            ],
            [
              88.444,
              22.592000000000002
            ],
            [
              88.444,
              22.585
            ]
          ]
        ]
      }
    },
    {
      "type": "Feature",
      "properties": {
        "name": "Cell R15 C17",
        "code": "kolk_015_017",
        "city": "Kolkata"
      },
      "geometry": {
        "type": "Polygon",
        "coordinates": [
          [
            [
              88.453,
              22.585
            ],
            [
              88.462,
              22.585
            ],
            [
              88.462,
              22.592000000000002
            ],
            [
              88.453,
              22.592000000000002
            ],
            [
              88.453,
              22.585
            ]
          ]
        ]
      }
    },
    {
      "type": "Feature",
      "properties": {
        "name": "Cell R15 C18",
        "code": "kolk_015_018",
        "city": "Kolkata"
      },
      "geometry": {
        "type": "Polygon",
        "coordinates": [
          [
            [
              88.462,
              22.585
            ],
            [
              88.471,
              22.585
            ],
            [
              88.471,
              22.592000000000002
            ],
            [
              88.462,
              22.592000000000002
            ],
            [
              88.462,
              22.585
            ]
          ]
        ]
      }
    },
    {
      "type": "Feature",
      "properties": {
        "name": "Cell R15 C19",
        "code": "kolk_015_019",
        "city": "Kolkata"
      },
      "geometry": {
        "type": "Polygon",
        "coordinates": [
          [
            [
              88.471,
              22.585
            ],
            [
              88.48,
              22.585
            ],
            [
              88.48,
              22.592000000000002
            ],
            [
              88.471,
              22.592000000000002
            ],
            [
              88.471,
              22.585
            ]
          ]
        ]
      }
    },
    {
      "type": "Feature",
      "properties": {
        "name": "Cell R16 C00",
        "code": "kolk_016_000",
        "city": "Kolkata"
      },
      "geometry": {
        "type": "Polygon",
        "coordinates": [
          [
            [
              88.3,
              22.592000000000002
            ],
            [
              88.309,
              22.592000000000002
            ],
            [
              88.309,
              22.599000000000004
            ],
            [
              88.3,
              22.599000000000004
            ],
            [
              88.3,
              22.592000000000002
            ]
          ]
        ]
      }
    },
    {
      "type": "Feature",
      "properties": {
        "name": "Cell R16 C01",
        "code": "kolk_016_001",
        "city": "Kolkata"
      },
      "geometry": {
        "type": "Polygon",
        "coordinates": [
          [
            [
              88.309,
              22.592000000000002
            ],
            [
              88.318,
              22.592000000000002
            ],
            [
              88.318,
              22.599000000000004
            ],
            [
              88.309,
              22.599000000000004
            ],
            [
              88.309,
              22.592000000000002
            ]
          ]
        ]
      }
    },
    {
      "type": "Feature",
      "properties": {
        "name": "Cell R16 C02",
        "code": "kolk_016_002",
        "city": "Kolkata"
      },
      "geometry": {
        "type": "Polygon",
        "coordinates": [
          [
            [
              88.318,
              22.592000000000002
            ],
            [
              88.327,
              22.592000000000002
            ],
            [
              88.327,
              22.599000000000004
            ],
            [
              88.318,
              22.599000000000004
            ],
            [
              88.318,
              22.592000000000002
            ]
          ]
        ]
      }
    },
    {
      "type": "Feature",
      "properties": {
        "name": "Cell R16 C03",
        "code": "kolk_016_003",
        "city": "Kolkata"
      },
      "geometry": {
        "type": "Polygon",
        "coordinates": [
          [
            [
              88.327,
              22.592000000000002
            ],
            [
              88.336,
              22.592000000000002
            ],
            [
              88.336,
              22.599000000000004
            ],
            [
              88.327,
              22.599000000000004
            ],
            [
              88.327,
              22.592000000000002
            ]
          ]
        ]
      }
    },
    {
      "type": "Feature",
      "properties": {
        "name": "Cell R16 C04",
        "code": "kolk_016_004",
        "city": "Kolkata"
      },
      "geometry": {
        "type": "Polygon",
        "coordinates": [
          [
            [
              88.336,
              22.592000000000002
            ],
            [
              88.345,
              22.592000000000002
            ],
            [
              88.345,
              22.599000000000004
            ],
            [
              88.336,
              22.599000000000004
            ],
            [
              88.336,
              22.592000000000002
            ]
          ]
        ]
      }
    },
    {
      "type": "Feature",
      "properties": {
        "name": "Cell R16 C05",
        "code": "kolk_016_005",
        "city": "Kolkata"
      },
      "geometry": {
        "type": "Polygon",
        "coordinates": [
          [
            [
              88.345,
              22.592000000000002
            ],
            [
              88.354,
              22.592000000000002
            ],
            [
              88.354,
              22.599000000000004
            ],
            [
              88.345,
              22.599000000000004
            ],
            [
              88.345,
              22.592000000000002
            ]
          ]
        ]
      }
    },
    {
      "type": "Feature",
      "properties": {
        "name": "Cell R16 C06",
        "code": "kolk_016_006",
        "city": "Kolkata"
      },
      "geometry": {
        "type": "Polygon",
        "coordinates": [
          [
            [
              88.354,
              22.592000000000002
            ],
            [
              88.363,
              22.592000000000002
            ],
            [
              88.363,
              22.599000000000004
            ],
            [
              88.354,
              22.599000000000004
            ],
            [
              88.354,
              22.592000000000002
            ]
          ]
        ]
      }
    },
    {
      "type": "Feature",
      "properties": {
        "name": "Cell R16 C07",
        "code": "kolk_016_007",
        "city": "Kolkata"
      },
      "geometry": {
        "type": "Polygon",
        "coordinates": [
          [
            [
              88.363,
              22.592000000000002
            ],
            [
              88.372,
              22.592000000000002
            ],
            [
              88.372,
              22.599000000000004
            ],
            [
              88.363,
              22.599000000000004
            ],
            [
              88.363,
              22.592000000000002
            ]
          ]
        ]
      }
    },
    {
      "type": "Feature",
      "properties": {
        "name": "Cell R16 C08",
        "code": "kolk_016_008",
        "city": "Kolkata"
      },
      "geometry": {
        "type": "Polygon",
        "coordinates": [
          [
            [
              88.372,
              22.592000000000002
            ],
            [
              88.381,
              22.592000000000002
            ],
            [
              88.381,
              22.599000000000004
            ],
            [
              88.372,
              22.599000000000004
            ],
            [
              88.372,
              22.592000000000002
            ]
          ]
        ]
      }
    },
    {
      "type": "Feature",
      "properties": {
        "name": "Cell R16 C09",
        "code": "kolk_016_009",
        "city": "Kolkata"
      },
      "geometry": {
        "type": "Polygon",
        "coordinates": [
          [
            [
              88.381,
              22.592000000000002
            ],
            [
              88.39,
              22.592000000000002
            ],
            [
              88.39,
              22.599000000000004
            ],
            [
              88.381,
              22.599000000000004
            ],
            [
              88.381,
              22.592000000000002
            ]
          ]
        ]
      }
    },
    {
      "type": "Feature",
      "properties": {
        "name": "Cell R16 C10",
        "code": "kolk_016_010",
        "city": "Kolkata"
      },
      "geometry": {
        "type": "Polygon",
        "coordinates": [
          [
            [
              88.39,
              22.592000000000002
            ],
            [
              88.399,
              22.592000000000002
            ],
            [
              88.399,
              22.599000000000004
            ],
            [
              88.39,
              22.599000000000004
            ],
            [
              88.39,
              22.592000000000002
            ]
          ]
        ]
      }
    },
    {
      "type": "Feature",
      "properties": {
        "name": "Cell R16 C11",
        "code": "kolk_016_011",
        "city": "Kolkata"
      },
      "geometry": {
        "type": "Polygon",
        "coordinates": [
          [
            [
              88.399,
              22.592000000000002
            ],
            [
              88.408,
              22.592000000000002
            ],
            [
              88.408,
              22.599000000000004
            ],
            [
              88.399,
              22.599000000000004
            ],
            [
              88.399,
              22.592000000000002
            ]
          ]
        ]
      }
    },
    {
      "type": "Feature",
      "properties": {
        "name": "Cell R16 C12",
        "code": "kolk_016_012",
        "city": "Kolkata"
      },
      "geometry": {
        "type": "Polygon",
        "coordinates": [
          [
            [
              88.408,
              22.592000000000002
            ],
            [
              88.417,
              22.592000000000002
            ],
            [
              88.417,
              22.599000000000004
            ],
            [
              88.408,
              22.599000000000004
            ],
            [
              88.408,
              22.592000000000002
            ]
          ]
        ]
      }
    },
    {
      "type": "Feature",
      "properties": {
        "name": "Cell R16 C13",
        "code": "kolk_016_013",
        "city": "Kolkata"
      },
      "geometry": {
        "type": "Polygon",
        "coordinates": [
          [
            [
              88.417,
              22.592000000000002
            ],
            [
              88.426,
              22.592000000000002
            ],
            [
              88.426,
              22.599000000000004
            ],
            [
              88.417,
              22.599000000000004
            ],
            [
              88.417,
              22.592000000000002
            ]
          ]
        ]
      }
    },
    {
      "type": "Feature",
      "properties": {
        "name": "Cell R16 C14",
        "code": "kolk_016_014",
        "city": "Kolkata"
      },
      "geometry": {
        "type": "Polygon",
        "coordinates": [
          [
            [
              88.426,
              22.592000000000002
            ],
            [
              88.435,
              22.592000000000002
            ],
            [
              88.435,
              22.599000000000004
            ],
            [
              88.426,
              22.599000000000004
            ],
            [
              88.426,
              22.592000000000002
            ]
          ]
        ]
      }
    },
    {
      "type": "Feature",
      "properties": {
        "name": "Cell R16 C15",
        "code": "kolk_016_015",
        "city": "Kolkata"
      },
      "geometry": {
        "type": "Polygon",
        "coordinates": [
          [
            [
              88.435,
              22.592000000000002
            ],
            [
              88.444,
              22.592000000000002
            ],
            [
              88.444,
              22.599000000000004
            ],
            [
              88.435,
              22.599000000000004
            ],
            [
              88.435,
              22.592000000000002
            ]
          ]
        ]
      }
    },
    {
      "type": "Feature",
      "properties": {
        "name": "Cell R16 C16",
        "code": "kolk_016_016",
        "city": "Kolkata"
      },
      "geometry": {
        "type": "Polygon",
        "coordinates": [
          [
            [
              88.444,
              22.592000000000002
            ],
            [
              88.453,
              22.592000000000002
            ],
            [
              88.453,
              22.599000000000004
            ],
            [
              88.444,
              22.599000000000004
            ],
            [
              88.444,
              22.592000000000002
            ]
          ]
        ]
      }
    },
    {
      "type": "Feature",
      "properties": {
        "name": "Cell R16 C17",
        "code": "kolk_016_017",
        "city": "Kolkata"
      },
      "geometry": {
        "type": "Polygon",
        "coordinates": [
          [
            [
              88.453,
              22.592000000000002
            ],
            [
              88.462,
              22.592000000000002
            ],
            [
              88.462,
              22.599000000000004
            ],
            [
              88.453,
              22.599000000000004
            ],
            [
              88.453,
              22.592000000000002
            ]
          ]
        ]
      }
    },
    {
      "type": "Feature",
      "properties": {
        "name": "Cell R16 C18",
        "code": "kolk_016_018",
        "city": "Kolkata"
      },
      "geometry": {
        "type": "Polygon",
        "coordinates": [
          [
            [
              88.462,
              22.592000000000002
            ],
            [
              88.471,
              22.592000000000002
            ],
            [
              88.471,
              22.599000000000004
            ],
            [
              88.462,
              22.599000000000004
            ],
            [
              88.462,
              22.592000000000002
            ]
          ]
        ]
      }
    },
    {
      "type": "Feature",
      "properties": {
        "name": "Cell R16 C19",
        "code": "kolk_016_019",
        "city": "Kolkata"
      },
      "geometry": {
        "type": "Polygon",
        "coordinates": [
          [
            [
              88.471,
              22.592000000000002
            ],
            [
              88.48,
              22.592000000000002
            ],
            [
              88.48,
              22.599000000000004
            ],
            [
              88.471,
              22.599000000000004
            ],
            [
              88.471,
              22.592000000000002
            ]
          ]
        ]
      }
    },
    {
      "type": "Feature",
      "properties": {
        "name": "Cell R17 C00",
        "code": "kolk_017_000",
        "city": "Kolkata"
      },
      "geometry": {
        "type": "Polygon",
        "coordinates": [
          [
            [
              88.3,
              22.599
            ],
            [
              88.309,
              22.599
            ],
            [
              88.309,
              22.606
            ],
            [
              88.3,
              22.606
            ],
            [
              88.3,
              22.599
            ]
          ]
        ]
      }
    },
    {
      "type": "Feature",
      "properties": {
        "name": "Cell R17 C01",
        "code": "kolk_017_001",
        "city": "Kolkata"
      },
      "geometry": {
        "type": "Polygon",
        "coordinates": [
          [
            [
              88.309,
              22.599
            ],
            [
              88.318,
              22.599
            ],
            [
              88.318,
              22.606
            ],
            [
              88.309,
              22.606
            ],
            [
              88.309,
              22.599
            ]
          ]
        ]
      }
    },
    {
      "type": "Feature",
      "properties": {
        "name": "Cell R17 C02",
        "code": "kolk_017_002",
        "city": "Kolkata"
      },
      "geometry": {
        "type": "Polygon",
        "coordinates": [
          [
            [
              88.318,
              22.599
            ],
            [
              88.327,
              22.599
            ],
            [
              88.327,
              22.606
            ],
            [
              88.318,
              22.606
            ],
            [
              88.318,
              22.599
            ]
          ]
        ]
      }
    },
    {
      "type": "Feature",
      "properties": {
        "name": "Cell R17 C03",
        "code": "kolk_017_003",
        "city": "Kolkata"
      },
      "geometry": {
        "type": "Polygon",
        "coordinates": [
          [
            [
              88.327,
              22.599
            ],
            [
              88.336,
              22.599
            ],
            [
              88.336,
              22.606
            ],
            [
              88.327,
              22.606
            ],
            [
              88.327,
              22.599
            ]
          ]
        ]
      }
    },
    {
      "type": "Feature",
      "properties": {
        "name": "Cell R17 C04",
        "code": "kolk_017_004",
        "city": "Kolkata"
      },
      "geometry": {
        "type": "Polygon",
        "coordinates": [
          [
            [
              88.336,
              22.599
            ],
            [
              88.345,
              22.599
            ],
            [
              88.345,
              22.606
            ],
            [
              88.336,
              22.606
            ],
            [
              88.336,
              22.599
            ]
          ]
        ]
      }
    },
    {
      "type": "Feature",
      "properties": {
        "name": "Cell R17 C05",
        "code": "kolk_017_005",
        "city": "Kolkata"
      },
      "geometry": {
        "type": "Polygon",
        "coordinates": [
          [
            [
              88.345,
              22.599
            ],
            [
              88.354,
              22.599
            ],
            [
              88.354,
              22.606
            ],
            [
              88.345,
              22.606
            ],
            [
              88.345,
              22.599
            ]
          ]
        ]
      }
    },
    {
      "type": "Feature",
      "properties": {
        "name": "Cell R17 C06",
        "code": "kolk_017_006",
        "city": "Kolkata"
      },
      "geometry": {
        "type": "Polygon",
        "coordinates": [
          [
            [
              88.354,
              22.599
            ],
            [
              88.363,
              22.599
            ],
            [
              88.363,
              22.606
            ],
            [
              88.354,
              22.606
            ],
            [
              88.354,
              22.599
            ]
          ]
        ]
      }
    },
    {
      "type": "Feature",
      "properties": {
        "name": "Cell R17 C07",
        "code": "kolk_017_007",
        "city": "Kolkata"
      },
      "geometry": {
        "type": "Polygon",
        "coordinates": [
          [
            [
              88.363,
              22.599
            ],
            [
              88.372,
              22.599
            ],
            [
              88.372,
              22.606
            ],
            [
              88.363,
              22.606
            ],
            [
              88.363,
              22.599
            ]
          ]
        ]
      }
    },
    {
      "type": "Feature",
      "properties": {
        "name": "Cell R17 C08",
        "code": "kolk_017_008",
        "city": "Kolkata"
      },
      "geometry": {
        "type": "Polygon",
        "coordinates": [
          [
            [
              88.372,
              22.599
            ],
            [
              88.381,
              22.599
            ],
            [
              88.381,
              22.606
            ],
            [
              88.372,
              22.606
            ],
            [
              88.372,
              22.599
            ]
          ]
        ]
      }
    },
    {
      "type": "Feature",
      "properties": {
        "name": "Cell R17 C09",
        "code": "kolk_017_009",
        "city": "Kolkata"
      },
      "geometry": {
        "type": "Polygon",
        "coordinates": [
          [
            [
              88.381,
              22.599
            ],
            [
              88.39,
              22.599
            ],
            [
              88.39,
              22.606
            ],
            [
              88.381,
              22.606
            ],
            [
              88.381,
              22.599
            ]
          ]
        ]
      }
    },
    {
      "type": "Feature",
      "properties": {
        "name": "Cell R17 C10",
        "code": "kolk_017_010",
        "city": "Kolkata"
      },
      "geometry": {
        "type": "Polygon",
        "coordinates": [
          [
            [
              88.39,
              22.599
            ],
            [
              88.399,
              22.599
            ],
            [
              88.399,
              22.606
            ],
            [
              88.39,
              22.606
            ],
            [
              88.39,
              22.599
            ]
          ]
        ]
      }
    },
    {
      "type": "Feature",
      "properties": {
        "name": "Cell R17 C11",
        "code": "kolk_017_011",
        "city": "Kolkata"
      },
      "geometry": {
        "type": "Polygon",
        "coordinates": [
          [
            [
              88.399,
              22.599
            ],
            [
              88.408,
              22.599
            ],
            [
              88.408,
              22.606
            ],
            [
              88.399,
              22.606
            ],
            [
              88.399,
              22.599
            ]
          ]
        ]
      }
    },
    {
      "type": "Feature",
      "properties": {
        "name": "Cell R17 C12",
        "code": "kolk_017_012",
        "city": "Kolkata"
      },
      "geometry": {
        "type": "Polygon",
        "coordinates": [
          [
            [
              88.408,
              22.599
            ],
            [
              88.417,
              22.599
            ],
            [
              88.417,
              22.606
            ],
            [
              88.408,
              22.606
            ],
            [
              88.408,
              22.599
            ]
          ]
        ]
      }
    },
    {
      "type": "Feature",
      "properties": {
        "name": "Cell R17 C13",
        "code": "kolk_017_013",
        "city": "Kolkata"
      },
      "geometry": {
        "type": "Polygon",
        "coordinates": [
          [
            [
              88.417,
              22.599
            ],
            [
              88.426,
              22.599
            ],
            [
              88.426,
              22.606
            ],
            [
              88.417,
              22.606
            ],
            [
              88.417,
              22.599
            ]
          ]
        ]
      }
    },
    {
      "type": "Feature",
      "properties": {
        "name": "Cell R17 C14",
        "code": "kolk_017_014",
        "city": "Kolkata"
      },
      "geometry": {
        "type": "Polygon",
        "coordinates": [
          [
            [
              88.426,
              22.599
            ],
            [
              88.435,
              22.599
            ],
            [
              88.435,
              22.606
            ],
            [
              88.426,
              22.606
            ],
            [
              88.426,
              22.599
            ]
          ]
        ]
      }
    },
    {
      "type": "Feature",
      "properties": {
        "name": "Cell R17 C15",
        "code": "kolk_017_015",
        "city": "Kolkata"
      },
      "geometry": {
        "type": "Polygon",
        "coordinates": [
          [
            [
              88.435,
              22.599
            ],
            [
              88.444,
              22.599
            ],
            [
              88.444,
              22.606
            ],
            [
              88.435,
              22.606
            ],
            [
              88.435,
              22.599
            ]
          ]
        ]
      }
    },
    {
      "type": "Feature",
      "properties": {
        "name": "Cell R17 C16",
        "code": "kolk_017_016",
        "city": "Kolkata"
      },
      "geometry": {
        "type": "Polygon",
        "coordinates": [
          [
            [
              88.444,
              22.599
            ],
            [
              88.453,
              22.599
            ],
            [
              88.453,
              22.606
            ],
            [
              88.444,
              22.606
            ],
            [
              88.444,
              22.599
            ]
          ]
        ]
      }
    },
    {
      "type": "Feature",
      "properties": {
        "name": "Cell R17 C17",
        "code": "kolk_017_017",
        "city": "Kolkata"
      },
      "geometry": {
        "type": "Polygon",
        "coordinates": [
          [
            [
              88.453,
              22.599
            ],
            [
              88.462,
              22.599
            ],
            [
              88.462,
              22.606
            ],
            [
              88.453,
              22.606
            ],
            [
              88.453,
              22.599
            ]
          ]
        ]
      }
    },
    {
      "type": "Feature",
      "properties": {
        "name": "Cell R17 C18",
        "code": "kolk_017_018",
        "city": "Kolkata"
      },
      "geometry": {
        "type": "Polygon",
        "coordinates": [
          [
            [
              88.462,
              22.599
            ],
            [
              88.471,
              22.599
            ],
            [
              88.471,
              22.606
            ],
            [
              88.462,
              22.606
            ],
            [
              88.462,
              22.599
            ]
          ]
        ]
      }
    },
    {
      "type": "Feature",
      "properties": {
        "name": "Cell R17 C19",
        "code": "kolk_017_019",
        "city": "Kolkata"
      },
      "geometry": {
        "type": "Polygon",
        "coordinates": [
          [
            [
              88.471,
              22.599
            ],
            [
              88.48,
              22.599
            ],
            [
              88.48,
              22.606
            ],
            [
              88.471,
              22.606
            ],
            [
              88.471,
              22.599
            ]
          ]
        ]
      }
    },
    {
      "type": "Feature",
      "properties": {
        "name": "Cell R18 C00",
        "code": "kolk_018_000",
        "city": "Kolkata"
      },
      "geometry": {
        "type": "Polygon",
        "coordinates": [
          [
            [
              88.3,
              22.606
            ],
            [
              88.309,
              22.606
            ],
            [
              88.309,
              22.613000000000003
            ],
            [
              88.3,
              22.613000000000003
            ],
            [
              88.3,
              22.606
            ]
          ]
        ]
      }
    },
    {
      "type": "Feature",
      "properties": {
        "name": "Cell R18 C01",
        "code": "kolk_018_001",
        "city": "Kolkata"
      },
      "geometry": {
        "type": "Polygon",
        "coordinates": [
          [
            [
              88.309,
              22.606
            ],
            [
              88.318,
              22.606
            ],
            [
              88.318,
              22.613000000000003
            ],
            [
              88.309,
              22.613000000000003
            ],
            [
              88.309,
              22.606
            ]
          ]
        ]
      }
    },
    {
      "type": "Feature",
      "properties": {
        "name": "Cell R18 C02",
        "code": "kolk_018_002",
        "city": "Kolkata"
      },
      "geometry": {
        "type": "Polygon",
        "coordinates": [
          [
            [
              88.318,
              22.606
            ],
            [
              88.327,
              22.606
            ],
            [
              88.327,
              22.613000000000003
            ],
            [
              88.318,
              22.613000000000003
            ],
            [
              88.318,
              22.606
            ]
          ]
        ]
      }
    },
    {
      "type": "Feature",
      "properties": {
        "name": "Cell R18 C03",
        "code": "kolk_018_003",
        "city": "Kolkata"
      },
      "geometry": {
        "type": "Polygon",
        "coordinates": [
          [
            [
              88.327,
              22.606
            ],
            [
              88.336,
              22.606
            ],
            [
              88.336,
              22.613000000000003
            ],
            [
              88.327,
              22.613000000000003
            ],
            [
              88.327,
              22.606
            ]
          ]
        ]
      }
    },
    {
      "type": "Feature",
      "properties": {
        "name": "Cell R18 C04",
        "code": "kolk_018_004",
        "city": "Kolkata"
      },
      "geometry": {
        "type": "Polygon",
        "coordinates": [
          [
            [
              88.336,
              22.606
            ],
            [
              88.345,
              22.606
            ],
            [
              88.345,
              22.613000000000003
            ],
            [
              88.336,
              22.613000000000003
            ],
            [
              88.336,
              22.606
            ]
          ]
        ]
      }
    },
    {
      "type": "Feature",
      "properties": {
        "name": "Cell R18 C05",
        "code": "kolk_018_005",
        "city": "Kolkata"
      },
      "geometry": {
        "type": "Polygon",
        "coordinates": [
          [
            [
              88.345,
              22.606
            ],
            [
              88.354,
              22.606
            ],
            [
              88.354,
              22.613000000000003
            ],
            [
              88.345,
              22.613000000000003
            ],
            [
              88.345,
              22.606
            ]
          ]
        ]
      }
    },
    {
      "type": "Feature",
      "properties": {
        "name": "Cell R18 C06",
        "code": "kolk_018_006",
        "city": "Kolkata"
      },
      "geometry": {
        "type": "Polygon",
        "coordinates": [
          [
            [
              88.354,
              22.606
            ],
            [
              88.363,
              22.606
            ],
            [
              88.363,
              22.613000000000003
            ],
            [
              88.354,
              22.613000000000003
            ],
            [
              88.354,
              22.606
            ]
          ]
        ]
      }
    },
    {
      "type": "Feature",
      "properties": {
        "name": "Cell R18 C07",
        "code": "kolk_018_007",
        "city": "Kolkata"
      },
      "geometry": {
        "type": "Polygon",
        "coordinates": [
          [
            [
              88.363,
              22.606
            ],
            [
              88.372,
              22.606
            ],
            [
              88.372,
              22.613000000000003
            ],
            [
              88.363,
              22.613000000000003
            ],
            [
              88.363,
              22.606
            ]
          ]
        ]
      }
    },
    {
      "type": "Feature",
      "properties": {
        "name": "Cell R18 C08",
        "code": "kolk_018_008",
        "city": "Kolkata"
      },
      "geometry": {
        "type": "Polygon",
        "coordinates": [
          [
            [
              88.372,
              22.606
            ],
            [
              88.381,
              22.606
            ],
            [
              88.381,
              22.613000000000003
            ],
            [
              88.372,
              22.613000000000003
            ],
            [
              88.372,
              22.606
            ]
          ]
        ]
      }
    },
    {
      "type": "Feature",
      "properties": {
        "name": "Cell R18 C09",
        "code": "kolk_018_009",
        "city": "Kolkata"
      },
      "geometry": {
        "type": "Polygon",
        "coordinates": [
          [
            [
              88.381,
              22.606
            ],
            [
              88.39,
              22.606
            ],
            [
              88.39,
              22.613000000000003
            ],
            [
              88.381,
              22.613000000000003
            ],
            [
              88.381,
              22.606
            ]
          ]
        ]
      }
    },
    {
      "type": "Feature",
      "properties": {
        "name": "Cell R18 C10",
        "code": "kolk_018_010",
        "city": "Kolkata"
      },
      "geometry": {
        "type": "Polygon",
        "coordinates": [
          [
            [
              88.39,
              22.606
            ],
            [
              88.399,
              22.606
            ],
            [
              88.399,
              22.613000000000003
            ],
            [
              88.39,
              22.613000000000003
            ],
            [
              88.39,
              22.606
            ]
          ]
        ]
      }
    },
    {
      "type": "Feature",
      "properties": {
        "name": "Cell R18 C11",
        "code": "kolk_018_011",
        "city": "Kolkata"
      },
      "geometry": {
        "type": "Polygon",
        "coordinates": [
          [
            [
              88.399,
              22.606
            ],
            [
              88.408,
              22.606
            ],
            [
              88.408,
              22.613000000000003
            ],
            [
              88.399,
              22.613000000000003
            ],
            [
              88.399,
              22.606
            ]
          ]
        ]
      }
    },
    {
      "type": "Feature",
      "properties": {
        "name": "Cell R18 C12",
        "code": "kolk_018_012",
        "city": "Kolkata"
      },
      "geometry": {
        "type": "Polygon",
        "coordinates": [
          [
            [
              88.408,
              22.606
            ],
            [
              88.417,
              22.606
            ],
            [
              88.417,
              22.613000000000003
            ],
            [
              88.408,
              22.613000000000003
            ],
            [
              88.408,
              22.606
            ]
          ]
        ]
      }
    },
    {
      "type": "Feature",
      "properties": {
        "name": "Cell R18 C13",
        "code": "kolk_018_013",
        "city": "Kolkata"
      },
      "geometry": {
        "type": "Polygon",
        "coordinates": [
          [
            [
              88.417,
              22.606
            ],
            [
              88.426,
              22.606
            ],
            [
              88.426,
              22.613000000000003
            ],
            [
              88.417,
              22.613000000000003
            ],
            [
              88.417,
              22.606
            ]
          ]
        ]
      }
    },
    {
      "type": "Feature",
      "properties": {
        "name": "Cell R18 C14",
        "code": "kolk_018_014",
        "city": "Kolkata"
      },
      "geometry": {
        "type": "Polygon",
        "coordinates": [
          [
            [
              88.426,
              22.606
            ],
            [
              88.435,
              22.606
            ],
            [
              88.435,
              22.613000000000003
            ],
            [
              88.426,
              22.613000000000003
            ],
            [
              88.426,
              22.606
            ]
          ]
        ]
      }
    },
    {
      "type": "Feature",
      "properties": {
        "name": "Cell R18 C15",
        "code": "kolk_018_015",
        "city": "Kolkata"
      },
      "geometry": {
        "type": "Polygon",
        "coordinates": [
          [
            [
              88.435,
              22.606
            ],
            [
              88.444,
              22.606
            ],
            [
              88.444,
              22.613000000000003
            ],
            [
              88.435,
              22.613000000000003
            ],
            [
              88.435,
              22.606
            ]
          ]
        ]
      }
    },
    {
      "type": "Feature",
      "properties": {
        "name": "Cell R18 C16",
        "code": "kolk_018_016",
        "city": "Kolkata"
      },
      "geometry": {
        "type": "Polygon",
        "coordinates": [
          [
            [
              88.444,
              22.606
            ],
            [
              88.453,
              22.606
            ],
            [
              88.453,
              22.613000000000003
            ],
            [
              88.444,
              22.613000000000003
            ],
            [
              88.444,
              22.606
            ]
          ]
        ]
      }
    },
    {
      "type": "Feature",
      "properties": {
        "name": "Cell R18 C17",
        "code": "kolk_018_017",
        "city": "Kolkata"
      },
      "geometry": {
        "type": "Polygon",
        "coordinates": [
          [
            [
              88.453,
              22.606
            ],
            [
              88.462,
              22.606
            ],
            [
              88.462,
              22.613000000000003
            ],
            [
              88.453,
              22.613000000000003
            ],
            [
              88.453,
              22.606
            ]
          ]
        ]
      }
    },
    {
      "type": "Feature",
      "properties": {
        "name": "Cell R18 C18",
        "code": "kolk_018_018",
        "city": "Kolkata"
      },
      "geometry": {
        "type": "Polygon",
        "coordinates": [
          [
            [
              88.462,
              22.606
            ],
            [
              88.471,
              22.606
            ],
            [
              88.471,
              22.613000000000003
            ],
            [
              88.462,
              22.613000000000003
            ],
            [
              88.462,
              22.606
            ]
          ]
        ]
      }
    },
    {
      "type": "Feature",
      "properties": {
        "name": "Cell R18 C19",
        "code": "kolk_018_019",
        "city": "Kolkata"
      },
      "geometry": {
        "type": "Polygon",
        "coordinates": [
          [
            [
              88.471,
              22.606
            ],
            [
              88.48,
              22.606
            ],
            [
              88.48,
              22.613000000000003
            ],
            [
              88.471,
              22.613000000000003
            ],
            [
              88.471,
              22.606
            ]
          ]
        ]
      }
    },
    {
      "type": "Feature",
      "properties": {
        "name": "Cell R19 C00",
        "code": "kolk_019_000",
        "city": "Kolkata"
      },
      "geometry": {
        "type": "Polygon",
        "coordinates": [
          [
            [
              88.3,
              22.613
            ],
            [
              88.309,
              22.613
            ],
            [
              88.309,
              22.62
            ],
            [
              88.3,
              22.62
            ],
            [
              88.3,
              22.613
            ]
          ]
        ]
      }
    },
    {
      "type": "Feature",
      "properties": {
        "name": "Cell R19 C01",
        "code": "kolk_019_001",
        "city": "Kolkata"
      },
      "geometry": {
        "type": "Polygon",
        "coordinates": [
          [
            [
              88.309,
              22.613
            ],
            [
              88.318,
              22.613
            ],
            [
              88.318,
              22.62
            ],
            [
              88.309,
              22.62
            ],
            [
              88.309,
              22.613
            ]
          ]
        ]
      }
    },
    {
      "type": "Feature",
      "properties": {
        "name": "Cell R19 C02",
        "code": "kolk_019_002",
        "city": "Kolkata"
      },
      "geometry": {
        "type": "Polygon",
        "coordinates": [
          [
            [
              88.318,
              22.613
            ],
            [
              88.327,
              22.613
            ],
            [
              88.327,
              22.62
            ],
            [
              88.318,
              22.62
            ],
            [
              88.318,
              22.613
            ]
          ]
        ]
      }
    },
    {
      "type": "Feature",
      "properties": {
        "name": "Cell R19 C03",
        "code": "kolk_019_003",
        "city": "Kolkata"
      },
      "geometry": {
        "type": "Polygon",
        "coordinates": [
          [
            [
              88.327,
              22.613
            ],
            [
              88.336,
              22.613
            ],
            [
              88.336,
              22.62
            ],
            [
              88.327,
              22.62
            ],
            [
              88.327,
              22.613
            ]
          ]
        ]
      }
    },
    {
      "type": "Feature",
      "properties": {
        "name": "Cell R19 C04",
        "code": "kolk_019_004",
        "city": "Kolkata"
      },
      "geometry": {
        "type": "Polygon",
        "coordinates": [
          [
            [
              88.336,
              22.613
            ],
            [
              88.345,
              22.613
            ],
            [
              88.345,
              22.62
            ],
            [
              88.336,
              22.62
            ],
            [
              88.336,
              22.613
            ]
          ]
        ]
      }
    },
    {
      "type": "Feature",
      "properties": {
        "name": "Cell R19 C05",
        "code": "kolk_019_005",
        "city": "Kolkata"
      },
      "geometry": {
        "type": "Polygon",
        "coordinates": [
          [
            [
              88.345,
              22.613
            ],
            [
              88.354,
              22.613
            ],
            [
              88.354,
              22.62
            ],
            [
              88.345,
              22.62
            ],
            [
              88.345,
              22.613
            ]
          ]
        ]
      }
    },
    {
      "type": "Feature",
      "properties": {
        "name": "Cell R19 C06",
        "code": "kolk_019_006",
        "city": "Kolkata"
      },
      "geometry": {
        "type": "Polygon",
        "coordinates": [
          [
            [
              88.354,
              22.613
            ],
            [
              88.363,
              22.613
            ],
            [
              88.363,
              22.62
            ],
            [
              88.354,
              22.62
            ],
            [
              88.354,
              22.613
            ]
          ]
        ]
      }
    },
    {
      "type": "Feature",
      "properties": {
        "name": "Cell R19 C07",
        "code": "kolk_019_007",
        "city": "Kolkata"
      },
      "geometry": {
        "type": "Polygon",
        "coordinates": [
          [
            [
              88.363,
              22.613
            ],
            [
              88.372,
              22.613
            ],
            [
              88.372,
              22.62
            ],
            [
              88.363,
              22.62
            ],
            [
              88.363,
              22.613
            ]
          ]
        ]
      }
    },
    {
      "type": "Feature",
      "properties": {
        "name": "Cell R19 C08",
        "code": "kolk_019_008",
        "city": "Kolkata"
      },
      "geometry": {
        "type": "Polygon",
        "coordinates": [
          [
            [
              88.372,
              22.613
            ],
            [
              88.381,
              22.613
            ],
            [
              88.381,
              22.62
            ],
            [
              88.372,
              22.62
            ],
            [
              88.372,
              22.613
            ]
          ]
        ]
      }
    },
    {
      "type": "Feature",
      "properties": {
        "name": "Cell R19 C09",
        "code": "kolk_019_009",
        "city": "Kolkata"
      },
      "geometry": {
        "type": "Polygon",
        "coordinates": [
          [
            [
              88.381,
              22.613
            ],
            [
              88.39,
              22.613
            ],
            [
              88.39,
              22.62
            ],
            [
              88.381,
              22.62
            ],
            [
              88.381,
              22.613
            ]
          ]
        ]
      }
    },
    {
      "type": "Feature",
      "properties": {
        "name": "Cell R19 C10",
        "code": "kolk_019_010",
        "city": "Kolkata"
      },
      "geometry": {
        "type": "Polygon",
        "coordinates": [
          [
            [
              88.39,
              22.613
            ],
            [
              88.399,
              22.613
            ],
            [
              88.399,
              22.62
            ],
            [
              88.39,
              22.62
            ],
            [
              88.39,
              22.613
            ]
          ]
        ]
      }
    },
    {
      "type": "Feature",
      "properties": {
        "name": "Cell R19 C11",
        "code": "kolk_019_011",
        "city": "Kolkata"
      },
      "geometry": {
        "type": "Polygon",
        "coordinates": [
          [
            [
              88.399,
              22.613
            ],
            [
              88.408,
              22.613
            ],
            [
              88.408,
              22.62
            ],
            [
              88.399,
              22.62
            ],
            [
              88.399,
              22.613
            ]
          ]
        ]
      }
    },
    {
      "type": "Feature",
      "properties": {
        "name": "Cell R19 C12",
        "code": "kolk_019_012",
        "city": "Kolkata"
      },
      "geometry": {
        "type": "Polygon",
        "coordinates": [
          [
            [
              88.408,
              22.613
            ],
            [
              88.417,
              22.613
            ],
            [
              88.417,
              22.62
            ],
            [
              88.408,
              22.62
            ],
            [
              88.408,
              22.613
            ]
          ]
        ]
      }
    },
    {
      "type": "Feature",
      "properties": {
        "name": "Cell R19 C13",
        "code": "kolk_019_013",
        "city": "Kolkata"
      },
      "geometry": {
        "type": "Polygon",
        "coordinates": [
          [
            [
              88.417,
              22.613
            ],
            [
              88.426,
              22.613
            ],
            [
              88.426,
              22.62
            ],
            [
              88.417,
              22.62
            ],
            [
              88.417,
              22.613
            ]
          ]
        ]
      }
    },
    {
      "type": "Feature",
      "properties": {
        "name": "Cell R19 C14",
        "code": "kolk_019_014",
        "city": "Kolkata"
      },
      "geometry": {
        "type": "Polygon",
        "coordinates": [
          [
            [
              88.426,
              22.613
            ],
            [
              88.435,
              22.613
            ],
            [
              88.435,
              22.62
            ],
            [
              88.426,
              22.62
            ],
            [
              88.426,
              22.613
            ]
          ]
        ]
      }
    },
    {
      "type": "Feature",
      "properties": {
        "name": "Cell R19 C15",
        "code": "kolk_019_015",
        "city": "Kolkata"
      },
      "geometry": {
        "type": "Polygon",
        "coordinates": [
          [
            [
              88.435,
              22.613
            ],
            [
              88.444,
              22.613
            ],
            [
              88.444,
              22.62
            ],
            [
              88.435,
              22.62
            ],
            [
              88.435,
              22.613
            ]
          ]
        ]
      }
    },
    {
      "type": "Feature",
      "properties": {
        "name": "Cell R19 C16",
        "code": "kolk_019_016",
        "city": "Kolkata"
      },
      "geometry": {
        "type": "Polygon",
        "coordinates": [
          [
            [
              88.444,
              22.613
            ],
            [
              88.453,
              22.613
            ],
            [
              88.453,
              22.62
            ],
            [
              88.444,
              22.62
            ],
            [
              88.444,
              22.613
            ]
          ]
        ]
      }
    },
    {
      "type": "Feature",
      "properties": {
        "name": "Cell R19 C17",
        "code": "kolk_019_017",
        "city": "Kolkata"
      },
      "geometry": {
        "type": "Polygon",
        "coordinates": [
          [
            [
              88.453,
              22.613
            ],
            [
              88.462,
              22.613
            ],
            [
              88.462,
              22.62
            ],
            [
              88.453,
              22.62
            ],
            [
              88.453,
              22.613
            ]
          ]
        ]
      }
    },
    {
      "type": "Feature",
      "properties": {
        "name": "Cell R19 C18",
        "code": "kolk_019_018",
        "city": "Kolkata"
      },
      "geometry": {
        "type": "Polygon",
        "coordinates": [
          [
            [
              88.462,
              22.613
            ],
            [
              88.471,
              22.613
            ],
            [
              88.471,
              22.62
            ],
            [
              88.462,
              22.62
            ],
            [
              88.462,
              22.613
            ]
          ]
        ]
      }
    },
    {
      "type": "Feature",
      "properties": {
        "name": "Cell R19 C19",
        "code": "kolk_019_019",
        "city": "Kolkata"
      },
      "geometry": {
        "type": "Polygon",
        "coordinates": [
          [
            [
              88.471,
              22.613
            ],
            [
              88.48,
              22.613
            ],
            [
              88.48,
              22.62
            ],
            [
              88.471,
              22.62
            ],
            [
              88.471,
              22.613
            ]
          ]
        ]
      }
    }
  ]
}