{
  "type": "FeatureCollection",
  "features": [
    {
      "type": "Feature",
      "properties": {
        "name": "Cell R00 C00",
        "code": "bang_000_000",
        "city": "Bangalore"
      },
      "geometry": {
        "type": "Polygon",
        "coordinates": [
          [
            [
              77.45,
              12.9
            ],
            [
              77.46000000000001,
              12.9
            ],
            [
              77.46000000000001,
              12.905000000000001
            ],
            [
              77.45,
              12.905000000000001
            ],
            [
              77.45,
              12.9
            ]
          ]
        ]
      }
    },
    {
      "type": "Feature",
      "properties": {
        "name": "Cell R00 C01",
        "code": "bang_000_001",
        "city": "Bangalore"
      },
      "geometry": {
        "type": "Polygon",
        "coordinates": [
          [
            [
              77.46000000000001,
              12.9
            ],
            [
              77.47000000000001,
              12.9
            ],
            [
              77.47000000000001,
              12.905000000000001
            ],
            [
              77.46000000000001,
              12.905000000000001
            ],
            [
              77.46000000000001,
              12.9
            ]
          ]
        ]
      }
    },
    {
      "type": "Feature",
      "properties": {
        "name": "Cell R00 C02",
        "code": "bang_000_002",
        "city": "Bangalore"
      },
      "geometry": {
        "type": "Polygon",
        "coordinates": [
          [
            [
              77.47,
              12.9
            ],
            [
              77.48,
              12.9
            ],
            [
              77.48,
              12.905000000000001
            ],
            [
              77.47,
              12.905000000000001
            ],
            [
              77.47,
              12.9
            ]
          ]
        ]
      }
    },
    {
      "type": "Feature",
      "properties": {
        "name": "Cell R00 C03",
        "code": "bang_000_003",
        "city": "Bangalore"
      },
      "geometry": {
        "type": "Polygon",
        "coordinates": [
          [
            [
              77.48,
              12.9
            ],
            [
              77.49000000000001,
              12.9
            ],
            [
              77.49000000000001,
              12.905000000000001
            ],
            [
              77.48,
              12.905000000000001
            ],
            [
              77.48,
              12.9
            ]
          ]
        ]
      }
    },
    {
      "type": "Feature",
      "properties": {
        "name": "Cell R00 C04",
        "code": "bang_000_004",
        "city": "Bangalore"
      },
      "geometry": {
        "type": "Polygon",
        "coordinates": [
          [
            [
              77.49000000000001,
              12.9
            ],
            [
              77.50000000000001,
              12.9
            ],
            [
              77.50000000000001,
              12.905000000000001
            ],
            [
              77.49000000000001,
              12.905000000000001
            ],
            [
              77.49000000000001,
              12.9
            ]
          ]
        ]
      }
    },
    {
      "type": "Feature",
      "properties": {
        "name": "Cell R00 C05",
        "code": "bang_000_005",
        "city": "Bangalore"
      },
      "geometry": {
        "type": "Polygon",
        "coordinates": [
          [
            [
              77.5,
              12.9
            ],
            [
              77.51,
              12.9
            ],
            [
              77.51,
              12.905000000000001
            ],
            [
              77.5,
              12.905000000000001
            ],
            [
              77.5,
              12.9
            ]
          ]
        ]
      }
    },
    {
      "type": "Feature",
      "properties": {
        "name": "Cell R00 C06",
        "code": "bang_000_006",
        "city": "Bangalore"
      },
      "geometry": {
        "type": "Polygon",
        "coordinates": [
          [
            [
              77.51,
              12.9
            ],
            [
              77.52000000000001,
              12.9
            ],
            [
              77.52000000000001,
              12.905000000000001
            ],
            [
              77.51,
              12.905000000000001
            ],
            [
              77.51,
              12.9
            ]
          ]
        ]
      }
    },
    {
      "type": "Feature",
      "properties": {
        "name": "Cell R00 C07",
        "code": "bang_000_007",
        "city": "Bangalore"
      },
      "geometry": {
        "type": "Polygon",
        "coordinates": [
          [
            [
              77.52000000000001,
              12.9
            ],
            [
              77.53000000000002,
              12.9
            ],
            [
              77.53000000000002,
              12.905000000000001
            ],
            [
              77.52000000000001,
              12.905000000000001
            ],
            [
              77.52000000000001,
              12.9
            ]
          ]
        ]
      }
    },
    {
      "type": "Feature",
      "properties": {
        "name": "Cell R00 C08",
        "code": "bang_000_008",
        "city": "Bangalore"
      },
      "geometry": {
        "type": "Polygon",
        "coordinates": [
          [
            [
              77.53,
              12.9
            ],
            [
              77.54,
              12.9
            ],
            [
              77.54,
              12.905000000000001
            ],
            [
              77.53,
              12.905000000000001
            ],
            [
              77.53,
              12.9
            ]
          ]
        ]
      }
    },
    {
      "type": "Feature",
      "properties": {
        "name": "Cell R00 C09",
        "code": "bang_000_009",
        "city": "Bangalore"
      },
      "geometry": {
        "type": "Polygon",
        "coordinates": [
          [
            [
              77.54,
              12.9
            ],
            [
              77.55000000000001,
              12.9
            ],
            [
              77.55000000000001,
              12.905000000000001
            ],
            [
              77.54,
              12.905000000000001
            ],
            [
              77.54,
              12.9
            ]
          ]
        ]
      }
    },
    {
      "type": "Feature",
      "properties": {
        "name": "Cell R00 C10",
        "code": "bang_000_010",
        "city": "Bangalore"
      },
      "geometry": {
        "type": "Polygon",
        "coordinates": [
          [
            [
              77.55000000000001,
              12.9
            ],
            [
              77.56000000000002,
              12.9
            ],
            [
              77.56000000000002,
              12.905000000000001
            ],
            [
              77.55000000000001,
              12.905000000000001
            ],
            [
              77.55000000000001,
              12.9
            ]
          ]
        ]
      }
    },
    {
      "type": "Feature",
      "properties": {
        "name": "Cell R00 C11",
        "code": "bang_000_011",
        "city": "Bangalore"
      },
      "geometry": {
        "type": "Polygon",
        "coordinates": [
          [
            [
              77.56,
              12.9
            ],
            [
              77.57000000000001,
              12.9
            ],
            [
              77.57000000000001,
              12.905000000000001
            ],
            [
              77.56,
              12.905000000000001
            ],
            [
              77.56,
              12.9
            ]
          ]
        ]
      }
    },
    {
      "type": "Feature",
      "properties": {
        "name": "Cell R00 C12",
        "code": "bang_000_012",
        "city": "Bangalore"
      },
      "geometry": {
        "type": "Polygon",
        "coordinates": [
          [
            [
              77.57000000000001,
              12.9
            ],
            [
              77.58000000000001,
              12.9
            ],
            [
              77.58000000000001,
              12.905000000000001
            ],
            [
              77.57000000000001,
              12.905000000000001
            ],
            [
              77.57000000000001,
              12.9
            ]
          ]
        ]
      }
    },
    {
      "type": "Feature",
      "properties": {
        "name": "Cell R00 C13",
        "code": "bang_000_013",
        "city": "Bangalore"
      },
      "geometry": {
        "type": "Polygon",
        "coordinates": [
          [
            [
              77.58,
              12.9
            ],
            [
              77.59,
              12.9
            ],
            [
              77.59,
              12.905000000000001
            ],
            [
              77.58,
              12.905000000000001
            ],
            [
              77.58,
              12.9
            ]
          ]
        ]
      }
    },
    {
      "type": "Feature",
      "properties": {
        "name": "Cell R00 C14",
        "code": "bang_000_014",
        "city": "Bangalore"
      },
      "geometry": {
        "type": "Polygon",
        "coordinates": [
          [
            [
              77.59,
              12.9
            ],
            [
              77.60000000000001,
              12.9
            ],
            [
              77.60000000000001,
              12.905000000000001
            ],
            [
              77.59,
              12.905000000000001
            ],
            [
              77.59,
              12.9
            ]
          ]
        ]
      }
    },
    {
      "type": "Feature",
      "properties": {
        "name": "Cell R00 C15",
        "code": "bang_000_015",
        "city": "Bangalore"
      },
      "geometry": {
        "type": "Polygon",
        "coordinates": [
          [
            [
              77.60000000000001,
              12.9
            ],
            [
              77.61000000000001,
              12.9
            ],
            [
              77.61000000000001,
              12.905000000000001
            ],
            [
              77.60000000000001,
              12.905000000000001
            ],
            [
              77.60000000000001,
              12.9
            ]
          ]
        ]
      }
    },
    {
      "type": "Feature",
      "properties": {
        "name": "Cell R00 C16",
        "code": "bang_000_016",
        "city": "Bangalore"
      },
      "geometry": {
        "type": "Polygon",
        "coordinates": [
          [
            [
              77.61,
              12.9
            ],
            [
              77.62,
              12.9
            ],
            [
              77.62,
              12.905000000000001
            ],
            [
              77.61,
              12.905000000000001
            ],
            [
              77.61,
              12.9
            ]
          ]
        ]
      }
    },
    {
      "type": "Feature",
      "properties": {
        "name": "Cell R00 C17",
        "code": "bang_000_017",
        "city": "Bangalore"
      },
      "geometry": {
        "type": "Polygon",
        "coordinates": [
          [
            [
              77.62,
              12.9
            ],
            [
              77.63000000000001,
              12.9
            ],
            [
              77.63000000000001,
              12.905000000000001
            ],
            [
              77.62,
              12.905000000000001
            ],
            [
              77.62,
              12.9
            ]
          ]
        ]
      }
    },
    {
      "type": "Feature",
      "properties": {
        "name": "Cell R00 C18",
        "code": "bang_000_018",
        "city": "Bangalore"
      },
      "geometry": {
        "type": "Polygon",
        "coordinates": [
          [
            [
              77.63000000000001,
              12.9
            ],
            [
              77.64000000000001,
              12.9
            ],
            [
              77.64000000000001,
              12.905000000000001
            ],
            [
              77.63000000000001,
              12.905000000000001
            ],
            [
              77.63000000000001,
              12.9
            ]
          ]
        ]
      }
    },
    {
      "type": "Feature",
      "properties": {
        "name": "Cell R00 C19",
        "code": "bang_000_019",
        "city": "Bangalore"
      },
      "geometry": {
        "type": "Polygon",
        "coordinates": [
          [
            [
              77.64,
              12.9
            ],
            [
              77.65,
              12.9
            ],
            [
              77.65,
              12.905000000000001
            ],
            [
              77.64,
              12.905000000000001
            ],
            [
              77.64,
              12.9
            ]
          ]
        ]
      }
    },
    {
      "type": "Feature",
      "properties": {
        "name": "Cell R01 C00",
        "code": "bang_001_000",
        "city": "Bangalore"
      },
      "geometry": {
        "type": "Polygon",
        "coordinates": [
          [
            [
              77.45,
              12.905000000000001
            ],
            [
              77.46000000000001,
              12.905000000000001
            ],
            [
              77.46000000000001,
              12.910000000000002
            ],
            [
              77.45,
              12.910000000000002
            ],
            [
              77.45,
              12.905000000000001
            ]
          ]
        ]
      }
    },
    {
      "type": "Feature",
      "properties": {
        "name": "Cell R01 C01",
        "code": "bang_001_001",
        "city": "Bangalore"
      },
      "geometry": {
        "type": "Polygon",
        "coordinates": [
          [
            [
              77.46000000000001,
              12.905000000000001
            ],
            [
              77.47000000000001,
              12.905000000000001
            ],
            [
              77.47000000000001,
              12.910000000000002
            ],
            [
              77.46000000000001,
              12.910000000000002
            ],
            [
              77.46000000000001,
              12.905000000000001
            ]
          ]
        ]
      }
    },
    {
      "type": "Feature",
      "properties": {
        "name": "Cell R01 C02",
        "code": "bang_001_002",
        "city": "Bangalore"
      },
      "geometry": {
        "type": "Polygon",
        "coordinates": [
          [
            [
              77.47,
              12.905000000000001
            ],
            [
              77.48,
              12.905000000000001
            ],
            [
              77.48,
              12.910000000000002
            ],
            [
              77.47,
              12.910000000000002
            ],
            [
              77.47,
              12.905000000000001
            ]
          ]
        ]
      }
    },
    {
      "type": "Feature",
      "properties": {
        "name": "Cell R01 C03",
        "code": "bang_001_003",
        "city": "Bangalore"
      },
      "geometry": {
        "type": "Polygon",
        "coordinates": [
          [
            [
              77.48,
              12.905000000000001
            ],
            [
              77.49000000000001,
              12.905000000000001
            ],
            [
              77.49000000000001,
              12.910000000000002
            ],
            [
              77.48,
              12.910000000000002
            ],
            [
              77.48,
              12.905000000000001
            ]
          ]
        ]
      }
    },
    {
      "type": "Feature",
      "properties": {
        "name": "Cell R01 C04",
        "code": "bang_001_004",
        "city": "Bangalore"
      },
      "geometry": {
        "type": "Polygon",
        "coordinates": [
          [
            [
              77.49000000000001,
              12.905000000000001
            ],
            [
              77.50000000000001,
              12.905000000000001
            ],
            [
              77.50000000000001,
              12.910000000000002
            ],
            [
              77.49000000000001,
              12.910000000000002
            ],
            [
              77.49000000000001,
              12.905000000000001
            ]
          ]
        ]
      }
    },
    {
      "type": "Feature",
      "properties": {
        "name": "Cell R01 C05",
        "code": "bang_001_005",
        "city": "Bangalore"
      },
      "geometry": {
        "type": "Polygon",
        "coordinates": [
          [
            [
              77.5,
              12.905000000000001
            ],
            [
              77.51,
              12.905000000000001
            ],
            [
              77.51,
              12.910000000000002
            ],
            [
              77.5,
              12.910000000000002
            ],
            [
              77.5,
              12.905000000000001
            ]
          ]
        ]
      }
    },
    {
      "type": "Feature",
      "properties": {
        "name": "Cell R01 C06",
        "code": "bang_001_006",
        "city": "Bangalore"
      },
      "geometry": {
        "type": "Polygon",
        "coordinates": [
          [
            [
              77.51,
              12.905000000000001
            ],
            [
              77.52000000000001,
              12.905000000000001
            ],
            [
              77.52000000000001,
              12.910000000000002
            ],
            [
              77.51,
              12.910000000000002
            ],
            [
              77.51,
              12.905000000000001
            ]
          ]
        ]
      }
    },
    {
      "type": "Feature",
      "properties": {
        "name": "Cell R01 C07",
        "code": "bang_001_007",
        "city": "Bangalore"
      },
      "geometry": {
        "type": "Polygon",
        "coordinates": [
          [
            [
              77.52000000000001,
              12.905000000000001
            ],
            [
              77.53000000000002,
              12.905000000000001
            ],
            [
              77.53000000000002,
              12.910000000000002
            ],
            [
              77.52000000000001,
              12.910000000000002
            ],
            [
              77.52000000000001,
              12.905000000000001
            ]
          ]
        ]
      }
    },
    {
      "type": "Feature",
      "properties": {
        "name": "Cell R01 C08",
        "code": "bang_001_008",
        "city": "Bangalore"
      },
      "geometry": {
        "type": "Polygon",
        "coordinates": [
          [
            [
              77.53,
              12.905000000000001
            ],
            [
              77.54,
              12.905000000000001
            ],
            [
              77.54,
              12.910000000000002
            ],
            [
              77.53,
              12.910000000000002
            ],
            [
              77.53,
              12.905000000000001
            ]
          ]
        ]
      }
    },
    {
      "type": "Feature",
      "properties": {
        "name": "Cell R01 C09",
        "code": "bang_001_009",
        "city": "Bangalore"
      },
      "geometry": {
        "type": "Polygon",
        "coordinates": [
          [
            [
              77.54,
              12.905000000000001
            ],
            [
              77.55000000000001,
              12.905000000000001
            ],
            [
              77.55000000000001,
              12.910000000000002
            ],
            [
              77.54,
              12.910000000000002
            ],
            [
              77.54,
              12.905000000000001
            ]
          ]
        ]
      }
    },
    {
      "type": "Feature",
      "properties": {
        "name": "Cell R01 C10",
        "code": "bang_001_010",
        "city": "Bangalore"
      },
      "geometry": {
        "type": "Polygon",
        "coordinates": [
          [
            [
              77.55000000000001,
              12.905000000000001
            ],
            [
              77.56000000000002,
              12.905000000000001
            ],
            [
              77.56000000000002,
              12.910000000000002
            ],
            [
              77.55000000000001,
              12.910000000000002
            ],
            [
              77.55000000000001,
              12.905000000000001
            ]
          ]
        ]
      }
    },
    {
      "type": "Feature",
      "properties": {
        "name": "Cell R01 C11",
        "code": "bang_001_011",
        "city": "Bangalore"
      },
      "geometry": {
        "type": "Polygon",
        "coordinates": [
          [
            [
              77.56,
              12.905000000000001
            ],
            [
              77.57000000000001,
              12.905000000000001
            ],
            [
              77.57000000000001,
              12.910000000000002
            ],
            [
              77.56,
              12.910000000000002
            ],
            [
              77.56,
              12.905000000000001
            ]
          ]
        ]
      }
    },
    {
      "type": "Feature",
      "properties": {
        "name": "Cell R01 C12",
        "code": "bang_001_012",
        "city": "Bangalore"
      },
      "geometry": {
        "type": "Polygon",
        "coordinates": [
          [
            [
              77.57000000000001,
              12.905000000000001
            ],
            [
              77.58000000000001,
              12.905000000000001
            ],
            [
              77.58000000000001,
              12.910000000000002
            ],
            [
              77.57000000000001,
              12.910000000000002
            ],
            [
              77.57000000000001,
              12.905000000000001
            ]
          ]
        ]
      }
    },
    {
      "type": "Feature",
      "properties": {
        "name": "Cell R01 C13",
        "code": "bang_001_013",
        "city": "Bangalore"
      },
      "geometry": {
        "type": "Polygon",
        "coordinates": [
          [
            [
              77.58,
              12.905000000000001
            ],
            [
              77.59,
              12.905000000000001
            ],
            [
              77.59,
              12.910000000000002
            ],
            [
              77.58,
              12.910000000000002
            ],
            [
              77.58,
              12.905000000000001
            ]
          ]
        ]
      }
    },
    {
      "type": "Feature",
      "properties": {
        "name": "Cell R01 C14",
        "code": "bang_001_014",
        "city": "Bangalore"
      },
      "geometry": {
        "type": "Polygon",
        "coordinates": [
          [
            [
              77.59,
              12.905000000000001
            ],
            [
              77.60000000000001,
              12.905000000000001
            ],
            [
              77.60000000000001,
              12.910000000000002
            ],
            [
              77.59,
              12.910000000000002
            ],
            [
              77.59,
              12.905000000000001
            ]
          ]
        ]
      }
    },
    {
      "type": "Feature",
      "properties": {
        "name": "Cell R01 C15",
        "code": "bang_001_015",
        "city": "Bangalore"
      },
      "geometry": {
        "type": "Polygon",
        "coordinates": [
          [
            [
              77.60000000000001,
              12.905000000000001
            ],
            [
              77.61000000000001,
              12.905000000000001
            ],
            [
              77.61000000000001,
              12.910000000000002
            ],
            [
              77.60000000000001,
              12.910000000000002
            ],
            [
              77.60000000000001,
              12.905000000000001
            ]
          ]
        ]
      }
    },
    {
      "type": "Feature",
      "properties": {
        "name": "Cell R01 C16",
        "code": "bang_001_016",
        "city": "Bangalore"
      },
      "geometry": {
        "type": "Polygon",
        "coordinates": [
          [
            [
              77.61,
              12.905000000000001
            ],
            [
              77.62,
              12.905000000000001
            ],
            [
              77.62,
              12.910000000000002
            ],
            [
              77.61,
              12.910000000000002
            ],
            [
              77.61,
              12.905000000000001
            ]
          ]
        ]
      }
    },
    {
      "type": "Feature",
      "properties": {
        "name": "Cell R01 C17",
        "code": "bang_001_017",
        "city": "Bangalore"
      },
      "geometry": {
        "type": "Polygon",
        "coordinates": [
          [
            [
              77.62,
              12.905000000000001
            ],
            [
              77.63000000000001,
              12.905000000000001
            ],
            [
              77.63000000000001,
              12.910000000000002
            ],
            [
              77.62,
              12.910000000000002
            ],
            [
              77.62,
              12.905000000000001
            ]
          ]
        ]
      }
    },
    {
      "type": "Feature",
      "properties": {
        "name": "Cell R01 C18",
        "code": "bang_001_018",
        "city": "Bangalore"
      },
      "geometry": {
        "type": "Polygon",
        "coordinates": [
          [
            [
              77.63000000000001,
              12.905000000000001
            ],
            [
              77.64000000000001,
              12.905000000000001
            ],
            [
              77.64000000000001,
              12.910000000000002
            ],
            [
              77.63000000000001,
              12.910000000000002
            ],
            [
              77.63000000000001,
              12.905000000000001
            ]
          ]
        ]
      }
    },
    {
      "type": "Feature",
      "properties": {
        "name": "Cell R01 C19",
        "code": "bang_001_019",
        "city": "Bangalore"
      },
      "geometry": {
        "type": "Polygon",
        "coordinates": [
          [
            [
              77.64,
              12.905000000000001
            ],
            [
              77.65,
              12.905000000000001
            ],
            [
              77.65,
              12.910000000000002
            ],
            [
              77.64,
              12.910000000000002
            ],
            [
              77.64,
              12.905000000000001
            ]
          ]
        ]
      }
    },
    {
      "type": "Feature",
      "properties": {
        "name": "Cell R02 C00",
        "code": "bang_002_000",
        "city": "Bangalore"
      },
      "geometry": {
        "type": "Polygon",
        "coordinates": [
          [
            [
              77.45,
              12.91
            ],
            [
              77.46000000000001,
              12.91
            ],
            [
              77.46000000000001,
              12.915000000000001
            ],
            [
              77.45,
              12.915000000000001
            ],
            [
              77.45,
              12.91
            ]
          ]
        ]
      }
    },
    {
      "type": "Feature",
      "properties": {
        "name": "Cell R02 C01",
        "code": "bang_002_001",
        "city": "Bangalore"
      },
      "geometry": {
        "type": "Polygon",
        "coordinates": [
          [
            [
              77.46000000000001,
              12.91
            ],
            [
              77.47000000000001,
              12.91
            ],
            [
              77.47000000000001,
              12.915000000000001
            ],
            [
              77.46000000000001,
              12.915000000000001
            ],
            [
              77.46000000000001,
              12.91
            ]
          ]
        ]
      }
    },
    {
      "type": "Feature",
      "properties": {
        "name": "Cell R02 C02",
        "code": "bang_002_002",
        "city": "Bangalore"
      },
      "geometry": {
        "type": "Polygon",
        "coordinates": [
          [
            [
              77.47,
              12.91
            ],
            [
              77.48,
              12.91
            ],
            [
              77.48,
              12.915000000000001
            ],
            [
              77.47,
              12.915000000000001
            ],
            [
              77.47,
              12.91
            ]
          ]
        ]
      }
    },
    {
      "type": "Feature",
      "properties": {
        "name": "Cell R02 C03",
        "code": "bang_002_003",
        "city": "Bangalore"
      },
      "geometry": {
        "type": "Polygon",
        "coordinates": [
          [
            [
              77.48,
              12.91
            ],
            [
              77.49000000000001,
              12.91
            ],
            [
              77.49000000000001,
              12.915000000000001
            ],
            [
              77.48,
              12.915000000000001
            ],
            [
              77.48,
              12.91
            ]
          ]
        ]
      }
    },
    {
      "type": "Feature",
      "properties": {
        "name": "Cell R02 C04",
        "code": "bang_002_004",
        "city": "Bangalore"
      },
      "geometry": {
        "type": "Polygon",
        "coordinates": [
          [
            [
              77.49000000000001,
              12.91
            ],
            [
              77.50000000000001,
              12.91
            ],
            [
              77.50000000000001,
              12.915000000000001
            ],
            [
              77.49000000000001,
              12.915000000000001
            ],
            [
              77.49000000000001,
              12.91
            ]
          ]
        ]
      }
    },
    {
      "type": "Feature",
      "properties": {
        "name": "Cell R02 C05",
        "code": "bang_002_005",
        "city": "Bangalore"
      },
      "geometry": {
        "type": "Polygon",
        "coordinates": [
          [
            [
              77.5,
              12.91
            ],
            [
              77.51,
              12.91
            ],
            [
              77.51,
              12.915000000000001
            ],
            [
              77.5,
              12.915000000000001
            ],
            [
              77.5,
              12.91
            ]
          ]
        ]
      }
    },
    {
      "type": "Feature",
      "properties": {
        "name": "Cell R02 C06",
        "code": "bang_002_006",
        "city": "Bangalore"
      },
      "geometry": {
        "type": "Polygon",
        "coordinates": [
          [
            [
              77.51,
              12.91
            ],
            [
              77.52000000000001,
              12.91
            ],
            [
              77.52000000000001,
              12.915000000000001
            ],
            [
              77.51,
              12.915000000000001
            ],
            [
              77.51,
              12.91
            ]
          ]
        ]
      }
    },
    {
      "type": "Feature",
      "properties": {
        "name": "Cell R02 C07",
        "code": "bang_002_007",
        "city": "Bangalore"
      },
      "geometry": {
        "type": "Polygon",
        "coordinates": [
          [
            [
              77.52000000000001,
              12.91
            ],
            [
              77.53000000000002,
              12.91
            ],
            [
              77.53000000000002,
              12.915000000000001
            ],
            [
              77.52000000000001,
              12.915000000000001
            ],
            [
              77.52000000000001,
              12.91
            ]
          ]
        ]
      }
    },
    {
      "type": "Feature",
      "properties": {
        "name": "Cell R02 C08",
        "code": "bang_002_008",
        "city": "Bangalore"
      },
      "geometry": {
        "type": "Polygon",
        "coordinates": [
          [
            [
              77.53,
              12.91
            ],
            [
              77.54,
              12.91
            ],
            [
              77.54,
              12.915000000000001
            ],
            [
              77.53,
              12.915000000000001
            ],
            [
              77.53,
              12.91
            ]
          ]
        ]
      }
    },
    {
      "type": "Feature",
      "properties": {
        "name": "Cell R02 C09",
        "code": "bang_002_009",
        "city": "Bangalore"
      },
      "geometry": {
        "type": "Polygon",
        "coordinates": [
          [
            [
              77.54,
              12.91
            ],
            [
              77.55000000000001,
              12.91
            ],
            [
              77.55000000000001,
              12.915000000000001
            ],
            [
              77.54,
              12.915000000000001
            ],
            [
              77.54,
              12.91
            ]
          ]
        ]
      }
    },
    {
      "type": "Feature",
      "properties": {
        "name": "Cell R02 C10",
        "code": "bang_002_010",
        "city": "Bangalore"
      },
      "geometry": {
        "type": "Polygon",
        "coordinates": [
          [
            [
              77.55000000000001,
              12.91
            ],
            [
              77.56000000000002,
              12.91
            ],
            [
              77.56000000000002,
              12.915000000000001
            ],
            [
              77.55000000000001,
              12.915000000000001
            ],
            [
              77.55000000000001,
              12.91
            ]
          ]
        ]
      }
    },
    {
      "type": "Feature",
      "properties": {
        "name": "Cell R02 C11",
        "code": "bang_002_011",
        "city": "Bangalore"
      },
      "geometry": {
        "type": "Polygon",
        "coordinates": [
          [
            [
              77.56,
              12.91
            ],
            [
              77.57000000000001,
              12.91
            ],
            [
              77.57000000000001,
              12.915000000000001
            ],
            [
              77.56,
              12.915000000000001
            ],
            [
              77.56,
              12.91
            ]
          ]
        ]
      }
    },
    {
      "type": "Feature",
      "properties": {
        "name": "Cell R02 C12",
        "code": "bang_002_012",
        "city": "Bangalore"
      },
      "geometry": {
        "type": "Polygon",
        "coordinates": [
          [
            [
              77.57000000000001,
              12.91
            ],
            [
              77.58000000000001,
              12.91
            ],
            [
              77.58000000000001,
              12.915000000000001
            ],
            [
              77.57000000000001,
              12.915000000000001
            ],
            [
              77.57000000000001,
              12.91
            ]
          ]
        ]
      }
    },
    {
      "type": "Feature",
      "properties": {
        "name": "Cell R02 C13",
        "code": "bang_002_013",
        "city": "Bangalore"
      },
      "geometry": {
        "type": "Polygon",
        "coordinates": [
          [
            [
              77.58,
              12.91
            ],
            [
              77.59,
              12.91
            ],
            [
              77.59,
              12.915000000000001
            ],
            [
              77.58,
              12.915000000000001
            ],
            [
              77.58,
              12.91
            ]
          ]
        ]
      }
    },
    {
      "type": "Feature",
      "properties": {
        "name": "Cell R02 C14",
        "code": "bang_002_014",
        "city": "Bangalore"
      },
      "geometry": {
        "type": "Polygon",
        "coordinates": [
          [
            [
              77.59,
              12.91
            ],
            [
              77.60000000000001,
              12.91
            ],
            [
              77.60000000000001,
              12.915000000000001
            ],
            [
              77.59,
              12.915000000000001
            ],
            [
              77.59,
              12.91
            ]
          ]
        ]
      }
    },
    {
      "type": "Feature",
      "properties": {
        "name": "Cell R02 C15",
        "code": "bang_002_015",
        "city": "Bangalore"
      },
      "geometry": {
        "type": "Polygon",
        "coordinates": [
          [
            [
              77.60000000000001,
              12.91
            ],
            [
              77.61000000000001,
              12.91
            ],
            [
              77.61000000000001,
              12.915000000000001
            ],
            [
              77.60000000000001,
              12.915000000000001
            ],
            [
              77.60000000000001,
              12.91
            ]
          ]
        ]
      }
    },
    {
      "type": "Feature",
      "properties": {
        "name": "Cell R02 C16",
        "code": "bang_002_016",
        "city": "Bangalore"
      },
      "geometry": {
        "type": "Polygon",
        "coordinates": [
          [
            [
              77.61,
              12.91
            ],
            [
              77.62,
              12.91
            ],
            [
              77.62,
              12.915000000000001
            ],
            [
              77.61,
              12.915000000000001
            ],
            [
              77.61,
              12.91
            ]
          ]
        ]
      }
    },
    {
      "type": "Feature",
      "properties": {
        "name": "Cell R02 C17",
        "code": "bang_002_017",
        "city": "Bangalore"
      },
      "geometry": {
        "type": "Polygon",
        "coordinates": [
          [
            [
              77.62,
              12.91
            ],
            [
              77.63000000000001,
              12.91
            ],
            [
              77.63000000000001,
              12.915000000000001
            ],
            [
              77.62,
              12.915000000000001
            ],
            [
              77.62,
              12.91
            ]
          ]
        ]
      }
    },
    {
      "type": "Feature",
      "properties": {
        "name": "Cell R02 C18",
        "code": "bang_002_018",
        "city": "Bangalore"
      },
      "geometry": {
        "type": "Polygon",
        "coordinates": [
          [
            [
              77.63000000000001,
              12.91
            ],
            [
              77.64000000000001,
              12.91
            ],
            [
              77.64000000000001,
              12.915000000000001
            ],
            [
              77.63000000000001,
              12.915000000000001
            ],
            [
              77.63000000000001,
              12.91
            ]
          ]
        ]
      }
    },
    {
      "type": "Feature",
      "properties": {
        "name": "Cell R02 C19",
        "code": "bang_002_019",
        "city": "Bangalore"
      },
      "geometry": {
        "type": "Polygon",
        "coordinates": [
          [
            [
              77.64,
              12.91
            ],
            [
              77.65,
              12.91
            ],
            [
              77.65,
              12.915000000000001
            ],
            [
              77.64,
              12.915000000000001
            ],
            [
              77.64,
              12.91
            ]
          ]
        ]
      }
    },
    {
      "type": "Feature",
      "properties": {
        "name": "Cell R03 C00",
        "code": "bang_003_000",
        "city": "Bangalore"
      },
      "geometry": {
        "type": "Polygon",
        "coordinates": [
          [
            [
              77.45,
              12.915000000000001
            ],
            [
              77.46000000000001,
              12.915000000000001
            ],
            [
              77.46000000000001,
              12.920000000000002
            ],
            [
              77.45,
              12.920000000000002
            ],
            [
              77.45,
              12.915000000000001
            ]
          ]
        ]
      }
    },
    {
      "type": "Feature",
      "properties": {
        "name": "Cell R03 C01",
        "code": "bang_003_001",
        "city": "Bangalore"
      },
      "geometry": {
        "type": "Polygon",
        "coordinates": [
          [
            [
              77.46000000000001,
              12.915000000000001
            ],
            [
              77.47000000000001,
              12.915000000000001
            ],
            [
              77.47000000000001,
              12.920000000000002
            ],
            [
              77.46000000000001,
              12.920000000000002
            ],
            [
              77.46000000000001,
              12.915000000000001
            ]
          ]
        ]
      }
    },
    {
      "type": "Feature",
      "properties": {
        "name": "Cell R03 C02",
        "code": "bang_003_002",
        "city": "Bangalore"
      },
      "geometry": {
        "type": "Polygon",
        "coordinates": [
          [
            [
              77.47,
              12.915000000000001
            ],
            [
              77.48,
              12.915000000000001
            ],
            [
              77.48,
              12.920000000000002
            ],
            [
              77.47,
              12.920000000000002
            ],
            [
              77.47,
              12.915000000000001
            ]
          ]
        ]
      }
    },
    {
      "type": "Feature",
      "properties": {
        "name": "Cell R03 C03",
        "code": "bang_003_003",
        "city": "Bangalore"
      },
      "geometry": {
        "type": "Polygon",
        "coordinates": [
          [
            [
              77.48,
              12.915000000000001
            ],
            [
              77.49000000000001,
              12.915000000000001
            ],
            [
              77.49000000000001,
              12.920000000000002
            ],
            [
              77.48,
              12.920000000000002
            ],
            [
              77.48,
              12.915000000000001
            ]
          ]
        ]
      }
    },
    {
      "type": "Feature",
      "properties": {
        "name": "Cell R03 C04",
        "code": "bang_003_004",
        "city": "Bangalore"
      },
      "geometry": {
        "type": "Polygon",
        "coordinates": [
          [
            [
              77.49000000000001,
              12.915000000000001
            ],
            [
              77.50000000000001,
              12.915000000000001
            ],
            [
              77.50000000000001,
              12.920000000000002
            ],
            [
              77.49000000000001,
              12.920000000000002
            ],
            [
              77.49000000000001,
              12.915000000000001
            ]
          ]
        ]
      }
    },
    {
      "type": "Feature",
      "properties": {
        "name": "Cell R03 C05",
        "code": "bang_003_005",
        "city": "Bangalore"
      },
      "geometry": {
        "type": "Polygon",
        "coordinates": [
          [
            [
              77.5,
              12.915000000000001
            ],
            [
              77.51,
              12.915000000000001
            ],
            [
              77.51,
              12.920000000000002
            ],
            [
              77.5,
              12.920000000000002
            ],
            [
              77.5,
              12.915000000000001
            ]
          ]
        ]
      }
    },
    {
      "type": "Feature",
      "properties": {
        "name": "Cell R03 C06",
        "code": "bang_003_006",
        "city": "Bangalore"
      },
      "geometry": {
        "type": "Polygon",
        "coordinates": [
          [
            [
              77.51,
              12.915000000000001
            ],
            [
              77.52000000000001,
              12.915000000000001
            ],
            [
              77.52000000000001,
              12.920000000000002
            ],
            [
              77.51,
              12.920000000000002
            ],
            [
              77.51,
              12.915000000000001
            ]
          ]
        ]
      }
    },
    {
      "type": "Feature",
      "properties": {
        "name": "Cell R03 C07",
        "code": "bang_003_007",
        "city": "Bangalore"
      },
      "geometry": {
        "type": "Polygon",
        "coordinates": [
          [
            [
              77.52000000000001,
              12.915000000000001
            ],
            [
              77.53000000000002,
              12.915000000000001
            ],
            [
              77.53000000000002,
              12.920000000000002
            ],
            [
              77.52000000000001,
              12.920000000000002
            ],
            [
              77.52000000000001,
              12.915000000000001
            ]
          ]
        ]
      }
    },
    {
      "type": "Feature",
      "properties": {
        "name": "Cell R03 C08",
        "code": "bang_003_008",
        "city": "Bangalore"
      },
      "geometry": {
        "type": "Polygon",
        "coordinates": [
          [
            [
              77.53,
              12.915000000000001
            ],
            [
              77.54,
              12.915000000000001
            ],
            [
              77.54,
              12.920000000000002
            ],
            [
              77.53,
              12.920000000000002
            ],
            [
              77.53,
              12.915000000000001
            ]
          ]
        ]
      }
    },
    {
      "type": "Feature",
      "properties": {
        "name": "Cell R03 C09",
        "code": "bang_003_009",
        "city": "Bangalore"
      },
      "geometry": {
        "type": "Polygon",
        "coordinates": [
          [
            [
              77.54,
              12.915000000000001
            ],
            [
              77.55000000000001,
              12.915000000000001
            ],
            [
              77.55000000000001,
              12.920000000000002
            ],
            [
              77.54,
              12.920000000000002
            ],
            [
              77.54,
              12.915000000000001
            ]
          ]
        ]
      }
    },
    {
      "type": "Feature",
      "properties": {
        "name": "Cell R03 C10",
        "code": "bang_003_010",
        "city": "Bangalore"
      },
      "geometry": {
        "type": "Polygon",
        "coordinates": [
          [
            [
              77.55000000000001,
              12.915000000000001
            ],
            [
              77.56000000000002,
              12.915000000000001
            ],
            [
              77.56000000000002,
              12.920000000000002
            ],
            [
              77.55000000000001,
              12.920000000000002
            ],
            [
              77.55000000000001,
              12.915000000000001
            ]
          ]
        ]
      }
    },
    {
      "type": "Feature",
      "properties": {
        "name": "Cell R03 C11",
        "code": "bang_003_011",
        "city": "Bangalore"
      },
      "geometry": {
        "type": "Polygon",
        "coordinates": [
          [
            [
              77.56,
              12.915000000000001
            ],
            [
              77.57000000000001,
              12.915000000000001
            ],
            [
              77.57000000000001,
              12.920000000000002
            ],
            [
              77.56,
              12.920000000000002
            ],
            [
              77.56,
              12.915000000000001
            ]
          ]
        ]
      }
    },
    {
      "type": "Feature",
      "properties": {
        "name": "Cell R03 C12",
        "code": "bang_003_012",
        "city": "Bangalore"
      },
      "geometry": {
        "type": "Polygon",
        "coordinates": [
          [
            [
              77.57000000000001,
              12.915000000000001
            ],
            [
              77.58000000000001,
              12.915000000000001
            ],
            [
              77.58000000000001,
              12.920000000000002
            ],
            [
              77.57000000000001,
              12.920000000000002
            ],
            [
              77.57000000000001,
              12.915000000000001
            ]
          ]
        ]
      }
    },
    {
      "type": "Feature",
      "properties": {
        "name": "Cell R03 C13",
        "code": "bang_003_013",
        "city": "Bangalore"
      },
      "geometry": {
        "type": "Polygon",
        "coordinates": [
          [
            [
              77.58,
              12.915000000000001
            ],
            [
              77.59,
              12.915000000000001
            ],
            [
              77.59,
              12.920000000000002
            ],
            [
              77.58,
              12.920000000000002
            ],
            [
              77.58,
              12.915000000000001
            ]
          ]
        ]
      }
    },
    {
      "type": "Feature",
      "properties": {
        "name": "Cell R03 C14",
        "code": "bang_003_014",
        "city": "Bangalore"
      },
      "geometry": {
        "type": "Polygon",
        "coordinates": [
          [
            [
              77.59,
              12.915000000000001
            ],
            [
              77.60000000000001,
              12.915000000000001
            ],
            [
              77.60000000000001,
              12.920000000000002
            ],
            [
              77.59,
              12.920000000000002
            ],
            [
              77.59,
              12.915000000000001
            ]
          ]
        ]
      }
    },
    {
      "type": "Feature",
      "properties": {
        "name": "Cell R03 C15",
        "code": "bang_003_015",
        "city": "Bangalore"
      },
      "geometry": {
        "type": "Polygon",
        "coordinates": [
          [
            [
              77.60000000000001,
              12.915000000000001
            ],
            [
              77.61000000000001,
              12.915000000000001
            ],
            [
              77.61000000000001,
              12.920000000000002
            ],
            [
              77.60000000000001,
              12.920000000000002
            ],
            [
              77.60000000000001,
              12.915000000000001
            ]
          ]
        ]
      }
    },
    {
      "type": "Feature",
      "properties": {
        "name": "Cell R03 C16",
        "code": "bang_003_016",
        "city": "Bangalore"
      },
      "geometry": {
        "type": "Polygon",
        "coordinates": [
          [
            [
              77.61,
              12.915000000000001
            ],
            [
              77.62,
              12.915000000000001
            ],
            [
              77.62,
              12.920000000000002
            ],
            [
              77.61,
              12.920000000000002
            ],
            [
              77.61,
              12.915000000000001
            ]
          ]
        ]
      }
    },
    {
      "type": "Feature",
      "properties": {
        "name": "Cell R03 C17",
        "code": "bang_003_017",
        "city": "Bangalore"
      },
      "geometry": {
        "type": "Polygon",
        "coordinates": [
          [
            [
              77.62,
              12.915000000000001
            ],
            [
              77.63000000000001,
              12.915000000000001
            ],
            [
              77.63000000000001,
              12.920000000000002
            ],
            [
              77.62,
              12.920000000000002
            ],
            [
              77.62,
              12.915000000000001
            ]
          ]
        ]
      }
    },
    {
      "type": "Feature",
      "properties": {
        "name": "Cell R03 C18",
        "code": "bang_003_018",
        "city": "Bangalore"
      },
      "geometry": {
        "type": "Polygon",
        "coordinates": [
          [
            [
              77.63000000000001,
              12.915000000000001
            ],
            [
              77.64000000000001,
              12.915000000000001
            ],
            [
              77.64000000000001,
              12.920000000000002
            ],
            [
              77.63000000000001,
              12.920000000000002
            ],
            [
              77.63000000000001,
              12.915000000000001
            ]
          ]
        ]
      }
    },
    {
      "type": "Feature",
      "properties": {
        "name": "Cell R03 C19",
        "code": "bang_003_019",
        "city": "Bangalore"
      },
      "geometry": {
        "type": "Polygon",
        "coordinates": [
          [
            [
              77.64,
              12.915000000000001
            ],
            [
              77.65,
              12.915000000000001
            ],
            [
              77.65,
              12.920000000000002
            ],
            [
              77.64,
              12.920000000000002
            ],
            [
              77.64,
              12.915000000000001
            ]
          ]
        ]
      }
    },
    {
      "type": "Feature",
      "properties": {
        "name": "Cell R04 C00",
        "code": "bang_004_000",
        "city": "Bangalore"
      },
      "geometry": {
        "type": "Polygon",
        "coordinates": [
          [
            [
              77.45,
              12.92
            ],
            [
              77.46000000000001,
              12.92
            ],
            [
              77.46000000000001,
              12.925
            ],
            [
              77.45,
              12.925
            ],
            [
              77.45,
              12.92
            ]
          ]
        ]
      }
    },
    {
      "type": "Feature",
      "properties": {
        "name": "Cell R04 C01",
        "code": "bang_004_001",
        "city": "Bangalore"
      },
      "geometry": {
        "type": "Polygon",
        "coordinates": [
          [
            [
              77.46000000000001,
              12.92
            ],
            [
              77.47000000000001,
              12.92
            ],
            [
              77.47000000000001,
              12.925
            ],
            [
              77.46000000000001,
              12.925
            ],
            [
              77.46000000000001,
              12.92
            ]
          ]
        ]
      }
    },
    {
      "type": "Feature",
      "properties": {
        "name": "Cell R04 C02",
        "code": "bang_004_002",
        "city": "Bangalore"
      },
      "geometry": {
        "type": "Polygon",
        "coordinates": [
          [
            [
              77.47,
              12.92
            ],
            [
              77.48,
              12.92
            ],
            [
              77.48,
              12.925
            ],
            [
              77.47,
              12.925
            ],
            [
              77.47,
              12.92
            ]
          ]
        ]
      }
    },
    {
      "type": "Feature",
      "properties": {
        "name": "Cell R04 C03",
        "code": "bang_004_003",
        "city": "Bangalore"
      },
      "geometry": {
        "type": "Polygon",
        "coordinates": [
          [
            [
              77.48,
              12.92
            ],
            [
              77.49000000000001,
              12.92
            ],
            [
              77.49000000000001,
              12.925
            ],
            [
              77.48,
              12.925
            ],
            [
              77.48,
              12.92
            ]
          ]
        ]
      }
    },
    {
      "type": "Feature",
      "properties": {
        "name": "Cell R04 C04",
        "code": "bang_004_004",
        "city": "Bangalore"
      },
      "geometry": {
        "type": "Polygon",
        "coordinates": [
          [
            [
              77.49000000000001,
              12.92
            ],
            [
              77.50000000000001,
              12.92
            ],
            [
              77.50000000000001,
              12.925
            ],
            [
              77.49000000000001,
              12.925
            ],
            [
              77.49000000000001,
              12.92
            ]
          ]
        ]
      }
    },
    {
      "type": "Feature",
      "properties": {
        "name": "Cell R04 C05",
        "code": "bang_004_005",
        "city": "Bangalore"
      },
      "geometry": {
        "type": "Polygon",
        "coordinates": [
          [
            [
              77.5,
              12.92
            ],
            [
              77.51,
              12.92
            ],
            [
              77.51,
              12.925
            ],
            [
              77.5,
              12.925
            ],
            [
              77.5,
              12.92
            ]
          ]
        ]
      }
    },
    {
      "type": "Feature",
      "properties": {
        "name": "Cell R04 C06",
        "code": "bang_004_006",
        "city": "Bangalore"
      },
      "geometry": {
        "type": "Polygon",
        "coordinates": [
          [
            [
              77.51,
              12.92
            ],
            [
              77.52000000000001,
              12.92
            ],
            [
              77.52000000000001,
              12.925
            ],
            [
              77.51,
              12.925
            ],
            [
              77.51,
              12.92
            ]
          ]
        ]
      }
    },
    {
      "type": "Feature",
      "properties": {
        "name": "Cell R04 C07",
        "code": "bang_004_007",
        "city": "Bangalore"
      },
      "geometry": {
        "type": "Polygon",
        "coordinates": [
          [
            [
              77.52000000000001,
              12.92
            ],
            [
              77.53000000000002,
              12.92
            ],
            [
              77.53000000000002,
              12.925
            ],
            [
              77.52000000000001,
              12.925
            ],
            [
              77.52000000000001,
              12.92
            ]
          ]
        ]
      }
    },
    {
      "type": "Feature",
      "properties": {
        "name": "Cell R04 C08",
        "code": "bang_004_008",
        "city": "Bangalore"
      },
      "geometry": {
        "type": "Polygon",
        "coordinates": [
          [
            [
              77.53,
              12.92
            ],
            [
              77.54,
              12.92
            ],
            [
              77.54,
              12.925
            ],
            [
              77.53,
              12.925
            ],
            [
              77.53,
              12.92
            ]
          ]
        ]
      }
    },
    {
      "type": "Feature",
      "properties": {
        "name": "Cell R04 C09",
        "code": "bang_004_009",
        "city": "Bangalore"
      },
      "geometry": {
        "type": "Polygon",
        "coordinates": [
          [
            [
              77.54,
              12.92
            ],
            [
              77.55000000000001,
              12.92
            ],
            [
              77.55000000000001,
              12.925
            ],
            [
              77.54,
              12.925
            ],
            [
              77.54,
              12.92
            ]
          ]
        ]
      }
    },
    {
      "type": "Feature",
      "properties": {
        "name": "Cell R04 C10",
        "code": "bang_004_010",
        "city": "Bangalore"
      },
      "geometry": {
        "type": "Polygon",
        "coordinates": [
          [
            [
              77.55000000000001,
              12.92
            ],
            [
              77.56000000000002,
              12.92
            ],
            [
              77.56000000000002,
              12.925
            ],
            [
              77.55000000000001,
              12.925
            ],
            [
              77.55000000000001,
              12.92
            ]
          ]
        ]
      }
    },
    {
      "type": "Feature",
      "properties": {
        "name": "Cell R04 C11",
        "code": "bang_004_011",
        "city": "Bangalore"
      },
      "geometry": {
        "type": "Polygon",
        "coordinates": [
          [
            [
              77.56,
              12.92
            ],
            [
              77.57000000000001,
              12.92
            ],
            [
              77.57000000000001,
              12.925
            ],
            [
              77.56,
              12.925
            ],
            [
              77.56,
              12.92
            ]
          ]
        ]
      }
    },
    {
      "type": "Feature",
      "properties": {
        "name": "Cell R04 C12",
        "code": "bang_004_012",
        "city": "Bangalore"
      },
      "geometry": {
        "type": "Polygon",
        "coordinates": [
          [
            [
              77.57000000000001,
              12.92
            ],
            [
              77.58000000000001,
              12.92
            ],
            [
              77.58000000000001,
              12.925
            ],
            [
              77.57000000000001,
              12.925
            ],
            [
              77.57000000000001,
              12.92
            ]
          ]
        ]
      }
    },
    {
      "type": "Feature",
      "properties": {
        "name": "Cell R04 C13",
        "code": "bang_004_013",
        "city": "Bangalore"
      },
      "geometry": {
        "type": "Polygon",
        "coordinates": [
          [
            [
              77.58,
              12.92
            ],
            [
              77.59,
              12.92
            ],
            [
              77.59,
              12.925
            ],
            [
              77.58,
              12.925
            ],
            [
              77.58,
              12.92
            ]
          ]
        ]
      }
    },
    {
      "type": "Feature",
      "properties": {
        "name": "Cell R04 C14",
        "code": "bang_004_014",
        "city": "Bangalore"
      },
      "geometry": {
        "type": "Polygon",
        "coordinates": [
          [
            [
              77.59,
              12.92
            ],
            [
              77.60000000000001,
              12.92
            ],
            [
              77.60000000000001,
              12.925
            ],
            [
              77.59,
              12.925
            ],
            [
              77.59,
              12.92
            ]
          ]
        ]
      }
    },
    {
      "type": "Feature",
      "properties": {
        "name": "Cell R04 C15",
        "code": "bang_004_015",
        "city": "Bangalore"
      },
      "geometry": {
        "type": "Polygon",
        "coordinates": [
          [
            [
              77.60000000000001,
              12.92
            ],
            [
              77.61000000000001,
              12.92
            ],
            [
              77.61000000000001,
              12.925
            ],
            [
              77.60000000000001,
              12.925
            ],
            [
              77.60000000000001,
              12.92
            ]
          ]
        ]
      }
    },
    {
      "type": "Feature",
      "properties": {
        "name": "Cell R04 C16",
        "code": "bang_004_016",
        "city": "Bangalore"
      },
      "geometry": {
        "type": "Polygon",
        "coordinates": [
          [
            [
              77.61,
              12.92
            ],
            [
              77.62,
              12.92
            ],
            [
              77.62,
              12.925
            ],
            [
              77.61,
              12.925
            ],
            [
              77.61,
              12.92
            ]
          ]
        ]
      }
    },
    {
      "type": "Feature",
      "properties": {
        "name": "Cell R04 C17",
        "code": "bang_004_017",
        "city": "Bangalore"
      },
      "geometry": {
        "type": "Polygon",
        "coordinates": [
          [
            [
              77.62,
              12.92
            ],
            [
              77.63000000000001,
              12.92
            ],
            [
              77.63000000000001,
              12.925
            ],
            [
              77.62,
              12.925
            ],
            [
              77.62,
              12.92
            ]
          ]
        ]
      }
    },
    {
      "type": "Feature",
      "properties": {
        "name": "Cell R04 C18",
        "code": "bang_004_018",
        "city": "Bangalore"
      },
      "geometry": {
        "type": "Polygon",
        "coordinates": [
          [
            [
              77.63000000000001,
              12.92
            ],
            [
              77.64000000000001,
              12.92
            ],
            [
              77.64000000000001,
              12.925
            ],
            [
              77.63000000000001,
              12.925
            ],
            [
              77.63000000000001,
              12.92
            ]
          ]
        ]
      }
    },
    {
      "type": "Feature",
      "properties": {
        "name": "Cell R04 C19",
        "code": "bang_004_019",
        "city": "Bangalore"
      },
      "geometry": {
        "type": "Polygon",
        "coordinates": [
          [
            [
              77.64,
              12.92
            ],
            [
              77.65,
              12.92
            ],
            [
              77.65,
              12.925
            ],
            [
              77.64,
              12.925
            ],
            [
              77.64,
              12.92
            ]
          ]
        ]
      }
    },
    {
      "type": "Feature",
      "properties": {
        "name": "Cell R05 C00",
        "code": "bang_005_000",
        "city": "Bangalore"
      },
      "geometry": {
        "type": "Polygon",
        "coordinates": [
          [
            [
              77.45,
              12.925
            ],
            [
              77.46000000000001,
              12.925
            ],
            [
              77.46000000000001,
              12.930000000000001
            ],
            [
              77.45,
              12.930000000000001
            ],
            [
              77.45,
              12.925
            ]
          ]
        ]
      }
    },
    {
      "type": "Feature",
      "properties": {
        "name": "Cell R05 C01",
        "code": "bang_005_001",
        "city": "Bangalore"
      },
      "geometry": {
        "type": "Polygon",
        "coordinates": [
          [
            [
              77.46000000000001,
              12.925
            ],
            [
              77.47000000000001,
              12.925
            ],
            [
              77.47000000000001,
              12.930000000000001
            ],
            [
              77.46000000000001,
              12.930000000000001
            ],
            [
              77.46000000000001,
              12.925
            ]
          ]
        ]
      }
    },
    {
      "type": "Feature",
      "properties": {
        "name": "Cell R05 C02",
        "code": "bang_005_002",
        "city": "Bangalore"
      },
      "geometry": {
        "type": "Polygon",
        "coordinates": [
          [
            [
              77.47,
              12.925
            ],
            [
              77.48,
              12.925
            ],
            [
              77.48,
              12.930000000000001
            ],
            [
              77.47,
              12.930000000000001
            ],
            [
              77.47,
              12.925
            ]
          ]
        ]
      }
    },
    {
      "type": "Feature",
      "properties": {
        "name": "Cell R05 C03",
        "code": "bang_005_003",
        "city": "Bangalore"
      },
      "geometry": {
        "type": "Polygon",
        "coordinates": [
          [
            [
              77.48,
              12.925
            ],
            [
              77.49000000000001,
              12.925
            ],
            [
              77.49000000000001,
              12.930000000000001
            ],
            [
              77.48,
              12.930000000000001
            ],
            [
              77.48,
              12.925
            ]
          ]
        ]
      }
    },
    {
      "type": "Feature",
      "properties": {
        "name": "Cell R05 C04",
        "code": "bang_005_004",
        "city": "Bangalore"
      },
      "geometry": {
        "type": "Polygon",
        "coordinates": [
          [
            [
              77.49000000000001,
              12.925
            ],
            [
              77.50000000000001,
              12.925
            ],
            [
              77.50000000000001,
              12.930000000000001
            ],
            [
              77.49000000000001,
              12.930000000000001
            ],
            [
              77.49000000000001,
              12.925
            ]
          ]
        ]
      }
    },
    {
      "type": "Feature",
      "properties": {
        "name": "Cell R05 C05",
        "code": "bang_005_005",
        "city": "Bangalore"
      },
      "geometry": {
        "type": "Polygon",
        "coordinates": [
          [
            [
              77.5,
              12.925
            ],
            [
              77.51,
              12.925
            ],
            [
              77.51,
              12.930000000000001
            ],
            [
              77.5,
              12.930000000000001
            ],
            [
              77.5,
              12.925
            ]
          ]
        ]
      }
    },
    {
      "type": "Feature",
      "properties": {
        "name": "Cell R05 C06",
        "code": "bang_005_006",
        "city": "Bangalore"
      },
      "geometry": {
        "type": "Polygon",
        "coordinates": [
          [
            [
              77.51,
              12.925
            ],
            [
              77.52000000000001,
              12.925
            ],
            [
              77.52000000000001,
              12.930000000000001
            ],
            [
              77.51,
              12.930000000000001
            ],
            [
              77.51,
              12.925
            ]
          ]
        ]
      }
    },
    {
      "type": "Feature",
      "properties": {
        "name": "Cell R05 C07",
        "code": "bang_005_007",
        "city": "Bangalore"
      },
      "geometry": {
        "type": "Polygon",
        "coordinates": [
          [
            [
              77.52000000000001,
              12.925
            ],
            [
              77.53000000000002,
              12.925
            ],
            [
              77.53000000000002,
              12.930000000000001
            ],
            [
              77.52000000000001,
              12.930000000000001
            ],
            [
              77.52000000000001,
              12.925
            ]
          ]
        ]
      }
    },
    {
      "type": "Feature",
      "properties": {
        "name": "Cell R05 C08",
        "code": "bang_005_008",
        "city": "Bangalore"
      },
      "geometry": {
        "type": "Polygon",
        "coordinates": [
          [
            [
              77.53,
              12.925
            ],
            [
              77.54,
              12.925
            ],
            [
              77.54,
              12.930000000000001
            ],
            [
              77.53,
              12.930000000000001
            ],
            [
              77.53,
              12.925
            ]
          ]
        ]
      }
    },
    {
      "type": "Feature",
      "properties": {
        "name": "Cell R05 C09",
        "code": "bang_005_009",
        "city": "Bangalore"
      },
      "geometry": {
        "type": "Polygon",
        "coordinates": [
          [
            [
              77.54,
              12.925
            ],
            [
              77.55000000000001,
              12.925
            ],
            [
              77.55000000000001,
              12.930000000000001
            ],
            [
              77.54,
              12.930000000000001
            ],
            [
              77.54,
              12.925
            ]
          ]
        ]
      }
    },
    {
      "type": "Feature",
      "properties": {
        "name": "Cell R05 C10",
        "code": "bang_005_010",
        "city": "Bangalore"
      },
      "geometry": {
        "type": "Polygon",
        "coordinates": [
          [
            [
              77.55000000000001,
              12.925
            ],
            [
              77.56000000000002,
              12.925
            ],
            [
              77.56000000000002,
              12.930000000000001
            ],
            [
              77.55000000000001,
              12.930000000000001
            ],
            [
              77.55000000000001,
              12.925
            ]
          ]
        ]
      }
    },
    {
      "type": "Feature",
      "properties": {
        "name": "Cell R05 C11",
        "code": "bang_005_011",
        "city": "Bangalore"
      },
      "geometry": {
        "type": "Polygon",
        "coordinates": [
          [
            [
              77.56,
              12.925
            ],
            [
              77.57000000000001,
              12.925
            ],
            [
              77.57000000000001,
              12.930000000000001
            ],
            [
              77.56,
              12.930000000000001
            ],
            [
              77.56,
              12.925
            ]
          ]
        ]
      }
    },
    {
      "type": "Feature",
      "properties": {
        "name": "Cell R05 C12",
        "code": "bang_005_012",
        "city": "Bangalore"
      },
      "geometry": {
        "type": "Polygon",
        "coordinates": [
          [
            [
              77.57000000000001,
              12.925
            ],
            [
              77.58000000000001,
              12.925
            ],
            [
              77.58000000000001,
              12.930000000000001
            ],
            [
              77.57000000000001,
              12.930000000000001
            ],
            [
              77.57000000000001,
              12.925
            ]
          ]
        ]
      }
    },
    {
      "type": "Feature",
      "properties": {
        "name": "Cell R05 C13",
        "code": "bang_005_013",
        "city": "Bangalore"
      },
      "geometry": {
        "type": "Polygon",
        "coordinates": [
          [
            [
              77.58,
              12.925
            ],
            [
              77.59,
              12.925
            ],
            [
              77.59,
              12.930000000000001
            ],
            [
              77.58,
              12.930000000000001
            ],
            [
              77.58,
              12.925
            ]
          ]
        ]
      }
    },
    {
      "type": "Feature",
      "properties": {
        "name": "Cell R05 C14",
        "code": "bang_005_014",
        "city": "Bangalore"
      },
      "geometry": {
        "type": "Polygon",
        "coordinates": [
          [
            [
              77.59,
              12.925
            ],
            [
              77.60000000000001,
              12.925
            ],
            [
              77.60000000000001,
              12.930000000000001
            ],
            [
              77.59,
              12.930000000000001
            ],
            [
              77.59,
              12.925
            ]
          ]
        ]
      }
    },
    {
      "type": "Feature",
      "properties": {
        "name": "Cell R05 C15",
        "code": "bang_005_015",
        "city": "Bangalore"
      },
      "geometry": {
        "type": "Polygon",
        "coordinates": [
          [
            [
              77.60000000000001,
              12.925
            ],
            [
              77.61000000000001,
              12.925
            ],
            [
              77.61000000000001,
              12.930000000000001
            ],
            [
              77.60000000000001,
              12.930000000000001
            ],
            [
              77.60000000000001,
              12.925
            ]
          ]
        ]
      }
    },
    {
      "type": "Feature",
      "properties": {
        "name": "Cell R05 C16",
        "code": "bang_005_016",
        "city": "Bangalore"
      },
      "geometry": {
        "type": "Polygon",
        "coordinates": [
          [
            [
              77.61,
              12.925
            ],
            [
              77.62,
              12.925
            ],
            [
              77.62,
              12.930000000000001
            ],
            [
              77.61,
              12.930000000000001
            ],
            [
              77.61,
              12.925
            ]
          ]
        ]
      }
    },
    {
      "type": "Feature",
      "properties": {
        "name": "Cell R05 C17",
        "code": "bang_005_017",
        "city": "Bangalore"
      },
      "geometry": {
        "type": "Polygon",
        "coordinates": [
          [
            [
              77.62,
              12.925
            ],
            [
              77.63000000000001,
              12.925
            ],
            [
              77.63000000000001,
              12.930000000000001
            ],
            [
              77.62,
              12.930000000000001
            ],
            [
              77.62,
              12.925
            ]
          ]
        ]
      }
    },
    {
      "type": "Feature",
      "properties": {
        "name": "Cell R05 C18",
        "code": "bang_005_018",
        "city": "Bangalore"
      },
      "geometry": {
        "type": "Polygon",
        "coordinates": [
          [
            [
              77.63000000000001,
              12.925
            ],
            [
              77.64000000000001,
              12.925
            ],
            [
              77.64000000000001,
              12.930000000000001
            ],
            [
              77.63000000000001,
              12.930000000000001
            ],
            [
              77.63000000000001,
              12.925
            ]
          ]
        ]
      }
    },
    {
      "type": "Feature",
      "properties": {
        "name": "Cell R05 C19",
        "code": "bang_005_019",
        "city": "Bangalore"
      },
      "geometry": {
        "type": "Polygon",
        "coordinates": [
          [
            [
              77.64,
              12.925
            ],
            [
              77.65,
              12.925
            ],
            [
              77.65,
              12.930000000000001
            ],
            [
              77.64,
              12.930000000000001
            ],
            [
              77.64,
              12.925
            ]
          ]
        ]
      }
    },
    {
      "type": "Feature",
      "properties": {
        "name": "Cell R06 C00",
        "code": "bang_006_000",
        "city": "Bangalore"
      },
      "geometry": {
        "type": "Polygon",
        "coordinates": [
          [
            [
              77.45,
              12.93
            ],
            [
              77.46000000000001,
              12.93
            ],
            [
              77.46000000000001,
              12.935
            ],
            [
              77.45,
              12.935
            ],
            [
              77.45,
              12.93
            ]
          ]
        ]
      }
    },
    {
      "type": "Feature",
      "properties": {
        "name": "Cell R06 C01",
        "code": "bang_006_001",
        "city": "Bangalore"
      },
      "geometry": {
        "type": "Polygon",
        "coordinates": [
          [
            [
              77.46000000000001,
              12.93
            ],
            [
              77.47000000000001,
              12.93
            ],
            [
              77.47000000000001,
              12.935
            ],
            [
              77.46000000000001,
              12.935
            ],
            [
              77.46000000000001,
              12.93
            ]
          ]
        ]
      }
    },
    {
      "type": "Feature",
      "properties": {
        "name": "Cell R06 C02",
        "code": "bang_006_002",
        "city": "Bangalore"
      },
      "geometry": {
        "type": "Polygon",
        "coordinates": [
          [
            [
              77.47,
              12.93
            ],
            [
              77.48,
              12.93
            ],
            [
              77.48,
              12.935
            ],
            [
              77.47,
              12.935
            ],
            [
              77.47,
              12.93
            ]
          ]
        ]
      }
    },
    {
      "type": "Feature",
      "properties": {
        "name": "Cell R06 C03",
        "code": "bang_006_003",
        "city": "Bangalore"
      },
      "geometry": {
        "type": "Polygon",
        "coordinates": [
          [
            [
              77.48,
              12.93
            ],
            [
              77.49000000000001,
              12.93
            ],
            [
              77.49000000000001,
              12.935
            ],
            [
              77.48,
              12.935
            ],
            [
              77.48,
              12.93
            ]
          ]
        ]
      }
    },
    {
      "type": "Feature",
      "properties": {
        "name": "Cell R06 C04",
        "code": "bang_006_004",
        "city": "Bangalore"
      },
      "geometry": {
        "type": "Polygon",
        "coordinates": [
          [
            [
              77.49000000000001,
              12.93
            ],
            [
              77.50000000000001,
              12.93
            ],
            [
              77.50000000000001,
              12.935
            ],
            [
              77.49000000000001,
              12.935
            ],
            [
              77.49000000000001,
              12.93
            ]
          ]
        ]
      }
    },
    {
      "type": "Feature",
      "properties": {
        "name": "Cell R06 C05",
        "code": "bang_006_005",
        "city": "Bangalore"
      },
      "geometry": {
        "type": "Polygon",
        "coordinates": [
          [
            [
              77.5,
              12.93
            ],
            [
              77.51,
              12.93
            ],
            [
              77.51,
              12.935
            ],
            [
              77.5,
              12.935
            ],
            [
              77.5,
              12.93
            ]
          ]
        ]
      }
    },
    {
      "type": "Feature",
      "properties": {
        "name": "Cell R06 C06",
        "code": "bang_006_006",
        "city": "Bangalore"
      },
      "geometry": {
        "type": "Polygon",
        "coordinates": [
          [
            [
              77.51,
              12.93
            ],
            [
              77.52000000000001,
              12.93
            ],
            [
              77.52000000000001,
              12.935
            ],
            [
              77.51,
              12.935
            ],
            [
              77.51,
              12.93
            ]
          ]
        ]
      }
    },
    {
      "type": "Feature",
      "properties": {
        "name": "Cell R06 C07",
        "code": "bang_006_007",
        "city": "Bangalore"
      },
      "geometry": {
        "type": "Polygon",
        "coordinates": [
          [
            [
              77.52000000000001,
              12.93
            ],
            [
              77.53000000000002,
              12.93
            ],
            [
              77.53000000000002,
              12.935
            ],
            [
              77.52000000000001,
              12.935
            ],
            [
              77.52000000000001,
              12.93
            ]
          ]
        ]
      }
    },
    {
      "type": "Feature",
      "properties": {
        "name": "Cell R06 C08",
        "code": "bang_006_008",
        "city": "Bangalore"
      },
      "geometry": {
        "type": "Polygon",
        "coordinates": [
          [
            [
              77.53,
              12.93
            ],
            [
              77.54,
              12.93
            ],
            [
              77.54,
              12.935
            ],
            [
              77.53,
              12.935
            ],
            [
              77.53,
              12.93
            ]
          ]
        ]
      }
    },
    {
      "type": "Feature",
      "properties": {
        "name": "Cell R06 C09",
        "code": "bang_006_009",
        "city": "Bangalore"
      },
      "geometry": {
        "type": "Polygon",
        "coordinates": [
          [
            [
              77.54,
              12.93
            ],
            [
              77.55000000000001,
              12.93
            ],
            [
              77.55000000000001,
              12.935
            ],
            [
              77.54,
              12.935
            ],
            [
              77.54,
              12.93
            ]
          ]
        ]
      }
    },
    {
      "type": "Feature",
      "properties": {
        "name": "Cell R06 C10",
        "code": "bang_006_010",
        "city": "Bangalore"
      },
      "geometry": {
        "type": "Polygon",
        "coordinates": [
          [
            [
              77.55000000000001,
              12.93
            ],
            [
              77.56000000000002,
              12.93
            ],
            [
              77.56000000000002,
              12.935
            ],
            [
              77.55000000000001,
              12.935
            ],
            [
              77.55000000000001,
              12.93
            ]
          ]
        ]
      }
    },
    {
      "type": "Feature",
      "properties": {
        "name": "Cell R06 C11",
        "code": "bang_006_011",
        "city": "Bangalore"
      },
      "geometry": {
        "type": "Polygon",
        "coordinates": [
          [
            [
              77.56,
              12.93
            ],
            [
              77.57000000000001,
              12.93
            ],
            [
              77.57000000000001,
              12.935
            ],
            [
              77.56,
              12.935
            ],
            [
              77.56,
              12.93
            ]
          ]
        ]
      }
    },
    {
      "type": "Feature",
      "properties": {
        "name": "Cell R06 C12",
        "code": "bang_006_012",
        "city": "Bangalore"
      },
      "geometry": {
        "type": "Polygon",
        "coordinates": [
          [
            [
              77.57000000000001,
              12.93
            ],
            [
              77.58000000000001,
              12.93
            ],
            [
              77.58000000000001,
              12.935
            ],
            [
              77.57000000000001,
              12.935
            ],
            [
              77.57000000000001,
              12.93
            ]
          ]
        ]
      }
    },
    {
      "type": "Feature",
      "properties": {
        "name": "Cell R06 C13",
        "code": "bang_006_013",
        "city": "Bangalore"
      },
      "geometry": {
        "type": "Polygon",
        "coordinates": [
          [
            [
              77.58,
              12.93
            ],
            [
              77.59,
              12.93
            ],
            [
              77.59,
              12.935
            ],
            [
              77.58,
              12.935
            ],
            [
              77.58,
              12.93
            ]
          ]
        ]
      }
    },
    {
      "type": "Feature",
      "properties": {
        "name": "Cell R06 C14",
        "code": "bang_006_014",
        "city": "Bangalore"
      },
      "geometry": {
        "type": "Polygon",
        "coordinates": [
          [
            [
              77.59,
              12.93
            ],
            [
              77.60000000000001,
              12.93
            ],
            [
              77.60000000000001,
              12.935
            ],
            [
              77.59,
              12.935
            ],
            [
              77.59,
              12.93
            ]
          ]
        ]
      }
    },
    {
      "type": "Feature",
      "properties": {
        "name": "Cell R06 C15",
        "code": "bang_006_015",
        "city": "Bangalore"
      },
      "geometry": {
        "type": "Polygon",
        "coordinates": [
          [
            [
              77.60000000000001,
              12.93
            ],
            [
              77.61000000000001,
              12.93
            ],
            [
              77.61000000000001,
              12.935
            ],
            [
              77.60000000000001,
              12.935
            ],
            [
              77.60000000000001,
              12.93
            ]
          ]
        ]
      }
    },
    {
      "type": "Feature",
      "properties": {
        "name": "Cell R06 C16",
        "code": "bang_006_016",
        "city": "Bangalore"
      },
      "geometry": {
        "type": "Polygon",
        "coordinates": [
          [
            [
              77.61,
              12.93
            ],
            [
              77.62,
              12.93
            ],
            [
              77.62,
              12.935
            ],
            [
              77.61,
              12.935
            ],
            [
              77.61,
              12.93
            ]
          ]
        ]
      }
    },
    {
      "type": "Feature",
      "properties": {
        "name": "Cell R06 C17",
        "code": "bang_006_017",
        "city": "Bangalore"
      },
      "geometry": {
        "type": "Polygon",
        "coordinates": [
          [
            [
              77.62,
              12.93
            ],
            [
              77.63000000000001,
              12.93
            ],
            [
              77.63000000000001,
              12.935
            ],
            [
              77.62,
              12.935
            ],
            [
              77.62,
              12.93
            ]
          ]
        ]
      }
    },
    {
      "type": "Feature",
      "properties": {
        "name": "Cell R06 C18",
        "code": "bang_006_018",
        "city": "Bangalore"
      },
      "geometry": {
        "type": "Polygon",
        "coordinates": [
          [
            [
              77.63000000000001,
              12.93
            ],
            [
              77.64000000000001,
              12.93
            ],
            [
              77.64000000000001,
              12.935
            ],
            [
              77.63000000000001,
              12.935
            ],
            [
              77.63000000000001,
              12.93
            ]
          ]
        ]
      }
    },
    {
      "type": "Feature",
      "properties": {
        "name": "Cell R06 C19",
        "code": "bang_006_019",
        "city": "Bangalore"
      },
      "geometry": {
        "type": "Polygon",
        "coordinates": [
          [
            [
              77.64,
              12.93
            ],
            [
              77.65,
              12.93
            ],
            [
              77.65,
              12.935
            ],
            [
              77.64,
              12.935
            ],
            [
              77.64,
              12.93
            ]
          ]
        ]
      }
    },
    {
      "type": "Feature",
      "properties": {
        "name": "Cell R07 C00",
        "code": "bang_007_000",
        "city": "Bangalore"
      },
      "geometry": {
        "type": "Polygon",
        "coordinates": [
          [
            [
              77.45,
              12.935
            ],
            [
              77.46000000000001,
              12.935
            ],
            [
              77.46000000000001,
              12.940000000000001
            ],
            [
              77.45,
              12.940000000000001
            ],
            [
              77.45,
              12.935
            ]
          ]
        ]
      }
    },
    {
      "type": "Feature",
      "properties": {
        "name": "Cell R07 C01",
        "code": "bang_007_001",
        "city": "Bangalore"
      },
      "geometry": {
        "type": "Polygon",
        "coordinates": [
          [
            [
              77.46000000000001,
              12.935
            ],
            [
              77.47000000000001,
              12.935
            ],
            [
              77.47000000000001,
              12.940000000000001
            ],
            [
              77.46000000000001,
              12.940000000000001
            ],
            [
              77.46000000000001,
              12.935
            ]
          ]
        ]
      }
    },
    {
      "type": "Feature",
      "properties": {
        "name": "Cell R07 C02",
        "code": "bang_007_002",
        "city": "Bangalore"
      },
      "geometry": {
        "type": "Polygon",
        "coordinates": [
          [
            [
              77.47,
              12.935
            ],
            [
              77.48,
              12.935
            ],
            [
              77.48,
              12.940000000000001
            ],
            [
              77.47,
              12.940000000000001
            ],
            [
              77.47,
              12.935
            ]
          ]
        ]
      }
    },
    {
      "type": "Feature",
      "properties": {
        "name": "Cell R07 C03",
        "code": "bang_007_003",
        "city": "Bangalore"
      },
      "geometry": {
        "type": "Polygon",
        "coordinates": [
          [
            [
              77.48,
              12.935
            ],
            [
              77.49000000000001,
              12.935
            ],
            [
              77.49000000000001,
              12.940000000000001
            ],
            [
              77.48,
              12.940000000000001
            ],
            [
              77.48,
              12.935
            ]
          ]
        ]
      }
    },
    {
      "type": "Feature",
      "properties": {
        "name": "Cell R07 C04",
        "code": "bang_007_004",
        "city": "Bangalore"
      },
      "geometry": {
        "type": "Polygon",
        "coordinates": [
          [
            [
              77.49000000000001,
              12.935
            ],
            [
              77.50000000000001,
              12.935
            ],
            [
              77.50000000000001,
              12.940000000000001
            ],
            [
              77.49000000000001,
              12.940000000000001
            ],
            [
              77.49000000000001,
              12.935
            ]
          ]
        ]
      }
    },
    {
      "type": "Feature",
      "properties": {
        "name": "Cell R07 C05",
        "code": "bang_007_005",
        "city": "Bangalore"
      },
      "geometry": {
        "type": "Polygon",
        "coordinates": [
          [
            [
              77.5,
              12.935
            ],
            [
              77.51,
              12.935
            ],
            [
              77.51,
              12.940000000000001
            ],
            [
              77.5,
              12.940000000000001
            ],
            [
              77.5,
              12.935
            ]
          ]
        ]
      }
    },
    {
      "type": "Feature",
      "properties": {
        "name": "Cell R07 C06",
        "code": "bang_007_006",
        "city": "Bangalore"
      },
      "geometry": {
        "type": "Polygon",
        "coordinates": [
          [
            [
              77.51,
              12.935
            ],
            [
              77.52000000000001,
              12.935
            ],
            [
              77.52000000000001,
              12.940000000000001
            ],
            [
              77.51,
              12.940000000000001
            ],
            [
              77.51,
              12.935
            ]
          ]
        ]
      }
    },
    {
      "type": "Feature",
      "properties": {
        "name": "Cell R07 C07",
        "code": "bang_007_007",
        "city": "Bangalore"
      },
      "geometry": {
        "type": "Polygon",
        "coordinates": [
          [
            [
              77.52000000000001,
              12.935
            ],
            [
              77.53000000000002,
              12.935
            ],
            [
              77.53000000000002,
              12.940000000000001
            ],
            [
              77.52000000000001,
              12.940000000000001
            ],
            [
              77.52000000000001,
              12.935
            ]
          ]
        ]
      }
    },
    {
      "type": "Feature",
      "properties": {
        "name": "Cell R07 C08",
        "code": "bang_007_008",
        "city": "Bangalore"
      },
      "geometry": {
        "type": "Polygon",
        "coordinates": [
          [
            [
              77.53,
              12.935
            ],
            [
              77.54,
              12.935
            ],
            [
              77.54,
              12.940000000000001
            ],
            [
              77.53,
              12.940000000000001
            ],
            [
              77.53,
              12.935
            ]
          ]
        ]
      }
    },
    {
      "type": "Feature",
      "properties": {
        "name": "Cell R07 C09",
        "code": "bang_007_009",
        "city": "Bangalore"
      },
      "geometry": {
        "type": "Polygon",
        "coordinates": [
          [
            [
              77.54,
              12.935
            ],
            [
              77.55000000000001,
              12.935
            ],
            [
              77.55000000000001,
              12.940000000000001
            ],
            [
              77.54,
              12.940000000000001
            ],
            [
              77.54,
              12.935
            ]
          ]
        ]
      }
    },
    {
      "type": "Feature",
      "properties": {
        "name": "Cell R07 C10",
        "code": "bang_007_010",
        "city": "Bangalore"
      },
      "geometry": {
        "type": "Polygon",
        "coordinates": [
          [
            [
              77.55000000000001,
              12.935
            ],
            [
              77.56000000000002,
              12.935
            ],
            [
              77.56000000000002,
              12.940000000000001
            ],
            [
              77.55000000000001,
              12.940000000000001
            ],
            [
              77.55000000000001,
              12.935
            ]
          ]
        ]
      }
    },
    {
      "type": "Feature",
      "properties": {
        "name": "Cell R07 C11",
        "code": "bang_007_011",
        "city": "Bangalore"
      },
      "geometry": {
        "type": "Polygon",
        "coordinates": [
          [
            [
              77.56,
              12.935
            ],
            [
              77.57000000000001,
              12.935
            ],
            [
              77.57000000000001,
              12.940000000000001
            ],
            [
              77.56,
              12.940000000000001
            ],
            [
              77.56,
              12.935
            ]
          ]
        ]
      }
    },
    {
      "type": "Feature",
      "properties": {
        "name": "Cell R07 C12",
        "code": "bang_007_012",
        "city": "Bangalore"
      },
      "geometry": {
        "type": "Polygon",
        "coordinates": [
          [
            [
              77.57000000000001,
              12.935
            ],
            [
              77.58000000000001,
              12.935
            ],
            [
              77.58000000000001,
              12.940000000000001
            ],
            [
              77.57000000000001,
              12.940000000000001
            ],
            [
              77.57000000000001,
              12.935
            ]
          ]
        ]
      }
    },
    {
      "type": "Feature",
      "properties": {
        "name": "Cell R07 C13",
        "code": "bang_007_013",
        "city": "Bangalore"
      },
      "geometry": {
        "type": "Polygon",
        "coordinates": [
          [
            [
              77.58,
              12.935
            ],
            [
              77.59,
              12.935
            ],
            [
              77.59,
              12.940000000000001
            ],
            [
              77.58,
              12.940000000000001
            ],
            [
              77.58,
              12.935
            ]
          ]
        ]
      }
    },
    {
      "type": "Feature",
      "properties": {
        "name": "Cell R07 C14",
        "code": "bang_007_014",
        "city": "Bangalore"
      },
      "geometry": {
        "type": "Polygon",
        "coordinates": [
          [
            [
              77.59,
              12.935
            ],
            [
              77.60000000000001,
              12.935
            ],
            [
              77.60000000000001,
              12.940000000000001
            ],
            [
              77.59,
              12.940000000000001
            ],
            [
              77.59,
              12.935
            ]
          ]
        ]
      }
    },
    {
      "type": "Feature",
      "properties": {
        "name": "Cell R07 C15",
        "code": "bang_007_015",
        "city": "Bangalore"
      },
      "geometry": {
        "type": "Polygon",
        "coordinates": [
          [
            [
              77.60000000000001,
              12.935
            ],
            [
              77.61000000000001,
              12.935
            ],
            [
              77.61000000000001,
              12.940000000000001
            ],
            [
              77.60000000000001,
              12.940000000000001
            ],
            [
              77.60000000000001,
              12.935
            ]
          ]
        ]
      }
    },
    {
      "type": "Feature",
      "properties": {
        "name": "Cell R07 C16",
        "code": "bang_007_016",
        "city": "Bangalore"
      },
      "geometry": {
        "type": "Polygon",
        "coordinates": [
          [
            [
              77.61,
              12.935
            ],
            [
              77.62,
              12.935
            ],
            [
              77.62,
              12.940000000000001
            ],
            [
              77.61,
              12.940000000000001
            ],
            [
              77.61,
              12.935
            ]
          ]
        ]
      }
    },
    {
      "type": "Feature",
      "properties": {
        "name": "Cell R07 C17",
        "code": "bang_007_017",
        "city": "Bangalore"
      },
      "geometry": {
        "type": "Polygon",
        "coordinates": [
          [
            [
              77.62,
              12.935
            ],
            [
              77.63000000000001,
              12.935
            ],
            [
              77.63000000000001,
              12.940000000000001
            ],
            [
              77.62,
              12.940000000000001
            ],
            [
              77.62,
              12.935
            ]
          ]
        ]
      }
    },
    {
      "type": "Feature",
      "properties": {
        "name": "Cell R07 C18",
        "code": "bang_007_018",
        "city": "Bangalore"
      },
      "geometry": {
        "type": "Polygon",
        "coordinates": [
          [
            [
              77.63000000000001,
              12.935
            ],
            [
              77.64000000000001,
              12.935
            ],
            [
              77.64000000000001,
              12.940000000000001
            ],
            [
              77.63000000000001,
              12.940000000000001
            ],
            [
              77.63000000000001,
              12.935
            ]
          ]
        ]
      }
    },
    {
      "type": "Feature",
      "properties": {
        "name": "Cell R07 C19",
        "code": "bang_007_019",
        "city": "Bangalore"
      },
      "geometry": {
        "type": "Polygon",
        "coordinates": [
          [
            [
              77.64,
              12.935
            ],
            [
              77.65,
              12.935
            ],
            [
              77.65,
              12.940000000000001
            ],
            [
              77.64,
              12.940000000000001
            ],
            [
              77.64,
              12.935
            ]
          ]
        ]
      }
    },
    {
      "type": "Feature",
      "properties": {
        "name": "Cell R08 C00",
        "code": "bang_008_000",
        "city": "Bangalore"
      },
      "geometry": {
        "type": "Polygon",
        "coordinates": [
          [
            [
              77.45,
              12.94
            ],
            [
              77.46000000000001,
              12.94
            ],
            [
              77.46000000000001,
              12.945
            ],
            [
              77.45,
              12.945
            ],
            [
              77.45,
              12.94
            ]
          ]
        ]
      }
    },
    {
      "type": "Feature",
      "properties": {
        "name": "Cell R08 C01",
        "code": "bang_008_001",
        "city": "Bangalore"
      },
      "geometry": {
        "type": "Polygon",
        "coordinates": [
          [
            [
              77.46000000000001,
              12.94
            ],
            [
              77.47000000000001,
              12.94
            ],
            [
              77.47000000000001,
              12.945
            ],
            [
              77.46000000000001,
              12.945
            ],
            [
              77.46000000000001,
              12.94
            ]
          ]
        ]
      }
    },
    {
      "type": "Feature",
      "properties": {
        "name": "Cell R08 C02",
        "code": "bang_008_002",
        "city": "Bangalore"
      },
      "geometry": {
        "type": "Polygon",
        "coordinates": [
          [
            [
              77.47,
              12.94
            ],
            [
              77.48,
              12.94
            ],
            [
              77.48,
              12.945
            ],
            [
              77.47,
              12.945
            ],
            [
              77.47,
              12.94
            ]
          ]
        ]
      }
    },
    {
      "type": "Feature",
      "properties": {
        "name": "Cell R08 C03",
        "code": "bang_008_003",
        "city": "Bangalore"
      },
      "geometry": {
        "type": "Polygon",
        "coordinates": [
          [
            [
              77.48,
              12.94
            ],
            [
              77.49000000000001,
              12.94
            ],
            [
              77.49000000000001,
              12.945
            ],
            [
              77.48,
              12.945
            ],
            [
              77.48,
              12.94
            ]
          ]
        ]
      }
    },
    {
      "type": "Feature",
      "properties": {
        "name": "Cell R08 C04",
        "code": "bang_008_004",
        "city": "Bangalore"
      },
      "geometry": {
        "type": "Polygon",
        "coordinates": [
          [
            [
              77.49000000000001,
              12.94
            ],
            [
              77.50000000000001,
              12.94
            ],
            [
              77.50000000000001,
              12.945
            ],
            [
              77.49000000000001,
              12.945
            ],
            [
              77.49000000000001,
              12.94
            ]
          ]
        ]
      }
    },
    {
      "type": "Feature",
      "properties": {
        "name": "Cell R08 C05",
        "code": "bang_008_005",
        "city": "Bangalore"
      },
      "geometry": {
        "type": "Polygon",
        "coordinates": [
          [
            [
              77.5,
              12.94
            ],
            [
              77.51,
              12.94
            ],
            [
              77.51,
              12.945
            ],
            [
              77.5,
              12.945
            ],
            [
              77.5,
              12.94
            ]
          ]
        ]
      }
    },
    {
      "type": "Feature",
      "properties": {
        "name": "Cell R08 C06",
        "code": "bang_008_006",
        "city": "Bangalore"
      },
      "geometry": {
        "type": "Polygon",
        "coordinates": [
          [
            [
              77.51,
              12.94
            ],
            [
              77.52000000000001,
              12.94
            ],
            [
              77.52000000000001,
              12.945
            ],
            [
              77.51,
              12.945
            ],
            [
              77.51,
              12.94
            ]
          ]
        ]
      }
    },
    {
      "type": "Feature",
      "properties": {
        "name": "Cell R08 C07",
        "code": "bang_008_007",
        "city": "Bangalore"
      },
      "geometry": {
        "type": "Polygon",
        "coordinates": [
          [
            [
              77.52000000000001,
              12.94
            ],
            [
              77.53000000000002,
              12.94
            ],
            [
              77.53000000000002,
              12.945
            ],
            [
              77.52000000000001,
              12.945
            ],
            [
              77.52000000000001,
              12.94
            ]
          ]
        ]
      }
    },
    {
      "type": "Feature",
      "properties": {
        "name": "Cell R08 C08",
        "code": "bang_008_008",
        "city": "Bangalore"
      },
      "geometry": {
        "type": "Polygon",
        "coordinates": [
          [
            [
              77.53,
              12.94
            ],
            [
              77.54,
              12.94
            ],
            [
              77.54,
              12.945
            ],
            [
              77.53,
              12.945
            ],
            [
              77.53,
              12.94
            ]
          ]
        ]
      }
    },
    {
      "type": "Feature",
      "properties": {
        "name": "Cell R08 C09",
        "code": "bang_008_009",
        "city": "Bangalore"
      },
      "geometry": {
        "type": "Polygon",
        "coordinates": [
          [
            [
              77.54,
              12.94
            ],
            [
              77.55000000000001,
              12.94
            ],
            [
              77.55000000000001,
              12.945
            ],
            [
              77.54,
              12.945
            ],
            [
              77.54,
              12.94
            ]
          ]
        ]
      }
    },
    {
      "type": "Feature",
      "properties": {
        "name": "Cell R08 C10",
        "code": "bang_008_010",
        "city": "Bangalore"
      },
      "geometry": {
        "type": "Polygon",
        "coordinates": [
          [
            [
              77.55000000000001,
              12.94
            ],
            [
              77.56000000000002,
              12.94
            ],
            [
              77.56000000000002,
              12.945
            ],
            [
              77.55000000000001,
              12.945
            ],
            [
              77.55000000000001,
              12.94
            ]
          ]
        ]
      }
    },
    {
      "type": "Feature",
      "properties": {
        "name": "Cell R08 C11",
        "code": "bang_008_011",
        "city": "Bangalore"
      },
      "geometry": {
        "type": "Polygon",
        "coordinates": [
          [
            [
              77.56,
              12.94
            ],
            [
              77.57000000000001,
              12.94
            ],
            [
              77.57000000000001,
              12.945
            ],
            [
              77.56,
              12.945
            ],
            [
              77.56,
              12.94
            ]
          ]
        ]
      }
    },
    {
      "type": "Feature",
      "properties": {
        "name": "Cell R08 C12",
        "code": "bang_008_012",
        "city": "Bangalore"
      },
      "geometry": {
        "type": "Polygon",
        "coordinates": [
          [
            [
              77.57000000000001,
              12.94
            ],
            [
              77.58000000000001,
              12.94
            ],
            [
              77.58000000000001,
              12.945
            ],
            [
              77.57000000000001,
              12.945
            ],
            [
              77.57000000000001,
              12.94
            ]
          ]
        ]
      }
    },
    {
      "type": "Feature",
      "properties": {
        "name": "Cell R08 C13",
        "code": "bang_008_013",
        "city": "Bangalore"
      },
      "geometry": {
        "type": "Polygon",
        "coordinates": [
          [
            [
              77.58,
              12.94
            ],
            [
              77.59,
              12.94
            ],
            [
              77.59,
              12.945
            ],
            [
              77.58,
              12.945
            ],
            [
              77.58,
              12.94
            ]
          ]
        ]
      }
    },
    {
      "type": "Feature",
      "properties": {
        "name": "Cell R08 C14",
        "code": "bang_008_014",
        "city": "Bangalore"
      },
      "geometry": {
        "type": "Polygon",
        "coordinates": [
          [
            [
              77.59,
              12.94
            ],
            [
              77.60000000000001,
              12.94
            ],
            [
              77.60000000000001,
              12.945
            ],
            [
              77.59,
              12.945
            ],
            [
              77.59,
              12.94
            ]
          ]
        ]
      }
    },
    {
      "type": "Feature",
      "properties": {
        "name": "Cell R08 C15",
        "code": "bang_008_015",
        "city": "Bangalore"
      },
      "geometry": {
        "type": "Polygon",
        "coordinates": [
          [
            [
              77.60000000000001,
              12.94
            ],
            [
              77.61000000000001,
              12.94
            ],
            [
              77.61000000000001,
              12.945
            ],
            [
              77.60000000000001,
              12.945
            ],
            [
              77.60000000000001,
              12.94
            ]
          ]
        ]
      }
    },
    {
      "type": "Feature",
      "properties": {
        "name": "Cell R08 C16",
        "code": "bang_008_016",
        "city": "Bangalore"
      },
      "geometry": {
        "type": "Polygon",
        "coordinates": [
          [
            [
              77.61,
              12.94
            ],
            [
              77.62,
              12.94
            ],
            [
              77.62,
              12.945
            ],
            [
              77.61,
              12.945
            ],
            [
              77.61,
              12.94
            ]
          ]
        ]
      }
    },
    {
      "type": "Feature",
      "properties": {
        "name": "Cell R08 C17",
        "code": "bang_008_017",
        "city": "Bangalore"
      },
      "geometry": {
        "type": "Polygon",
        "coordinates": [
          [
            [
              77.62,
              12.94
            ],
            [
              77.63000000000001,
              12.94
            ],
            [
              77.63000000000001,
              12.945
            ],
            [
              77.62,
              12.945
            ],
            [
              77.62,
              12.94
            ]
          ]
        ]
      }
    },
    {
      "type": "Feature",
      "properties": {
        "name": "Cell R08 C18",
        "code": "bang_008_018",
        "city": "Bangalore"
      },
      "geometry": {
        "type": "Polygon",
        "coordinates": [
          [
            [
              77.63000000000001,
              12.94
            ],
            [
              77.64000000000001,
              12.94
            ],
            [
              77.64000000000001,
              12.945
            ],
            [
              77.63000000000001,
              12.945
            ],
            [
              77.63000000000001,
              12.94
            ]
          ]
        ]
      }
    },
    {
      "type": "Feature",
      "properties": {
        "name": "Cell R08 C19",
        "code": "bang_008_019",
        "city": "Bangalore"
      },
      "geometry": {
        "type": "Polygon",
        "coordinates": [
          [
            [
              77.64,
              12.94
            ],
            [
              77.65,
              12.94
            ],
            [
              77.65,
              12.945
            ],
            [
              77.64,
              12.945
            ],
            [
              77.64,
              12.94
            ]
          ]
        ]
      }
    },
    {
      "type": "Feature",
      "properties": {
        "name": "Cell R09 C00",
        "code": "bang_009_000",
        "city": "Bangalore"
      },
      "geometry": {
        "type": "Polygon",
        "coordinates": [
          [
            [
              77.45,
              12.945
            ],
            [
              77.46000000000001,
              12.945
            ],
            [
              77.46000000000001,
              12.950000000000001
            ],
            [
              77.45,
              12.950000000000001
            ],
            [
              77.45,
              12.945
            ]
          ]
        ]
      }
    },
    {
      "type": "Feature",
      "properties": {
        "name": "Cell R09 C01",
        "code": "bang_009_001",
        "city": "Bangalore"
      },
      "geometry": {
        "type": "Polygon",
        "coordinates": [
          [
            [
              77.46000000000001,
              12.945
            ],
            [
              77.47000000000001,
              12.945
            ],
            [
              77.47000000000001,
              12.950000000000001
            ],
            [
              77.46000000000001,
              12.950000000000001
            ],
            [
              77.46000000000001,
              12.945
            ]
          ]
        ]
      }
    },
    {
      "type": "Feature",
      "properties": {
        "name": "Cell R09 C02",
        "code": "bang_009_002",
        "city": "Bangalore"
      },
      "geometry": {
        "type": "Polygon",
        "coordinates": [
          [
            [
              77.47,
              12.945
            ],
            [
              77.48,
              12.945
            ],
            [
              77.48,
              12.950000000000001
            ],
            [
              77.47,
              12.950000000000001
            ],
            [
              77.47,
              12.945
            ]
          ]
        ]
      }
    },
    {
      "type": "Feature",
      "properties": {
        "name": "Cell R09 C03",
        "code": "bang_009_003",
        "city": "Bangalore"
      },
      "geometry": {
        "type": "Polygon",
        "coordinates": [
          [
            [
              77.48,
              12.945
            ],
            [
              77.49000000000001,
              12.945
            ],
            [
              77.49000000000001,
              12.950000000000001
            ],
            [
              77.48,
              12.950000000000001
            ],
            [
              77.48,
              12.945
            ]
          ]
        ]
      }
    },
    {
      "type": "Feature",
      "properties": {
        "name": "Cell R09 C04",
        "code": "bang_009_004",
        "city": "Bangalore"
      },
      "geometry": {
        "type": "Polygon",
        "coordinates": [
          [
            [
              77.49000000000001,
              12.945
            ],
            [
              77.50000000000001,
              12.945
            ],
            [
              77.50000000000001,
              12.950000000000001
            ],
            [
              77.49000000000001,
              12.950000000000001
            ],
            [
              77.49000000000001,
              12.945
            ]
          ]
        ]
      }
    },
    {
      "type": "Feature",
      "properties": {
        "name": "Cell R09 C05",
        "code": "bang_009_005",
        "city": "Bangalore"
      },
      "geometry": {
        "type": "Polygon",
        "coordinates": [
          [
            [
              77.5,
              12.945
            ],
            [
              77.51,
              12.945
            ],
            [
              77.51,
              12.950000000000001
            ],
            [
              77.5,
              12.950000000000001
            ],
            [
              77.5,
              12.945
            ]
          ]
        ]
      }
    },
    {
      "type": "Feature",
      "properties": {
        "name": "Cell R09 C06",
        "code": "bang_009_006",
        "city": "Bangalore"
      },
      "geometry": {
        "type": "Polygon",
        "coordinates": [
          [
            [
              77.51,
              12.945
            ],
            [
              77.52000000000001,
              12.945
            ],
            [
              77.52000000000001,
              12.950000000000001
            ],
            [
              77.51,
              12.950000000000001
            ],
            [
              77.51,
              12.945
            ]
          ]
        ]
      }
    },
    {
      "type": "Feature",
      "properties": {
        "name": "Cell R09 C07",
        "code": "bang_009_007",
        "city": "Bangalore"
      },
      "geometry": {
        "type": "Polygon",
        "coordinates": [
          [
            [
              77.52000000000001,
              12.945
            ],
            [
              77.53000000000002,
              12.945
            ],
            [
              77.53000000000002,
              12.950000000000001
            ],
            [
              77.52000000000001,
              12.950000000000001
            ],
            [
              77.52000000000001,
              12.945
            ]
          ]
        ]
      }
    },
    {
      "type": "Feature",
      "properties": {
        "name": "Cell R09 C08",
        "code": "bang_009_008",
        "city": "Bangalore"
      },
      "geometry": {
        "type": "Polygon",
        "coordinates": [
          [
            [
              77.53,
              12.945
            ],
            [
              77.54,
              12.945
            ],
            [
              77.54,
              12.950000000000001
            ],
            [
              77.53,
              12.950000000000001
            ],
            [
              77.53,
              12.945
            ]
          ]
        ]
      }
    },
    {
      "type": "Feature",
      "properties": {
        "name": "Cell R09 C09",
        "code": "bang_009_009",
        "city": "Bangalore"
      },
      "geometry": {
        "type": "Polygon",
        "coordinates": [
          [
            [
              77.54,
              12.945
            ],
            [
              77.55000000000001,
              12.945
            ],
            [
              77.55000000000001,
              12.950000000000001
            ],
            [
              77.54,
              12.950000000000001
            ],
            [
              77.54,
              12.945
            ]
          ]
        ]
      }
    },
    {
      "type": "Feature",
      "properties": {
        "name": "Cell R09 C10",
        "code": "bang_009_010",
        "city": "Bangalore"
      },
      "geometry": {
        "type": "Polygon",
        "coordinates": [
          [
            [
              77.55000000000001,
              12.945
            ],
            [
              77.56000000000002,
              12.945
            ],
            [
              77.56000000000002,
              12.950000000000001
            ],
            [
              77.55000000000001,
              12.950000000000001
            ],
            [
              77.55000000000001,
              12.945
            ]
          ]
        ]
      }
    },
    {
      "type": "Feature",
      "properties": {
        "name": "Cell R09 C11",
        "code": "bang_009_011",
        "city": "Bangalore"
      },
      "geometry": {
        "type": "Polygon",
        "coordinates": [
          [
            [
              77.56,
              12.945
            ],
            [
              77.57000000000001,
              12.945
            ],
            [
              77.57000000000001,
              12.950000000000001
            ],
            [
              77.56,
              12.950000000000001
            ],
            [
              77.56,
              12.945
            ]
          ]
        ]
      }
    },
    {
      "type": "Feature",
      "properties": {
        "name": "Cell R09 C12",
        "code": "bang_009_012",
        "city": "Bangalore"
      },
      "geometry": {
        "type": "Polygon",
        "coordinates": [
          [
            [
              77.57000000000001,
              12.945
            ],
            [
              77.58000000000001,
              12.945
            ],
            [
              77.58000000000001,
              12.950000000000001
            ],
            [
              77.57000000000001,
              12.950000000000001
            ],
            [
              77.57000000000001,
              12.945
            ]
          ]
        ]
      }
    },
    {
      "type": "Feature",
      "properties": {
        "name": "Cell R09 C13",
        "code": "bang_009_013",
        "city": "Bangalore"
      },
      "geometry": {
        "type": "Polygon",
        "coordinates": [
          [
            [
              77.58,
              12.945
            ],
            [
              77.59,
              12.945
            ],
            [
              77.59,
              12.950000000000001
            ],
            [
              77.58,
              12.950000000000001
            ],
            [
              77.58,
              12.945
            ]
          ]
        ]
      }
    },
    {
      "type": "Feature",
      "properties": {
        "name": "Cell R09 C14",
        "code": "bang_009_014",
        "city": "Bangalore"
      },
      "geometry": {
        "type": "Polygon",
        "coordinates": [
          [
            [
              77.59,
              12.945
            ],
            [
              77.60000000000001,
              12.945
            ],
            [
              77.60000000000001,
              12.950000000000001
            ],
            [
              77.59,
              12.950000000000001
            ],
            [
              77.59,
              12.945
            ]
          ]
        ]
      }
    },
    {
      "type": "Feature",
      "properties": {
        "name": "Cell R09 C15",
        "code": "bang_009_015",
        "city": "Bangalore"
      },
      "geometry": {
        "type": "Polygon",
        "coordinates": [
          [
            [
              77.60000000000001,
              12.945
            ],
            [
              77.61000000000001,
              12.945
            ],
            [
              77.61000000000001,
              12.950000000000001
            ],
            [
              77.60000000000001,
              12.950000000000001
            ],
            [
              77.60000000000001,
              12.945
            ]
          ]
        ]
      }
    },
    {
      "type": "Feature",
      "properties": {
        "name": "Cell R09 C16",
        "code": "bang_009_016",
        "city": "Bangalore"
      },
      "geometry": {
        "type": "Polygon",
        "coordinates": [
          [
            [
              77.61,
              12.945
            ],
            [
              77.62,
              12.945
            ],
            [
              77.62,
              12.950000000000001
            ],
            [
              77.61,
              12.950000000000001
            ],
            [
              77.61,
              12.945
            ]
          ]
        ]
      }
    },
    {
      "type": "Feature",
      "properties": {
        "name": "Cell R09 C17",
        "code": "bang_009_017",
        "city": "Bangalore"
      },
      "geometry": {
        "type": "Polygon",
        "coordinates": [
          [
            [
              77.62,
              12.945
            ],
            [
              77.63000000000001,
              12.945
            ],
            [
              77.63000000000001,
              12.950000000000001
            ],
            [
              77.62,
              12.950000000000001
            ],
            [
              77.62,
              12.945
            ]
          ]
        ]
      }
    },
    {
      "type": "Feature",
      "properties": {
        "name": "Cell R09 C18",
        "code": "bang_009_018",
        "city": "Bangalore"
      },
      "geometry": {
        "type": "Polygon",
        "coordinates": [
          [
            [
              77.63000000000001,
              12.945
            ],
            [
              77.64000000000001,
              12.945
            ],
            [
              77.64000000000001,
              12.950000000000001
            ],
            [
              77.63000000000001,
              12.950000000000001
            ],
            [
              77.63000000000001,
              12.945
            ]
          ]
        ]
      }
    },
    {
      "type": "Feature",
      "properties": {
        "name": "Cell R09 C19",
        "code": "bang_009_019",
        "city": "Bangalore"
      },
      "geometry": {
        "type": "Polygon",
        "coordinates": [
          [
            [
              77.64,
              12.945
            ],
            [
              77.65,
              12.945
            ],
            [
              77.65,
              12.950000000000001
            ],
            [
              77.64,
              12.950000000000001
            ],
            [
              77.64,
              12.945
            ]
          ]
        ]
      }
    },
    {
      "type": "Feature",
      "properties": {
        "name": "Cell R10 C00",
        "code": "bang_010_000",
        "city": "Bangalore"
      },
      "geometry": {
        "type": "Polygon",
        "coordinates": [
          [
            [
              77.45,
              12.95
            ],
            [
              77.46000000000001,
              12.95
            ],
            [
              77.46000000000001,
              12.955
            ],
            [
              77.45,
              12.955
            ],
            [
              77.45,
              12.95
            ]
          ]
        ]
      }
    },
    {
      "type": "Feature",
      "properties": {
        "name": "Cell R10 C01",
        "code": "bang_010_001",
        "city": "Bangalore"
      },
      "geometry": {
        "type": "Polygon",
        "coordinates": [
          [
            [
              77.46000000000001,
              12.95
            ],
            [
              77.47000000000001,
              12.95
            ],
            [
              77.47000000000001,
              12.955
            ],
            [
              77.46000000000001,
              12.955
            ],
            [
              77.46000000000001,
              12.95
            ]
          ]
        ]
      }
    },
    {
      "type": "Feature",
      "properties": {
        "name": "Cell R10 C02",
        "code": "bang_010_002",
        "city": "Bangalore"
      },
      "geometry": {
        "type": "Polygon",
        "coordinates": [
          [
            [
              77.47,
              12.95
            ],
            [
              77.48,
              12.95
            ],
            [
              77.48,
              12.955
            ],
            [
              77.47,
              12.955
            ],
            [
              77.47,
              12.95
            ]
          ]
        ]
      }
    },
    {
      "type": "Feature",
      "properties": {
        "name": "Cell R10 C03",
        "code": "bang_010_003",
        "city": "Bangalore"
      },
      "geometry": {
        "type": "Polygon",
        "coordinates": [
          [
            [
              77.48,
              12.95
            ],
            [
              77.49000000000001,
              12.95
            ],
            [
              77.49000000000001,
              12.955
            ],
            [
              77.48,
              12.955
            ],
            [
              77.48,
              12.95
            ]
          ]
        ]
      }
    },
    {
      "type": "Feature",
      "properties": {
        "name": "Cell R10 C04",
        "code": "bang_010_004",
        "city": "Bangalore"
      },
      "geometry": {
        "type": "Polygon",
        "coordinates": [
          [
            [
              77.49000000000001,
              12.95
            ],
            [
              77.50000000000001,
              12.95
            ],
            [
              77.50000000000001,
              12.955
            ],
            [
              77.49000000000001,
              12.955
            ],
            [
              77.49000000000001,
              12.95
            ]
          ]
        ]
      }
    },
    {
      "type": "Feature",
      "properties": {
        "name": "Cell R10 C05",
        "code": "bang_010_005",
        "city": "Bangalore"
      },
      "geometry": {
        "type": "Polygon",
        "coordinates": [
          [
            [
              77.5,
              12.95
            ],
            [
              77.51,
              12.95
            ],
            [
              77.51,
              12.955
            ],
            [
              77.5,
              12.955
            ],
            [
              77.5,
              12.95
            ]
          ]
        ]
      }
    },
    {
      "type": "Feature",
      "properties": {
        "name": "Cell R10 C06",
        "code": "bang_010_006",
        "city": "Bangalore"
      },
      "geometry": {
        "type": "Polygon",
        "coordinates": [
          [
            [
              77.51,
              12.95
            ],
            [
              77.52000000000001,
              12.95
            ],
            [
              77.52000000000001,
              12.955
            ],
            [
              77.51,
              12.955
            ],
            [
              77.51,
              12.95
            ]
          ]
        ]
      }
    },
    {
      "type": "Feature",
      "properties": {
        "name": "Cell R10 C07",
        "code": "bang_010_007",
        "city": "Bangalore"
      },
      "geometry": {
        "type": "Polygon",
        "coordinates": [
          [
            [
              77.52000000000001,
              12.95
            ],
            [
              77.53000000000002,
              12.95
            ],
            [
              77.53000000000002,
              12.955
            ],
            [
              77.52000000000001,
              12.955
            ],
            [
              77.52000000000001,
              12.95
            ]
          ]
        ]
      }
    },
    {
      "type": "Feature",
      "properties": {
        "name": "Cell R10 C08",
        "code": "bang_010_008",
        "city": "Bangalore"
      },
      "geometry": {
        "type": "Polygon",
        "coordinates": [
          [
            [
              77.53,
              12.95
            ],
            [
              77.54,
              12.95
            ],
            [
              77.54,
              12.955
            ],
            [
              77.53,
              12.955
            ],
            [
              77.53,
              12.95
            ]
          ]
        ]
      }
    },
    {
      "type": "Feature",
      "properties": {
        "name": "Cell R10 C09",
        "code": "bang_010_009",
        "city": "Bangalore"
      },
      "geometry": {
        "type": "Polygon",
        "coordinates": [
          [
            [
              77.54,
              12.95
            ],
            [
              77.55000000000001,
              12.95
            ],
            [
              77.55000000000001,
              12.955
            ],
            [
              77.54,
              12.955
            ],
            [
              77.54,
              12.95
            ]
          ]
        ]
      }
    },
    {
      "type": "Feature",
      "properties": {
        "name": "Cell R10 C10",
        "code": "bang_010_010",
        "city": "Bangalore"
      },
      "geometry": {
        "type": "Polygon",
        "coordinates": [
          [
            [
              77.55000000000001,
              12.95
            ],
            [
              77.56000000000002,
              12.95
            ],
            [
              77.56000000000002,
              12.955
            ],
            [
              77.55000000000001,
              12.955
            ],
            [
              77.55000000000001,
              12.95
            ]
          ]
        ]
      }
    },
    {
      "type": "Feature",
      "properties": {
        "name": "Cell R10 C11",
        "code": "bang_010_011",
        "city": "Bangalore"
      },
      "geometry": {
        "type": "Polygon",
        "coordinates": [
          [
            [
              77.56,
              12.95
            ],
            [
              77.57000000000001,
              12.95
            ],
            [
              77.57000000000001,
              12.955
            ],
            [
              77.56,
              12.955
            ],
            [
              77.56,
              12.95
            ]
          ]
        ]
      }
    },
    {
      "type": "Feature",
      "properties": {
        "name": "Cell R10 C12",
        "code": "bang_010_012",
        "city": "Bangalore"
      },
      "geometry": {
        "type": "Polygon",
        "coordinates": [
          [
            [
              77.57000000000001,
              12.95
            ],
            [
              77.58000000000001,
              12.95
            ],
            [
              77.58000000000001,
              12.955
            ],
            [
              77.57000000000001,
              12.955
            ],
            [
              77.57000000000001,
              12.95
            ]
          ]
        ]
      }
    },
    {
      "type": "Feature",
      "properties": {
        "name": "Cell R10 C13",
        "code": "bang_010_013",
        "city": "Bangalore"
      },
      "geometry": {
        "type": "Polygon",
        "coordinates": [
          [
            [
              77.58,
              12.95
            ],
            [
              77.59,
              12.95
            ],
            [
              77.59,
              12.955
            ],
            [
              77.58,
              12.955
            ],
            [
              77.58,
              12.95
            ]
          ]
        ]
      }
    },
    {
      "type": "Feature",
      "properties": {
        "name": "Cell R10 C14",
        "code": "bang_010_014",
        "city": "Bangalore"
      },
      "geometry": {
        "type": "Polygon",
        "coordinates": [
          [
            [
              77.59,
              12.95
            ],
            [
              77.60000000000001,
              12.95
            ],
            [
              77.60000000000001,
              12.955
            ],
            [
              77.59,
              12.955
            ],
            [
              77.59,
              12.95
            ]
          ]
        ]
      }
    },
    {
      "type": "Feature",
      "properties": {
        "name": "Cell R10 C15",
        "code": "bang_010_015",
        "city": "Bangalore"
      },
      "geometry": {
        "type": "Polygon",
        "coordinates": [
          [
            [
              77.60000000000001,
              12.95
            ],
            [
              77.61000000000001,
              12.95
            ],
            [
              77.61000000000001,
              12.955
            ],
            [
              77.60000000000001,
              12.955
            ],
            [
              77.60000000000001,
              12.95
            ]
          ]
        ]
      }
    },
    {
      "type": "Feature",
      "properties": {
        "name": "Cell R10 C16",
        "code": "bang_010_016",
        "city": "Bangalore"
      },
      "geometry": {
        "type": "Polygon",
        "coordinates": [
          [
            [
              77.61,
              12.95
            ],
            [
              77.62,
              12.95
            ],
            [
              77.62,
              12.955
            ],
            [
              77.61,
              12.955
            ],
            [
              77.61,
              12.95
            ]
          ]
        ]
      }
    },
    {
      "type": "Feature",
      "properties": {
        "name": "Cell R10 C17",
        "code": "bang_010_017",
        "city": "Bangalore"
      },
      "geometry": {
        "type": "Polygon",
        "coordinates": [
          [
            [
              77.62,
              12.95
            ],
            [
              77.63000000000001,
              12.95
            ],
            [
              77.63000000000001,
              12.955
            ],
            [
              77.62,
              12.955
            ],
            [
              77.62,
              12.95
            ]
          ]
        ]
      }
    },
    {
      "type": "Feature",
      "properties": {
        "name": "Cell R10 C18",
        "code": "bang_010_018",
        "city": "Bangalore"
      },
      "geometry": {
        "type": "Polygon",
        "coordinates": [
          [
            [
              77.63000000000001,
              12.95
            ],
            [
              77.64000000000001,
              12.95
            ],
            [
              77.64000000000001,
              12.955
            ],
            [
              77.63000000000001,
              12.955
            ],
            [
              77.63000000000001,
              12.95
            ]
          ]
        ]
      }
    },
    {
      "type": "Feature",
      "properties": {
        "name": "Cell R10 C19",
        "code": "bang_010_019",
        "city": "Bangalore"
      },
      "geometry": {
        "type": "Polygon",
        "coordinates": [
          [
            [
              77.64,
              12.95
            ],
            [
              77.65,
              12.95
            ],
            [
              77.65,
              12.955
            ],
            [
              77.64,
              12.955
            ],
            [
              77.64,
              12.95
            ]
          ]
        ]
      }
    },
    {
      "type": "Feature",
      "properties": {
        "name": "Cell R11 C00",
        "code": "bang_011_000",
        "city": "Bangalore"
      },
      "geometry": {
        "type": "Polygon",
        "coordinates": [
          [
            [
              77.45,
              12.955
            ],
            [
              77.46000000000001,
              12.955
            ],
            [
              77.46000000000001,
              12.96
            ],
            [
              77.45,
              12.96
            ],
            [
              77.45,
              12.955
            ]
          ]
        ]
      }
    },
    {
      "type": "Feature",
      "properties": {
        "name": "Cell R11 C01",
        "code": "bang_011_001",
        "city": "Bangalore"
      },
      "geometry": {
        "type": "Polygon",
        "coordinates": [
          [
            [
              77.46000000000001,
              12.955
            ],
            [
              77.47000000000001,
              12.955
            ],
            [
              77.47000000000001,
              12.96
            ],
            [
              77.46000000000001,
              12.96
            ],
            [
              77.46000000000001,
              12.955
            ]
          ]
        ]
      }
    },
    {
      "type": "Feature",
      "properties": {
        "name": "Cell R11 C02",
        "code": "bang_011_002",
        "city": "Bangalore"
      },
      "geometry": {
        "type": "Polygon",
        "coordinates": [
          [
            [
              77.47,
              12.955
            ],
            [
              77.48,
              12.955
            ],
            [
              77.48,
              12.96
            ],
            [
              77.47,
              12.96
            ],
            [
              77.47,
              12.955
            ]
          ]
        ]
      }
    },
    {
      "type": "Feature",
      "properties": {
        "name": "Cell R11 C03",
        "code": "bang_011_003",
        "city": "Bangalore"
      },
      "geometry": {
        "type": "Polygon",
        "coordinates": [
          [
            [
              77.48,
              12.955
            ],
            [
              77.49000000000001,
              12.955
            ],
            [
              77.49000000000001,
              12.96
            ],
            [
              77.48,
              12.96
            ],
            [
              77.48,
              12.955
            ]
          ]
        ]
      }
    },
    {
      "type": "Feature",
      "properties": {
        "name": "Cell R11 C04",
        "code": "bang_011_004",
        "city": "Bangalore"
      },
      "geometry": {
        "type": "Polygon",
        "coordinates": [
          [
            [
              77.49000000000001,
              12.955
            ],
            [
              77.50000000000001,
              12.955
            ],
            [
              77.50000000000001,
              12.96
            ],
            [
              77.49000000000001,
              12.96
            ],
            [
              77.49000000000001,
              12.955
            ]
          ]
        ]
      }
    },
    {
      "type": "Feature",
      "properties": {
        "name": "Cell R11 C05",
        "code": "bang_011_005",
        "city": "Bangalore"
      },
      "geometry": {
        "type": "Polygon",
        "coordinates": [
          [
            [
              77.5,
              12.955
            ],
            [
              77.51,
              12.955
            ],
            [
              77.51,
              12.96
            ],
            [
              77.5,
              12.96
            ],
            [
              77.5,
              12.955
            ]
          ]
        ]
      }
    },
    {
      "type": "Feature",
      "properties": {
        "name": "Cell R11 C06",
        "code": "bang_011_006",
        "city": "Bangalore"
      },
      "geometry": {
        "type": "Polygon",
        "coordinates": [
          [
            [
              77.51,
              12.955
            ],
            [
              77.52000000000001,
              12.955
            ],
            [
              77.52000000000001,
              12.96
            ],
            [
              77.51,
              12.96
            ],
            [
              77.51,
              12.955
            ]
          ]
        ]
      }
    },
    {
      "type": "Feature",
      "properties": {
        "name": "Cell R11 C07",
        "code": "bang_011_007",
        "city": "Bangalore"
      },
      "geometry": {
        "type": "Polygon",
        "coordinates": [
          [
            [
              77.52000000000001,
              12.955
            ],
            [
              77.53000000000002,
              12.955
            ],
            [
              77.53000000000002,
              12.96
            ],
            [
              77.52000000000001,
              12.96
            ],
            [
              77.52000000000001,
              12.955
            ]
          ]
        ]
      }
    },
    {
      "type": "Feature",
      "properties": {
        "name": "Cell R11 C08",
        "code": "bang_011_008",
        "city": "Bangalore"
      },
      "geometry": {
        "type": "Polygon",
        "coordinates": [
          [
            [
              77.53,
              12.955
            ],
            [
              77.54,
              12.955
            ],
            [
              77.54,
              12.96
            ],
            [
              77.53,
              12.96
            ],
            [
              77.53,
              12.955
            ]
          ]
        ]
      }
    },
    {
      "type": "Feature",
      "properties": {
        "name": "Cell R11 C09",
        "code": "bang_011_009",
        "city": "Bangalore"
      },
      "geometry": {
        "type": "Polygon",
        "coordinates": [
          [
            [
              77.54,
              12.955
            ],
            [
              77.55000000000001,
              12.955
            ],
            [
              77.55000000000001,
              12.96
            ],
            [
              77.54,
              12.96
            ],
            [
              77.54,
              12.955
            ]
          ]
        ]
      }
    },
    {
      "type": "Feature",
      "properties": {
        "name": "Cell R11 C10",
        "code": "bang_011_010",
        "city": "Bangalore"
      },
      "geometry": {
        "type": "Polygon",
        "coordinates": [
          [
            [
              77.55000000000001,
              12.955
            ],
            [
              77.56000000000002,
              12.955
            ],
            [
              77.56000000000002,
              12.96
            ],
            [
              77.55000000000001,
              12.96
            ],
            [
              77.55000000000001,
              12.955
            ]
          ]
        ]
      }
    },
    {
      "type": "Feature",
      "properties": {
        "name": "Cell R11 C11",
        "code": "bang_011_011",
        "city": "Bangalore"
      },
      "geometry": {
        "type": "Polygon",
        "coordinates": [
          [
            [
              77.56,
              12.955
            ],
            [
              77.57000000000001,
              12.955
            ],
            [
              77.57000000000001,
              12.96
            ],
            [
              77.56,
              12.96
            ],
            [
              77.56,
              12.955
            ]
          ]
        ]
      }
    },
    {
      "type": "Feature",
      "properties": {
        "name": "Cell R11 C12",
        "code": "bang_011_012",
        "city": "Bangalore"
      },
      "geometry": {
        "type": "Polygon",
        "coordinates": [
          [
            [
              77.57000000000001,
              12.955
            ],
            [
              77.58000000000001,
              12.955
            ],
            [
              77.58000000000001,
              12.96
            ],
            [
              77.57000000000001,
              12.96
            ],
            [
              77.57000000000001,
              12.955
            ]
          ]
        ]
      }
    },
    {
      "type": "Feature",
      "properties": {
        "name": "Cell R11 C13",
        "code": "bang_011_013",
        "city": "Bangalore"
      },
      "geometry": {
        "type": "Polygon",
        "coordinates": [
          [
            [
              77.58,
              12.955
            ],
            [
              77.59,
              12.955
            ],
            [
              77.59,
              12.96
            ],
            [
              77.58,
              12.96
            ],
            [
              77.58,
              12.955
            ]
          ]
        ]
      }
    },
    {
      "type": "Feature",
      "properties": {
        "name": "Cell R11 C14",
        "code": "bang_011_014",
        "city": "Bangalore"
      },
      "geometry": {
        "type": "Polygon",
        "coordinates": [
          [
            [
              77.59,
              12.955
            ],
            [
              77.60000000000001,
              12.955
            ],
            [
              77.60000000000001,
              12.96
            ],
            [
              77.59,
              12.96
            ],
            [
              77.59,
              12.955
            ]
          ]
        ]
      }
    },
    {
      "type": "Feature",
      "properties": {
        "name": "Cell R11 C15",
        "code": "bang_011_015",
        "city": "Bangalore"
      },
      "geometry": {
        "type": "Polygon",
        "coordinates": [
          [
            [
              77.60000000000001,
              12.955
            ],
            [
              77.61000000000001,
              12.955
            ],
            [
              77.61000000000001,
              12.96
            ],
            [
              77.60000000000001,
              12.96
            ],
            [
              77.60000000000001,
              12.955
            ]
          ]
        ]
      }
    },
    {
      "type": "Feature",
      "properties": {
        "name": "Cell R11 C16",
        "code": "bang_011_016",
        "city": "Bangalore"
      },
      "geometry": {
        "type": "Polygon",
        "coordinates": [
          [
            [
              77.61,
              12.955
            ],
            [
              77.62,
              12.955
            ],
            [
              77.62,
              12.96
            ],
            [
              77.61,
              12.96
            ],
            [
              77.61,
              12.955
            ]
          ]
        ]
      }
    },
    {
      "type": "Feature",
      "properties": {
        "name": "Cell R11 C17",
        "code": "bang_011_017",
        "city": "Bangalore"
      },
      "geometry": {
        "type": "Polygon",
        "coordinates": [
          [
            [
              77.62,
              12.955
            ],
            [
              77.63000000000001,
              12.955
            ],
            [
              77.63000000000001,
              12.96
            ],
            [
              77.62,
              12.96
            ],
            [
              77.62,
              12.955
            ]
          ]
        ]
      }
    },
    {
      "type": "Feature",
      "properties": {
        "name": "Cell R11 C18",
        "code": "bang_011_018",
        "city": "Bangalore"
      },
      "geometry": {
        "type": "Polygon",
        "coordinates": [
          [
            [
              77.63000000000001,
              12.955
            ],
            [
              77.64000000000001,
              12.955
            ],
            [
              77.64000000000001,
              12.96
            ],
            [
              77.63000000000001,
              12.96
            ],
            [
              77.63000000000001,
              12.955
            ]
          ]
        ]
      }
    },
    {
      "type": "Feature",
      "properties": {
        "name": "Cell R11 C19",
        "code": "bang_011_019",
        "city": "Bangalore"
      },
      "geometry": {
        "type": "Polygon",
        "coordinates": [
          [
            [
              77.64,
              12.955
            ],
            [
              77.65,
              12.955
            ],
            [
              77.65,
              12.96
            ],
            [
              77.64,
              12.96
            ],
            [
              77.64,
              12.955
            ]
          ]
        ]
      }
    },
    {
      "type": "Feature",
      "properties": {
        "name": "Cell R12 C00",
        "code": "bang_012_000",
        "city": "Bangalore"
      },
      "geometry": {
        "type": "Polygon",
        "coordinates": [
          [
            [
              77.45,
              12.96
            ],
            [
              77.46000000000001,
              12.96
            ],
            [
              77.46000000000001,
              12.965000000000002
            ],
            [
              77.45,
              12.965000000000002
            ],
            [
              77.45,
              12.96
            ]
          ]
        ]
      }
    },
    {
      "type": "Feature",
      "properties": {
        "name": "Cell R12 C01",
        "code": "bang_012_001",
        "city": "Bangalore"
      },
      "geometry": {
        "type": "Polygon",
        "coordinates": [
          [
            [
              77.46000000000001,
              12.96
            ],
            [
              77.47000000000001,
              12.96
            ],
            [
              77.47000000000001,
              12.965000000000002
            ],
            [
              77.46000000000001,
              12.965000000000002
            ],
            [
              77.46000000000001,
              12.96
            ]
          ]
        ]
      }
    },
    {
      "type": "Feature",
      "properties": {
        "name": "Cell R12 C02",
        "code": "bang_012_002",
        "city": "Bangalore"
      },
      "geometry": {
        "type": "Polygon",
        "coordinates": [
          [
            [
              77.47,
              12.96
            ],
            [
              77.48,
              12.96
            ],
            [
              77.48,
              12.965000000000002
            ],
            [
              77.47,
              12.965000000000002
            ],
            [
              77.47,
              12.96
            ]
          ]
        ]
      }
    },
    {
      "type": "Feature",
      "properties": {
        "name": "Cell R12 C03",
        "code": "bang_012_003",
        "city": "Bangalore"
      },
      "geometry": {
        "type": "Polygon",
        "coordinates": [
          [
            [
              77.48,
              12.96
            ],
            [
              77.49000000000001,
              12.96
            ],
            [
              77.49000000000001,
              12.965000000000002
            ],
            [
              77.48,
              12.965000000000002
            ],
            [
              77.48,
              12.96
            ]
          ]
        ]
      }
    },
    {
      "type": "Feature",
      "properties": {
        "name": "Cell R12 C04",
        "code": "bang_012_004",
        "city": "Bangalore"
      },
      "geometry": {
        "type": "Polygon",
        "coordinates": [
          [
            [
              77.49000000000001,
              12.96
            ],
            [
              77.50000000000001,
              12.96
            ],
            [
              77.50000000000001,
              12.965000000000002
            ],
            [
              77.49000000000001,
              12.965000000000002
            ],
            [
              77.49000000000001,
              12.96
            ]
          ]
        ]
      }
    },
    {
      "type": "Feature",
      "properties": {
        "name": "Cell R12 C05",
        "code": "bang_012_005",
        "city": "Bangalore"
      },
      "geometry": {
        "type": "Polygon",
        "coordinates": [
          [
            [
              77.5,
              12.96
            ],
            [
              77.51,
              12.96
            ],
            [
              77.51,
              12.965000000000002
            ],
            [
              77.5,
              12.965000000000002
            ],
            [
              77.5,
              12.96
            ]
          ]
        ]
      }
    },
    {
      "type": "Feature",
      "properties": {
        "name": "Cell R12 C06",
        "code": "bang_012_006",
        "city": "Bangalore"
      },
      "geometry": {
        "type": "Polygon",
        "coordinates": [
          [
            [
              77.51,
              12.96
            ],
            [
              77.52000000000001,
              12.96
            ],
            [
              77.52000000000001,
              12.965000000000002
            ],
            [
              77.51,
              12.965000000000002
            ],
            [
              77.51,
              12.96
            ]
          ]
        ]
      }
    },
    {
      "type": "Feature",
      "properties": {
        "name": "Cell R12 C07",
        "code": "bang_012_007",
        "city": "Bangalore"
      },
      "geometry": {
        "type": "Polygon",
        "coordinates": [
          [
            [
              77.52000000000001,
              12.96
            ],
            [
              77.53000000000002,
              12.96
            ],
            [
              77.53000000000002,
              12.965000000000002
            ],
            [
              77.52000000000001,
              12.965000000000002
            ],
            [
              77.52000000000001,
              12.96
            ]
          ]
        ]
      }
    },
    {
      "type": "Feature",
      "properties": {
        "name": "Cell R12 C08",
        "code": "bang_012_008",
        "city": "Bangalore"
      },
      "geometry": {
        "type": "Polygon",
        "coordinates": [
          [
            [
              77.53,
              12.96
            ],
            [
              77.54,
              12.96
            ],
            [
              77.54,
              12.965000000000002
            ],
            [
              77.53,
              12.965000000000002
            ],
            [
              77.53,
              12.96
            ]
          ]
        ]
      }
    },
    {
      "type": "Feature",
      "properties": {
        "name": "Cell R12 C09",
        "code": "bang_012_009",
        "city": "Bangalore"
      },
      "geometry": {
        "type": "Polygon",
        "coordinates": [
          [
            [
              77.54,
              12.96
            ],
            [
              77.55000000000001,
              12.96
            ],
            [
              77.55000000000001,
              12.965000000000002
            ],
            [
              77.54,
              12.965000000000002
            ],
            [
              77.54,
              12.96
            ]
          ]
        ]
      }
    },
    {
      "type": "Feature",
      "properties": {
        "name": "Cell R12 C10",
        "code": "bang_012_010",
        "city": "Bangalore"
      },
      "geometry": {
        "type": "Polygon",
        "coordinates": [
          [
            [
              77.55000000000001,
              12.96
            ],
            [
              77.56000000000002,
              12.96
            ],
            [
              77.56000000000002,
              12.965000000000002
            ],
            [
              77.55000000000001,
              12.965000000000002
            ],
            [
              77.55000000000001,
              12.96
            ]
          ]
        ]
      }
    },
    {
      "type": "Feature",
      "properties": {
        "name": "Cell R12 C11",
        "code": "bang_012_011",
        "city": "Bangalore"
      },
      "geometry": {
        "type": "Polygon",
        "coordinates": [
          [
            [
              77.56,
              12.96
            ],
            [
              77.57000000000001,
              12.96
            ],
            [
              77.57000000000001,
              12.965000000000002
            ],
            [
              77.56,
              12.965000000000002
            ],
            [
              77.56,
              12.96
            ]
          ]
        ]
      }
    },
    {
      "type": "Feature",
      "properties": {
        "name": "Cell R12 C12",
        "code": "bang_012_012",
        "city": "Bangalore"
      },
      "geometry": {
        "type": "Polygon",
        "coordinates": [
          [
            [
              77.57000000000001,
              12.96
            ],
            [
              77.58000000000001,
              12.96
            ],
            [
              77.58000000000001,
              12.965000000000002
            ],
            [
              77.57000000000001,
              12.965000000000002
            ],
            [
              77.57000000000001,
              12.96
            ]
          ]
        ]
      }
    },
    {
      "type": "Feature",
      "properties": {
        "name": "Cell R12 C13",
        "code": "bang_012_013",
        "city": "Bangalore"
      },
      "geometry": {
        "type": "Polygon",
        "coordinates": [
          [
            [
              77.58,
              12.96
            ],
            [
              77.59,
              12.96
            ],
            [
              77.59,
              12.965000000000002
            ],
            [
              77.58,
              12.965000000000002
            ],
            [
              77.58,
              12.96
            ]
          ]
        ]
      }
    },
    {
      "type": "Feature",
      "properties": {
        "name": "Cell R12 C14",
        "code": "bang_012_014",
        "city": "Bangalore"
      },
      "geometry": {
        "type": "Polygon",
        "coordinates": [
          [
            [
              77.59,
              12.96
            ],
            [
              77.60000000000001,
              12.96
            ],
            [
              77.60000000000001,
              12.965000000000002
            ],
            [
              77.59,
              12.965000000000002
            ],
            [
              77.59,
              12.96
            ]
          ]
        ]
      }
    },
    {
      "type": "Feature",
      "properties": {
        "name": "Cell R12 C15",
        "code": "bang_012_015",
        "city": "Bangalore"
      },
      "geometry": {
        "type": "Polygon",
        "coordinates": [
          [
            [
              77.60000000000001,
              12.96
            ],
            [
              77.61000000000001,
              12.96
            ],
            [
              77.61000000000001,
              12.965000000000002
            ],
            [
              77.60000000000001,
              12.965000000000002
            ],
            [
              77.60000000000001,
              12.96
            ]
          ]
        ]
      }
    },
    {
      "type": "Feature",
      "properties": {
        "name": "Cell R12 C16",
        "code": "bang_012_016",
        "city": "Bangalore"
      },
      "geometry": {
        "type": "Polygon",
        "coordinates": [
          [
            [
              77.61,
              12.96
            ],
            [
              77.62,
              12.96
            ],
            [
              77.62,
              12.965000000000002
            ],
            [
              77.61,
              12.965000000000002
            ],
            [
              77.61,
              12.96
            ]
          ]
        ]
      }
    },
    {
      "type": "Feature",
      "properties": {
        "name": "Cell R12 C17",
        "code": "bang_012_017",
        "city": "Bangalore"
      },
      "geometry": {
        "type": "Polygon",
        "coordinates": [
          [
            [
              77.62,
              12.96
            ],
            [
              77.63000000000001,
              12.96
            ],
            [
              77.63000000000001,
              12.965000000000002
            ],
            [
              77.62,
              12.965000000000002
            ],
            [
              77.62,
              12.96
            ]
          ]
        ]
      }
    },
    {
      "type": "Feature",
      "properties": {
        "name": "Cell R12 C18",
        "code": "bang_012_018",
        "city": "Bangalore"
      },
      "geometry": {
        "type": "Polygon",
        "coordinates": [
          [
            [
              77.63000000000001,
              12.96
            ],
            [
              77.64000000000001,
              12.96
            ],
            [
              77.64000000000001,
              12.965000000000002
            ],
            [
              77.63000000000001,
              12.965000000000002
            ],
            [
              77.63000000000001,
              12.96
            ]
          ]
        ]
      }
    },
    {
      "type": "Feature",
      "properties": {
        "name": "Cell R12 C19",
        "code": "bang_012_019",
        "city": "Bangalore"
      },
      "geometry": {
        "type": "Polygon",
        "coordinates": [
          [
            [
              77.64,
              12.96
            ],
            [
              77.65,
              12.96
            ],
            [
              77.65,
              12.965000000000002
            ],
            [
              77.64,
              12.965000000000002
            ],
            [
              77.64,
              12.96
            ]
          ]
        ]
      }
    },
    {
      "type": "Feature",
      "properties": {
        "name": "Cell R13 C00",
        "code": "bang_013_000",
        "city": "Bangalore"
      },
      "geometry": {
        "type": "Polygon",
        "coordinates": [
          [
            [
              77.45,
              12.965
            ],
            [
              77.46000000000001,
              12.965
            ],
            [
              77.46000000000001,
              12.97
            ],
            [
              77.45,
              12.97
            ],
            [
              77.45,
              12.965
            ]
          ]
        ]
      }
    },
    {
      "type": "Feature",
      "properties": {
        "name": "Cell R13 C01",
        "code": "bang_013_001",
        "city": "Bangalore"
      },
      "geometry": {
        "type": "Polygon",
        "coordinates": [
          [
            [
              77.46000000000001,
              12.965
            ],
            [
              77.47000000000001,
              12.965
            ],
            [
              77.47000000000001,
              12.97
            ],
            [
              77.46000000000001,
              12.97
            ],
            [
              77.46000000000001,
              12.965
            ]
          ]
        ]
      }
    },
    {
      "type": "Feature",
      "properties": {
        "name": "Cell R13 C02",
        "code": "bang_013_002",
        "city": "Bangalore"
      },
      "geometry": {
        "type": "Polygon",
        "coordinates": [
          [
            [
              77.47,
              12.965
            ],
            [
              77.48,
              12.965
            ],
            [
              77.48,
              12.97
            ],
            [
              77.47,
              12.97
            ],
            [
              77.47,
              12.965
            ]
          ]
        ]
      }
    },
    {
      "type": "Feature",
      "properties": {
        "name": "Cell R13 C03",
        "code": "bang_013_003",
        "city": "Bangalore"
      },
      "geometry": {
        "type": "Polygon",
        "coordinates": [
          [
            [
              77.48,
              12.965
            ],
            [
              77.49000000000001,
              12.965
            ],
            [
              77.49000000000001,
              12.97
            ],
            [
              77.48,
              12.97
            ],
            [
              77.48,
              12.965
            ]
          ]
        ]
      }
    },
    {
      "type": "Feature",
      "properties": {
        "name": "Cell R13 C04",
        "code": "bang_013_004",
        "city": "Bangalore"
      },
      "geometry": {
        "type": "Polygon",
        "coordinates": [
          [
            [
              77.49000000000001,
              12.965
            ],
            [
              77.50000000000001,
              12.965
            ],
            [
              77.50000000000001,
              12.97
            ],
            [
              77.49000000000001,
              12.97
            ],
            [
              77.49000000000001,
              12.965
            ]
          ]
        ]
      }
    },
    {
      "type": "Feature",
      "properties": {
        "name": "Cell R13 C05",
        "code": "bang_013_005",
        "city": "Bangalore"
      },
      "geometry": {
        "type": "Polygon",
        "coordinates": [
          [
            [
              77.5,
              12.965
            ],
            [
              77.51,
              12.965
            ],
            [
              77.51,
              12.97
            ],
            [
              77.5,
              12.97
            ],
            [
              77.5,
              12.965
            ]
          ]
        ]
      }
    },
    {
      "type": "Feature",
      "properties": {
        "name": "Cell R13 C06",
        "code": "bang_013_006",
        "city": "Bangalore"
      },
      "geometry": {
        "type": "Polygon",
        "coordinates": [
          [
            [
              77.51,
              12.965
            ],
            [
              77.52000000000001,
              12.965
            ],
            [
              77.52000000000001,
              12.97
            ],
            [
              77.51,
              12.97
            ],
            [
              77.51,
              12.965
            ]
          ]
        ]
      }
    },
    {
      "type": "Feature",
      "properties": {
        "name": "Cell R13 C07",
        "code": "bang_013_007",
        "city": "Bangalore"
      },
      "geometry": {
        "type": "Polygon",
        "coordinates": [
          [
            [
              77.52000000000001,
              12.965
            ],
            [
              77.53000000000002,
              12.965
            ],
            [
              77.53000000000002,
              12.97
            ],
            [
              77.52000000000001,
              12.97
            ],
            [
              77.52000000000001,
              12.965
            ]
          ]
        ]
      }
    },
    {
      "type": "Feature",
      "properties": {
        "name": "Cell R13 C08",
        "code": "bang_013_008",
        "city": "Bangalore"
      },
      "geometry": {
        "type": "Polygon",
        "coordinates": [
          [
            [
              77.53,
              12.965
            ],
            [
              77.54,
              12.965
            ],
            [
              77.54,
              12.97
            ],
            [
              77.53,
              12.97
            ],
            [
              77.53,
              12.965
            ]
          ]
        ]
      }
    },
    {
      "type": "Feature",
      "properties": {
        "name": "Cell R13 C09",
        "code": "bang_013_009",
        "city": "Bangalore"
      },
      "geometry": {
        "type": "Polygon",
        "coordinates": [
          [
            [
              77.54,
              12.965
            ],
            [
              77.55000000000001,
              12.965
            ],
            [
              77.55000000000001,
              12.97
            ],
            [
              77.54,
              12.97
            ],
            [
              77.54,
              12.965
            ]
          ]
        ]
      }
    },
    {
      "type": "Feature",
      "properties": {
        "name": "Cell R13 C10",
        "code": "bang_013_010",
        "city": "Bangalore"
      },
      "geometry": {
        "type": "Polygon",
        "coordinates": [
          [
            [
              77.55000000000001,
              12.965
            ],
            [
              77.56000000000002,
              12.965
            ],
            [
              77.56000000000002,
              12.97
            ],
            [
              77.55000000000001,
              12.97
            ],
            [
              77.55000000000001,
              12.965
            ]
          ]
        ]
      }
    },
    {
      "type": "Feature",
      "properties": {
        "name": "Cell R13 C11",
        "code": "bang_013_011",
        "city": "Bangalore"
      },
      "geometry": {
        "type": "Polygon",
        "coordinates": [
          [
            [
              77.56,
              12.965
            ],
            [
              77.57000000000001,
              12.965
            ],
            [
              77.57000000000001,
              12.97
            ],
            [
              77.56,
              12.97
            ],
            [
              77.56,
              12.965
            ]
          ]
        ]
      }
    },
    {
      "type": "Feature",
      "properties": {
        "name": "Cell R13 C12",
        "code": "bang_013_012",
        "city": "Bangalore"
      },
      "geometry": {
        "type": "Polygon",
        "coordinates": [
          [
            [
              77.57000000000001,
              12.965
            ],
            [
              77.58000000000001,
              12.965
            ],
            [
              77.58000000000001,
              12.97
            ],
            [
              77.57000000000001,
              12.97
            ],
            [
              77.57000000000001,
              12.965
            ]
          ]
        ]
      }
    },
    {
      "type": "Feature",
      "properties": {
        "name": "Cell R13 C13",
        "code": "bang_013_013",
        "city": "Bangalore"
      },
      "geometry": {
        "type": "Polygon",
        "coordinates": [
          [
            [
              77.58,
              12.965
            ],
            [
              77.59,
              12.965
            ],
            [
              77.59,
              12.97
            ],
            [
              77.58,
              12.97
            ],
            [
              77.58,
              12.965
            ]
          ]
        ]
      }
    },
    {
      "type": "Feature",
      "properties": {
        "name": "Cell R13 C14",
        "code": "bang_013_014",
        "city": "Bangalore"
      },
      "geometry": {
        "type": "Polygon",
        "coordinates": [
          [
            [
              77.59,
              12.965
            ],
            [
              77.60000000000001,
              12.965
            ],
            [
              77.60000000000001,
              12.97
            ],
            [
              77.59,
              12.97
            ],
            [
              77.59,
              12.965
            ]
          ]
        ]
      }
    },
    {
      "type": "Feature",
      "properties": {
        "name": "Cell R13 C15",
        "code": "bang_013_015",
        "city": "Bangalore"
      },
      "geometry": {
        "type": "Polygon",
        "coordinates": [
          [
            [
              77.60000000000001,
              12.965
            ],
            [
              77.61000000000001,
              12.965
            ],
            [
              77.61000000000001,
              12.97
            ],
            [
              77.60000000000001,
              12.97
            ],
            [
              77.60000000000001,
              12.965
            ]
          ]
        ]
      }
    },
    {
      "type": "Feature",
      "properties": {
        "name": "Cell R13 C16",
        "code": "bang_013_016",
        "city": "Bangalore"
      },
      "geometry": {
        "type": "Polygon",
        "coordinates": [
          [
            [
              77.61,
              12.965
            ],
            [
              77.62,
              12.965
            ],
            [
              77.62,
              12.97
            ],
            [
              77.61,
              12.97
            ],
            [
              77.61,
              12.965
            ]
          ]
        ]
      }
    },
    {
      "type": "Feature",
      "properties": {
        "name": "Cell R13 C17",
        "code": "bang_013_017",
        "city": "Bangalore"
      },
      "geometry": {
        "type": "Polygon",
        "coordinates": [
          [
            [
              77.62,
              12.965
            ],
            [
              77.63000000000001,
              12.965
            ],
            [
              77.63000000000001,
              12.97
            ],
            [
              77.62,
              12.97
            ],
            [
              77.62,
              12.965
            ]
          ]
        ]
      }
    },
    {
      "type": "Feature",
      "properties": {
        "name": "Cell R13 C18",
        "code": "bang_013_018",
        "city": "Bangalore"
      },
      "geometry": {
        "type": "Polygon",
        "coordinates": [
          [
            [
              77.63000000000001,
              12.965
            ],
            [
              77.64000000000001,
              12.965
            ],
            [
              77.64000000000001,
              12.97
            ],
            [
              77.63000000000001,
              12.97
            ],
            [
              77.63000000000001,
              12.965
            ]
          ]
        ]
      }
    },
    {
      "type": "Feature",
      "properties": {
        "name": "Cell R13 C19",
        "code": "bang_013_019",
        "city": "Bangalore"
      },
      "geometry": {
        "type": "Polygon",
        "coordinates": [
          [
            [
              77.64,
              12.965
            ],
            [
              77.65,
              12.965
            ],
            [
              77.65,
              12.97
            ],
            [
              77.64,
              12.97
            ],
            [
              77.64,
              12.965
            ]
          ]
        ]
      }
    },
    {
      "type": "Feature",
      "properties": {
        "name": "Cell R14 C00",
        "code": "bang_014_000",
        "city": "Bangalore"
      },
      "geometry": {
        "type": "Polygon",
        "coordinates": [
          [
            [
              77.45,
              12.97
            ],
            [
              77.46000000000001,
              12.97
            ],
            [
              77.46000000000001,
              12.975000000000001
            ],
            [
              77.45,
              12.975000000000001
            ],
            [
              77.45,
              12.97
            ]
          ]
        ]
      }
    },
    {
      "type": "Feature",
      "properties": {
        "name": "Cell R14 C01",
        "code": "bang_014_001",
        "city": "Bangalore"
      },
      "geometry": {
        "type": "Polygon",
        "coordinates": [
          [
            [
              77.46000000000001,
              12.97
            ],
            [
              77.47000000000001,
              12.97
            ],
            [
              77.47000000000001,
              12.975000000000001
            ],
            [
              77.46000000000001,
              12.975000000000001
            ],
            [
              77.46000000000001,
              12.97
            ]
          ]
        ]
      }
    },
    {
      "type": "Feature",
      "properties": {
        "name": "Cell R14 C02",
        "code": "bang_014_002",
        "city": "Bangalore"
      },
      "geometry": {
        "type": "Polygon",
        "coordinates": [
          [
            [
              77.47,
              12.97
            ],
            [
              77.48,
              12.97
            ],
            [
              77.48,
              12.975000000000001
            ],
            [
              77.47,
              12.975000000000001
            ],
            [
              77.47,
              12.97
            ]
          ]
        ]
      }
    },
    {
      "type": "Feature",
      "properties": {
        "name": "Cell R14 C03",
        "code": "bang_014_003",
        "city": "Bangalore"
      },
      "geometry": {
        "type": "Polygon",
        "coordinates": [
          [
            [
              77.48,
              12.97
            ],
            [
              77.49000000000001,
              12.97
            ],
            [
              77.49000000000001,
              12.975000000000001
            ],
            [
              77.48,
              12.975000000000001
            ],
            [
              77.48,
              12.97
            ]
          ]
        ]
      }
    },
    {
      "type": "Feature",
      "properties": {
        "name": "Cell R14 C04",
        "code": "bang_014_004",
        "city": "Bangalore"
      },
      "geometry": {
        "type": "Polygon",
        "coordinates": [
          [
            [
              77.49000000000001,
              12.97
            ],
            [
              77.50000000000001,
              12.97
            ],
            [
              77.50000000000001,
              12.975000000000001
            ],
            [
              77.49000000000001,
              12.975000000000001
            ],
            [
              77.49000000000001,
              12.97
            ]
          ]
        ]
      }
    },
    {
      "type": "Feature",
      "properties": {
        "name": "Cell R14 C05",
        "code": "bang_014_005",
        "city": "Bangalore"
      },
      "geometry": {
        "type": "Polygon",
        "coordinates": [
          [
            [
              77.5,
              12.97
            ],
            [
              77.51,
              12.97
            ],
            [
              77.51,
              12.975000000000001
            ],
            [
              77.5,
              12.975000000000001
            ],
            [
              77.5,
              12.97
            ]
          ]
        ]
      }
    },
    {
      "type": "Feature",
      "properties": {
        "name": "Cell R14 C06",
        "code": "bang_014_006",
        "city": "Bangalore"
      },
      "geometry": {
        "type": "Polygon",
        "coordinates": [
          [
            [
              77.51,
              12.97
            ],
            [
              77.52000000000001,
              12.97
            ],
            [
              77.52000000000001,
              12.975000000000001
            ],
            [
              77.51,
              12.975000000000001
            ],
            [
              77.51,
              12.97
            ]
          ]
        ]
      }
    },
    {
      "type": "Feature",
      "properties": {
        "name": "Cell R14 C07",
        "code": "bang_014_007",
        "city": "Bangalore"
      },
      "geometry": {
        "type": "Polygon",
        "coordinates": [
          [
            [
              77.52000000000001,
              12.97
            ],
            [
              77.53000000000002,
              12.97
            ],
            [
              77.53000000000002,
              12.975000000000001
            ],
            [
              77.52000000000001,
              12.975000000000001
            ],
            [
              77.52000000000001,
              12.97
            ]
          ]
        ]
      }
    },
    {
      "type": "Feature",
      "properties": {
        "name": "Cell R14 C08",
        "code": "bang_014_008",
        "city": "Bangalore"
      },
      "geometry": {
        "type": "Polygon",
        "coordinates": [
          [
            [
              77.53,
              12.97
            ],
            [
              77.54,
              12.97
            ],
            [
              77.54,
              12.975000000000001
            ],
            [
              77.53,
              12.975000000000001
            ],
            [
              77.53,
              12.97
            ]
          ]
        ]
      }
    },
    {
      "type": "Feature",
      "properties": {
        "name": "Cell R14 C09",
        "code": "bang_014_009",
        "city": "Bangalore"
      },
      "geometry": {
        "type": "Polygon",
        "coordinates": [
          [
            [
              77.54,
              12.97
            ],
            [
              77.55000000000001,
              12.97
            ],
            [
              77.55000000000001,
              12.975000000000001
            ],
            [
              77.54,
              12.975000000000001
            ],
            [
              77.54,
              12.97
            ]
          ]
        ]
      }
    },
    {
      "type": "Feature",
      "properties": {
        "name": "Cell R14 C10",
        "code": "bang_014_010",
        "city": "Bangalore"
      },
      "geometry": {
        "type": "Polygon",
        "coordinates": [
          [
            [
              77.55000000000001,
              12.97
            ],
            [
              77.56000000000002,
              12.97
            ],
            [
              77.56000000000002,
              12.975000000000001
            ],
            [
              77.55000000000001,
              12.975000000000001
            ],
            [
              77.55000000000001,
              12.97
            ]
          ]
        ]
      }
    },
    {
      "type": "Feature",
      "properties": {
        "name": "Cell R14 C11",
        "code": "bang_014_011",
        "city": "Bangalore"
      },
      "geometry": {
        "type": "Polygon",
        "coordinates": [
          [
            [
              77.56,
              12.97
            ],
            [
              77.57000000000001,
              12.97
            ],
            [
              77.57000000000001,
              12.975000000000001
            ],
            [
              77.56,
              12.975000000000001
            ],
            [
              77.56,
              12.97
            ]
          ]
        ]
      }
    },
    {
      "type": "Feature",
      "properties": {
        "name": "Cell R14 C12",
        "code": "bang_014_012",
        "city": "Bangalore"
      },
      "geometry": {
        "type": "Polygon",
        "coordinates": [
          [
            [
              77.57000000000001,
              12.97
            ],
            [
              77.58000000000001,
              12.97
            ],
            [
              77.58000000000001,
              12.975000000000001
            ],
            [
              77.57000000000001,
              12.975000000000001
            ],
            [
              77.57000000000001,
              12.97
            ]
          ]
        ]
      }
    },
    {
      "type": "Feature",
      "properties": {
        "name": "Cell R14 C13",
        "code": "bang_014_013",
        "city": "Bangalore"
      },
      "geometry": {
        "type": "Polygon",
        "coordinates": [
          [
            [
              77.58,
              12.97
            ],
            [
              77.59,
              12.97
            ],
            [
              77.59,
              12.975000000000001
            ],
            [
              77.58,
              12.975000000000001
            ],
            [
              77.58,
              12.97
            ]
          ]
        ]
      }
    },
    {
      "type": "Feature",
      "properties": {
        "name": "Cell R14 C14",
        "code": "bang_014_014",
        "city": "Bangalore"
      },
      "geometry": {
        "type": "Polygon",
        "coordinates": [
          [
            [
              77.59,
              12.97
            ],
            [
              77.60000000000001,
              12.97
            ],
            [
              77.60000000000001,
              12.975000000000001
            ],
            [
              77.59,
              12.975000000000001
            ],
            [
              77.59,
              12.97
            ]
          ]
        ]
      }
    },
    {
      "type": "Feature",
      "properties": {
        "name": "Cell R14 C15",
        "code": "bang_014_015",
        "city": "Bangalore"
      },
      "geometry": {
        "type": "Polygon",
        "coordinates": [
          [
            [
              77.60000000000001,
              12.97
            ],
            [
              77.61000000000001,
              12.97
            ],
            [
              77.61000000000001,
              12.975000000000001
            ],
            [
              77.60000000000001,
              12.975000000000001
            ],
            [
              77.60000000000001,
              12.97
            ]
          ]
        ]
      }
    },
    {
      "type": "Feature",
      "properties": {
        "name": "Cell R14 C16",
        "code": "bang_014_016",
        "city": "Bangalore"
      },
      "geometry": {
        "type": "Polygon",
        "coordinates": [
          [
            [
              77.61,
              12.97
            ],
            [
              77.62,
              12.97
            ],
            [
              77.62,
              12.975000000000001
            ],
            [
              77.61,
              12.975000000000001
            ],
            [
              77.61,
              12.97
            ]
          ]
        ]
      }
    },
    {
      "type": "Feature",
      "properties": {
        "name": "Cell R14 C17",
        "code": "bang_014_017",
        "city": "Bangalore"
      },
      "geometry": {
        "type": "Polygon",
        "coordinates": [
          [
            [
              77.62,
              12.97
            ],
            [
              77.63000000000001,
              12.97
            ],
            [
              77.63000000000001,
              12.975000000000001
            ],
            [
              77.62,
              12.975000000000001
            ],
            [
              77.62,
              12.97
            ]
          ]
        ]
      }
    },
    {
      "type": "Feature",
      "properties": {
        "name": "Cell R14 C18",
        "code": "bang_014_018",
        "city": "Bangalore"
      },
      "geometry": {
        "type": "Polygon",
        "coordinates": [
          [
            [
              77.63000000000001,
              12.97
            ],
            [
              77.64000000000001,
              12.97
            ],
            [
              77.64000000000001,
              12.975000000000001
            ],
            [
              77.63000000000001,
              12.975000000000001
            ],
            [
              77.63000000000001,
              12.97
            ]
          ]
        ]
      }
    },
    {
      "type": "Feature",
      "properties": {
        "name": "Cell R14 C19",
        "code": "bang_014_019",
        "city": "Bangalore"
      },
      "geometry": {
        "type": "Polygon",
        "coordinates": [
          [
            [
              77.64,
              12.97
            ],
            [
              77.65,
              12.97
            ],
            [
              77.65,
              12.975000000000001
            ],
            [
              77.64,
              12.975000000000001
            ],
            [
              77.64,
              12.97
            ]
          ]
        ]
      }
    },
    {
      "type": "Feature",
      "properties": {
        "name": "Cell R15 C00",
        "code": "bang_015_000",
        "city": "Bangalore"
      },
      "geometry": {
        "type": "Polygon",
        "coordinates": [
          [
            [
              77.45,
              12.975
            ],
            [
              77.46000000000001,
              12.975
            ],
            [
              77.46000000000001,
              12.98
            ],
            [
              77.45,
              12.98
            ],
            [
              77.45,
              12.975
            ]
          ]
        ]
      }
    },
    {
      "type": "Feature",
      "properties": {
        "name": "Cell R15 C01",
        "code": "bang_015_001",
        "city": "Bangalore"
      },
      "geometry": {
        "type": "Polygon",
        "coordinates": [
          [
            [
              77.46000000000001,
              12.975
            ],
            [
              77.47000000000001,
              12.975
            ],
            [
              77.47000000000001,
              12.98
            ],
            [
              77.46000000000001,
              12.98
            ],
            [
              77.46000000000001,
              12.975
            ]
          ]
        ]
      }
    },
    {
      "type": "Feature",
      "properties": {
        "name": "Cell R15 C02",
        "code": "bang_015_002",
        "city": "Bangalore"
      },
      "geometry": {
        "type": "Polygon",
        "coordinates": [
          [
            [
              77.47,
              12.975
            ],
            [
              77.48,
              12.975
            ],
            [
              77.48,
              12.98
            ],
            [
              77.47,
              12.98
            ],
            [
              77.47,
              12.975
            ]
          ]
        ]
      }
    },
    {
      "type": "Feature",
      "properties": {
        "name": "Cell R15 C03",
        "code": "bang_015_003",
        "city": "Bangalore"
      },
      "geometry": {
        "type": "Polygon",
        "coordinates": [
          [
            [
              77.48,
              12.975
            ],
            [
              77.49000000000001,
              12.975
            ],
            [
              77.49000000000001,
              12.98
            ],
            [
              77.48,
              12.98
            ],
            [
              77.48,
              12.975
            ]
          ]
        ]
      }
    },
    {
      "type": "Feature",
      "properties": {
        "name": "Cell R15 C04",
        "code": "bang_015_004",
        "city": "Bangalore"
      },
      "geometry": {
        "type": "Polygon",
        "coordinates": [
          [
            [
              77.49000000000001,
              12.975
            ],
            [
              77.50000000000001,
              12.975
            ],
            [
              77.50000000000001,
              12.98
            ],
            [
              77.49000000000001,
              12.98
            ],
            [
              77.49000000000001,
              12.975
            ]
          ]
        ]
      }
    },
    {
      "type": "Feature",
      "properties": {
        "name": "Cell R15 C05",
        "code": "bang_015_005",
        "city": "Bangalore"
      },
      "geometry": {
        "type": "Polygon",
        "coordinates": [
          [
            [
              77.5,
              12.975
            ],
            [
              77.51,
              12.975
            ],
            [
              77.51,
              12.98
            ],
            [
              77.5,
              12.98
            ],
            [
              77.5,
              12.975
            ]
          ]
        ]
      }
    },
    {
      "type": "Feature",
      "properties": {
        "name": "Cell R15 C06",
        "code": "bang_015_006",
        "city": "Bangalore"
      },
      "geometry": {
        "type": "Polygon",
        "coordinates": [
          [
            [
              77.51,
              12.975
            ],
            [
              77.52000000000001,
              12.975
            ],
            [
              77.52000000000001,
              12.98
            ],
            [
              77.51,
              12.98
            ],
            [
              77.51,
              12.975
            ]
          ]
        ]
      }
    },
    {
      "type": "Feature",
      "properties": {
        "name": "Cell R15 C07",
        "code": "bang_015_007",
        "city": "Bangalore"
      },
      "geometry": {
        "type": "Polygon",
        "coordinates": [
          [
            [
              77.52000000000001,
              12.975
            ],
            [
              77.53000000000002,
              12.975
            ],
            [
              77.53000000000002,
              12.98
            ],
            [
              77.52000000000001,
              12.98
            ],
            [
              77.52000000000001,
              12.975
            ]
          ]
        ]
      }
    },
    {
      "type": "Feature",
      "properties": {
        "name": "Cell R15 C08",
        "code": "bang_015_008",
        "city": "Bangalore"
      },
      "geometry": {
        "type": "Polygon",
        "coordinates": [
          [
            [
              77.53,
              12.975
            ],
            [
              77.54,
              12.975
            ],
            [
              77.54,
              12.98
            ],
            [
              77.53,
              12.98
            ],
            [
              77.53,
              12.975
            ]
          ]
        ]
      }
    },
    {
      "type": "Feature",
      "properties": {
        "name": "Cell R15 C09",
        "code": "bang_015_009",
        "city": "Bangalore"
      },
      "geometry": {
        "type": "Polygon",
        "coordinates": [
          [
            [
              77.54,
              12.975
            ],
            [
              77.55000000000001,
              12.975
            ],
            [
              77.55000000000001,
              12.98
            ],
            [
              77.54,
              12.98
            ],
            [
              77.54,
              12.975
            ]
          ]
        ]
      }
    },
    {
      "type": "Feature",
      "properties": {
        "name": "Cell R15 C10",
        "code": "bang_015_010",
        "city": "Bangalore"
      },
      "geometry": {
        "type": "Polygon",
        "coordinates": [
          [
            [
              77.55000000000001,
              12.975
            ],
            [
              77.56000000000002,
              12.975
            ],
            [
              77.56000000000002,
              12.98
            ],
            [
              77.55000000000001,
              12.98
            ],
            [
              77.55000000000001,
              12.975
            ]
          ]
        ]
      }
    },
    {
      "type": "Feature",
      "properties": {
        "name": "Cell R15 C11",
        "code": "bang_015_011",
        "city": "Bangalore"
      },
      "geometry": {
        "type": "Polygon",
        "coordinates": [
          [
            [
              77.56,
              12.975
            ],
            [
              77.57000000000001,
              12.975
            ],
            [
              77.57000000000001,
              12.98
            ],
            [
              77.56,
              12.98
            ],
            [
              77.56,
              12.975
            ]
          ]
        ]
      }
    },
    {
      "type": "Feature",
      "properties": {
        "name": "Cell R15 C12",
        "code": "bang_015_012",
        "city": "Bangalore"
      },
      "geometry": {
        "type": "Polygon",
        "coordinates": [
          [
            [
              77.57000000000001,
              12.975
            ],
            [
              77.58000000000001,
              12.975
            ],
            [
              77.58000000000001,
              12.98
            ],
            [
              77.57000000000001,
              12.98
            ],
            [
              77.57000000000001,
              12.975
            ]
          ]
        ]
      }
    },
    {
      "type": "Feature",
      "properties": {
        "name": "Cell R15 C13",
        "code": "bang_015_013",
        "city": "Bangalore"
      },
      "geometry": {
        "type": "Polygon",
        "coordinates": [
          [
            [
              77.58,
              12.975
            ],
            [
              77.59,
              12.975
            ],
            [
              77.59,
              12.98
            ],
            [
              77.58,
              12.98
            ],
            [
              77.58,
              12.975
            ]
          ]
        ]
      }
    },
    {
      "type": "Feature",
      "properties": {
        "name": "Cell R15 C14",
        "code": "bang_015_014",
        "city": "Bangalore"
      },
      "geometry": {
        "type": "Polygon",
        "coordinates": [
          [
            [
              77.59,
              12.975
            ],
            [
              77.60000000000001,
              12.975
            ],
            [
              77.60000000000001,
              12.98
            ],
            [
              77.59,
              12.98
            ],
            [
              77.59,
              12.975
            ]
          ]
        ]
      }
    },
    {
      "type": "Feature",
      "properties": {
        "name": "Cell R15 C15",
        "code": "bang_015_015",
        "city": "Bangalore"
      },
      "geometry": {
        "type": "Polygon",
        "coordinates": [
          [
            [
              77.60000000000001,
              12.975
            ],
            [
              77.61000000000001,
              12.975
            ],
            [
              77.61000000000001,
              12.98
            ],
            [
              77.60000000000001,
              12.98
            ],
            [
              77.60000000000001,
              12.975
            ]
          ]
        ]
      }
    },
    {
      "type": "Feature",
      "properties": {
        "name": "Cell R15 C16",
        "code": "bang_015_016",
        "city": "Bangalore"
      },
      "geometry": {
        "type": "Polygon",
        "coordinates": [
          [
            [
              77.61,
              12.975
            ],
            [
              77.62,
              12.975
            ],
            [
              77.62,
              12.98
            ],
            [
              77.61,
              12.98
            ],
            [
              77.61,
              12.975
            ]
          ]
        ]
      }
    },
    {
      "type": "Feature",
      "properties": {
        "name": "Cell R15 C17",
        "code": "bang_015_017",
        "city": "Bangalore"
      },
      "geometry": {
        "type": "Polygon",
        "coordinates": [
          [
            [
              77.62,
              12.975
            ],
            [
              77.63000000000001,
              12.975
            ],
            [
              77.63000000000001,
              12.98
            ],
            [
              77.62,
              12.98
            ],
            [
              77.62,
              12.975
            ]
          ]
        ]
      }
    },
    {
      "type": "Feature",
      "properties": {
        "name": "Cell R15 C18",
        "code": "bang_015_018",
        "city": "Bangalore"
      },
      "geometry": {
        "type": "Polygon",
        "coordinates": [
          [
            [
              77.63000000000001,
              12.975
            ],
            [
              77.64000000000001,
              12.975
            ],
            [
              77.64000000000001,
              12.98
            ],
            [
              77.63000000000001,
              12.98
            ],
            [
              77.63000000000001,
              12.975
            ]
          ]
        ]
      }
    },
    {
      "type": "Feature",
      "properties": {
        "name": "Cell R15 C19",
        "code": "bang_015_019",
        "city": "Bangalore"
      },
      "geometry": {
        "type": "Polygon",
        "coordinates": [
          [
            [
              77.64,
              12.975
            ],
            [
              77.65,
              12.975
            ],
            [
              77.65,
              12.98
            ],
            [
              77.64,
              12.98
            ],
            [
              77.64,
              12.975
            ]
          ]
        ]
      }
    },
    {
      "type": "Feature",
      "properties": {
        "name": "Cell R16 C00",
        "code": "bang_016_000",
        "city": "Bangalore"
      },
      "geometry": {
        "type": "Polygon",
        "coordinates": [
          [
            [
              77.45,
              12.98
            ],
            [
              77.46000000000001,
              12.98
            ],
            [
              77.46000000000001,
              12.985000000000001
            ],
            [
              77.45,
              12.985000000000001
            ],
            [
              77.45,
              12.98
            ]
          ]
        ]
      }
    },
    {
      "type": "Feature",
      "properties": {
        "name": "Cell R16 C01",
        "code": "bang_016_001",
        "city": "Bangalore"
      },
      "geometry": {
        "type": "Polygon",
        "coordinates": [
          [
            [
              77.46000000000001,
              12.98
            ],
            [
              77.47000000000001,
              12.98
            ],
            [
              77.47000000000001,
              12.985000000000001
            ],
            [
              77.46000000000001,
              12.985000000000001
            ],
            [
              77.46000000000001,
              12.98
            ]
          ]
        ]
      }
    },
    {
      "type": "Feature",
      "properties": {
        "name": "Cell R16 C02",
        "code": "bang_016_002",
        "city": "Bangalore"
      },
      "geometry": {
        "type": "Polygon",
        "coordinates": [
          [
            [
              77.47,
              12.98
            ],
            [
              77.48,
              12.98
            ],
            [
              77.48,
              12.985000000000001
            ],
            [
              77.47,
              12.985000000000001
            ],
            [
              77.47,
              12.98
            ]
          ]
        ]
      }
    },
    {
      "type": "Feature",
      "properties": {
        "name": "Cell R16 C03",
        "code": "bang_016_003",
        "city": "Bangalore"
      },
      "geometry": {
        "type": "Polygon",
        "coordinates": [
          [
            [
              77.48,
              12.98
            ],
            [
              77.49000000000001,
              12.98
            ],
            [
              77.49000000000001,
              12.985000000000001
            ],
            [
              77.48,
              12.985000000000001
            ],
            [
              77.48,
              12.98
            ]
          ]
        ]
      }
    },
    {
      "type": "Feature",
      "properties": {
        "name": "Cell R16 C04",
        "code": "bang_016_004",
        "city": "Bangalore"
      },
      "geometry": {
        "type": "Polygon",
        "coordinates": [
          [
            [
              77.49000000000001,
              12.98
            ],
            [
              77.50000000000001,
              12.98
            ],
            [
              77.50000000000001,
              12.985000000000001
            ],
            [
              77.49000000000001,
              12.985000000000001
            ],
            [
              77.49000000000001,
              12.98
            ]
          ]
        ]
      }
    },
    {
      "type": "Feature",
      "properties": {
        "name": "Cell R16 C05",
        "code": "bang_016_005",
        "city": "Bangalore"
      },
      "geometry": {
        "type": "Polygon",
        "coordinates": [
          [
            [
              77.5,
              12.98
            ],
            [
              77.51,
              12.98
            ],
            [
              77.51,
              12.985000000000001
            ],
            [
              77.5,
              12.985000000000001
            ],
            [
              77.5,
              12.98
            ]
          ]
        ]
      }
    },
    {
      "type": "Feature",
      "properties": {
        "name": "Cell R16 C06",
        "code": "bang_016_006",
        "city": "Bangalore"
      },
      "geometry": {
        "type": "Polygon",
        "coordinates": [
          [
            [
              77.51,
              12.98
            ],
            [
              77.52000000000001,
              12.98
            ],
            [
              77.52000000000001,
              12.985000000000001
            ],
            [
              77.51,
              12.985000000000001
            ],
            [
              77.51,
              12.98
            ]
          ]
        ]
      }
    },
    {
      "type": "Feature",
      "properties": {
        "name": "Cell R16 C07",
        "code": "bang_016_007",
        "city": "Bangalore"
      },
      "geometry": {
        "type": "Polygon",
        "coordinates": [
          [
            [
              77.52000000000001,
              12.98
            ],
            [
              77.53000000000002,
              12.98
            ],
            [
              77.53000000000002,
              12.985000000000001
            ],
            [
              77.52000000000001,
              12.985000000000001
            ],
            [
              77.52000000000001,
              12.98
            ]
          ]
        ]
      }
    },
    {
      "type": "Feature",
      "properties": {
        "name": "Cell R16 C08",
        "code": "bang_016_008",
        "city": "Bangalore"
      },
      "geometry": {
        "type": "Polygon",
        "coordinates": [
          [
            [
              77.53,
              12.98
            ],
            [
              77.54,
              12.98
            ],
            [
              77.54,
              12.985000000000001
            ],
            [
              77.53,
              12.985000000000001
            ],
            [
              77.53,
              12.98
            ]
          ]
        ]
      }
    },
    {
      "type": "Feature",
      "properties": {
        "name": "Cell R16 C09",
        "code": "bang_016_009",
        "city": "Bangalore"
      },
      "geometry": {
        "type": "Polygon",
        "coordinates": [
          [
            [
              77.54,
              12.98
            ],
            [
              77.55000000000001,
              12.98
            ],
            [
              77.55000000000001,
              12.985000000000001
            ],
            [
              77.54,
              12.985000000000001
            ],
            [
              77.54,
              12.98
            ]
          ]
        ]
      }
    },
    {
      "type": "Feature",
      "properties": {
        "name": "Cell R16 C10",
        "code": "bang_016_010",
        "city": "Bangalore"
      },
      "geometry": {
        "type": "Polygon",
        "coordinates": [
          [
            [
              77.55000000000001,
              12.98
            ],
            [
              77.56000000000002,
              12.98
            ],
            [
              77.56000000000002,
              12.985000000000001
            ],
            [
              77.55000000000001,
              12.985000000000001
            ],
            [
              77.55000000000001,
              12.98
            ]
          ]
        ]
      }
    },
    {
      "type": "Feature",
      "properties": {
        "name": "Cell R16 C11",
        "code": "bang_016_011",
        "city": "Bangalore"
      },
      "geometry": {
        "type": "Polygon",
        "coordinates": [
          [
            [
              77.56,
              12.98
            ],
            [
              77.57000000000001,
              12.98
            ],
            [
              77.57000000000001,
              12.985000000000001
            ],
            [
              77.56,
              12.985000000000001
            ],
            [
              77.56,
              12.98
            ]
          ]
        ]
      }
    },
    {
      "type": "Feature",
      "properties": {
        "name": "Cell R16 C12",
        "code": "bang_016_012",
        "city": "Bangalore"
      },
      "geometry": {
        "type": "Polygon",
        "coordinates": [
          [
            [
              77.57000000000001,
              12.98
            ],
            [
              77.58000000000001,
              12.98
            ],
            [
              77.58000000000001,
              12.985000000000001
            ],
            [
              77.57000000000001,
              12.985000000000001
            ],
            [
              77.57000000000001,
              12.98
            ]
          ]
        ]
      }
    },
    {
      "type": "Feature",
      "properties": {
        "name": "Cell R16 C13",
        "code": "bang_016_013",
        "city": "Bangalore"
      },
      "geometry": {
        "type": "Polygon",
        "coordinates": [
          [
            [
              77.58,
              12.98
            ],
            [
              77.59,
              12.98
            ],
            [
              77.59,
              12.985000000000001
            ],
            [
              77.58,
              12.985000000000001
            ],
            [
              77.58,
              12.98
            ]
          ]
        ]
      }
    },
    {
      "type": "Feature",
      "properties": {
        "name": "Cell R16 C14",
        "code": "bang_016_014",
        "city": "Bangalore"
      },
      "geometry": {
        "type": "Polygon",
        "coordinates": [
          [
            [
              77.59,
              12.98
            ],
            [
              77.60000000000001,
              12.98
            ],
            [
              77.60000000000001,
              12.985000000000001
            ],
            [
              77.59,
              12.985000000000001
            ],
            [
              77.59,
              12.98
            ]
          ]
        ]
      }
    },
    {
      "type": "Feature",
      "properties": {
        "name": "Cell R16 C15",
        "code": "bang_016_015",
        "city": "Bangalore"
      },
      "geometry": {
        "type": "Polygon",
        "coordinates": [
          [
            [
              77.60000000000001,
              12.98
            ],
            [
              77.61000000000001,
              12.98
            ],
            [
              77.61000000000001,
              12.985000000000001
            ],
            [
              77.60000000000001,
              12.985000000000001
            ],
            [
              77.60000000000001,
              12.98
            ]
          ]
        ]
      }
    },
    {
      "type": "Feature",
      "properties": {
        "name": "Cell R16 C16",
        "code": "bang_016_016",
        "city": "Bangalore"
      },
      "geometry": {
        "type": "Polygon",
        "coordinates": [
          [
            [
              77.61,
              12.98
            ],
            [
              77.62,
              12.98
            ],
            [
              77.62,
              12.985000000000001
            ],
            [
              77.61,
              12.985000000000001
            ],
            [
              77.61,
              12.98
            ]
          ]
        ]
      }
    },
    {
      "type": "Feature",
      "properties": {
        "name": "Cell R16 C17",
        "code": "bang_016_017",
        "city": "Bangalore"
      },
      "geometry": {
        "type": "Polygon",
        "coordinates": [
          [
            [
              77.62,
              12.98
            ],
            [
              77.63000000000001,
              12.98
            ],
            [
              77.63000000000001,
              12.985000000000001
            ],
            [
              77.62,
              12.985000000000001
            ],
            [
              77.62,
              12.98
            ]
          ]
        ]
      }
    },
    {
      "type": "Feature",
      "properties": {
        "name": "Cell R16 C18",
        "code": "bang_016_018",
        "city": "Bangalore"
      },
      "geometry": {
        "type": "Polygon",
        "coordinates": [
          [
            [
              77.63000000000001,
              12.98
            ],
            [
              77.64000000000001,
              12.98
            ],
            [
              77.64000000000001,
              12.985000000000001
            ],
            [
              77.63000000000001,
              12.985000000000001
            ],
            [
              77.63000000000001,
              12.98
            ]
          ]
        ]
      }
    },
    {
      "type": "Feature",
      "properties": {
        "name": "Cell R16 C19",
        "code": "bang_016_019",
        "city": "Bangalore"
      },
      "geometry": {
        "type": "Polygon",
        "coordinates": [
          [
            [
              77.64,
              12.98
            ],
            [
              77.65,
              12.98
            ],
            [
              77.65,
              12.985000000000001
            ],
            [
              77.64,
              12.985000000000001
            ],
            [
              77.64,
              12.98
            ]
          ]
        ]
      }
    },
    {
      "type": "Feature",
      "properties": {
        "name": "Cell R17 C00",
        "code": "bang_017_000",
        "city": "Bangalore"
      },
      "geometry": {
        "type": "Polygon",
        "coordinates": [
          [
            [
              77.45,
              12.985
            ],
            [
              77.46000000000001,
              12.985
            ],
            [
              77.46000000000001,
              12.99
            ],
            [
              77.45,
              12.99
            ],
            [
              77.45,
              12.985
            ]
          ]
        ]
      }
    },
    {
      "type": "Feature",
      "properties": {
        "name": "Cell R17 C01",
        "code": "bang_017_001",
        "city": "Bangalore"
      },
      "geometry": {
        "type": "Polygon",
        "coordinates": [
          [
            [
              77.46000000000001,
              12.985
            ],
            [
              77.47000000000001,
              12.985
            ],
            [
              77.47000000000001,
              12.99
            ],
            [
              77.46000000000001,
              12.99
            ],
            [
              77.46000000000001,
              12.985
            ]
          ]
        ]
      }
    },
    {
      "type": "Feature",
      "properties": {
        "name": "Cell R17 C02",
        "code": "bang_017_002",
        "city": "Bangalore"
      },
      "geometry": {
        "type": "Polygon",
        "coordinates": [
          [
            [
              77.47,
              12.985
            ],
            [
              77.48,
              12.985
            ],
            [
              77.48,
              12.99
            ],
            [
              77.47,
              12.99
            ],
            [
              77.47,
              12.985
            ]
          ]
        ]
      }
    },
    {
      "type": "Feature",
      "properties": {
        "name": "Cell R17 C03",
        "code": "bang_017_003",
        "city": "Bangalore"
      },
      "geometry": {
        "type": "Polygon",
        "coordinates": [
          [
            [
              77.48,
              12.985
            ],
            [
              77.49000000000001,
              12.985
            ],
            [
              77.49000000000001,
              12.99
            ],
            [
              77.48,
              12.99
            ],
            [
              77.48,
              12.985
            ]
          ]
        ]
      }
    },
    {
      "type": "Feature",
      "properties": {
        "name": "Cell R17 C04",
        "code": "bang_017_004",
        "city": "Bangalore"
      },
      "geometry": {
        "type": "Polygon",
        "coordinates": [
          [
            [
              77.49000000000001,
              12.985
            ],
            [
              77.50000000000001,
              12.985
            ],
            [
              77.50000000000001,
              12.99
            ],
            [
              77.49000000000001,
              12.99
            ],
            [
              77.49000000000001,
              12.985
            ]
          ]
        ]
      }
    },
    {
      "type": "Feature",
      "properties": {
        "name": "Cell R17 C05",
        "code": "bang_017_005",
        "city": "Bangalore"
      },
      "geometry": {
        "type": "Polygon",
        "coordinates": [
          [
            [
              77.5,
              12.985
            ],
            [
              77.51,
              12.985
            ],
            [
              77.51,
              12.99
            ],
            [
              77.5,
              12.99
            ],
            [
              77.5,
              12.985
            ]
          ]
        ]
      }
    },
    {
      "type": "Feature",
      "properties": {
        "name": "Cell R17 C06",
        "code": "bang_017_006",
        "city": "Bangalore"
      },
      "geometry": {
        "type": "Polygon",
        "coordinates": [
          [
            [
              77.51,
              12.985
            ],
            [
              77.52000000000001,
              12.985
            ],
            [
              77.52000000000001,
              12.99
            ],
            [
              77.51,
              12.99
            ],
            [
              77.51,
              12.985
            ]
          ]
        ]
      }
    },
    {
      "type": "Feature",
      "properties": {
        "name": "Cell R17 C07",
        "code": "bang_017_007",
        "city": "Bangalore"
      },
      "geometry": {
        "type": "Polygon",
        "coordinates": [
          [
            [
              77.52000000000001,
              12.985
            ],
            [
              77.53000000000002,
              12.985
            ],
            [
              77.53000000000002,
              12.99
            ],
            [
              77.52000000000001,
              12.99
            ],
            [
              77.52000000000001,
              12.985
            ]
          ]
        ]
      }
    },
    {
      "type": "Feature",
      "properties": {
        "name": "Cell R17 C08",
        "code": "bang_017_008",
        "city": "Bangalore"
      },
      "geometry": {
        "type": "Polygon",
        "coordinates": [
          [
            [
              77.53,
              12.985
            ],
            [
              77.54,
              12.985
            ],
            [
              77.54,
              12.99
            ],
            [
              77.53,
              12.99
            ],
            [
              77.53,
              12.985
            ]
          ]
        ]
      }
    },
    {
      "type": "Feature",
      "properties": {
        "name": "Cell R17 C09",
        "code": "bang_017_009",
        "city": "Bangalore"
      },
      "geometry": {
        "type": "Polygon",
        "coordinates": [
          [
            [
              77.54,
              12.985
            ],
            [
              77.55000000000001,
              12.985
            ],
            [
              77.55000000000001,
              12.99
            ],
            [
              77.54,
              12.99
            ],
            [
              77.54,
              12.985
            ]
          ]
        ]
      }
    },
    {
      "type": "Feature",
      "properties": {
        "name": "Cell R17 C10",
        "code": "bang_017_010",
        "city": "Bangalore"
      },
      "geometry": {
        "type": "Polygon",
        "coordinates": [
          [
            [
              77.55000000000001,
              12.985
            ],
            [
              77.56000000000002,
              12.985
            ],
            [
              77.56000000000002,
              12.99
            ],
            [
              77.55000000000001,
              12.99
            ],
            [
              77.55000000000001,
              12.985
            ]
          ]
        ]
      }
    },
    {
      "type": "Feature",
      "properties": {
        "name": "Cell R17 C11",
        "code": "bang_017_011",
        "city": "Bangalore"
      },
      "geometry": {
        "type": "Polygon",
        "coordinates": [
          [
            [
              77.56,
              12.985
            ],
            [
              77.57000000000001,
              12.985
            ],
            [
              77.57000000000001,
              12.99
            ],
            [
              77.56,
              12.99
            ],
            [
              77.56,
              12.985
            ]
          ]
        ]
      }
    },
    {
      "type": "Feature",
      "properties": {
        "name": "Cell R17 C12",
        "code": "bang_017_012",
        "city": "Bangalore"
      },
      "geometry": {
        "type": "Polygon",
        "coordinates": [
          [
            [
              77.57000000000001,
              12.985
            ],
            [
              77.58000000000001,
              12.985
            ],
            [
              77.58000000000001,
              12.99
            ],
            [
              77.57000000000001,
              12.99
            ],
            [
              77.57000000000001,
              12.985
            ]
          ]
        ]
      }
    },
    {
      "type": "Feature",
      "properties": {
        "name": "Cell R17 C13",
        "code": "bang_017_013",
        "city": "Bangalore"
      },
      "geometry": {
        "type": "Polygon",
        "coordinates": [
          [
            [
              77.58,
              12.985
            ],
            [
              77.59,
              12.985
            ],
            [
              77.59,
              12.99
            ],
            [
              77.58,
              12.99
            ],
            [
              77.58,
              12.985
            ]
          ]
        ]
      }
    },
    {
      "type": "Feature",
      "properties": {
        "name": "Cell R17 C14",
        "code": "bang_017_014",
        "city": "Bangalore"
      },
      "geometry": {
        "type": "Polygon",
        "coordinates": [
          [
            [
              77.59,
              12.985
            ],
            [
              77.60000000000001,
              12.985
            ],
            [
              77.60000000000001,
              12.99
            ],
            [
              77.59,
              12.99
            ],
            [
              77.59,
              12.985
            ]
          ]
        ]
      }
    },
    {
      "type": "Feature",
      "properties": {
        "name": "Cell R17 C15",
        "code": "bang_017_015",
        "city": "Bangalore"
      },
      "geometry": {
        "type": "Polygon",
        "coordinates": [
          [
            [
              77.60000000000001,
              12.985
            ],
            [
              77.61000000000001,
              12.985
            ],
            [
              77.61000000000001,
              12.99
            ],
            [
              77.60000000000001,
              12.99
            ],
            [
              77.60000000000001,
              12.985
            ]
          ]
        ]
      }
    },
    {
      "type": "Feature",
      "properties": {
        "name": "Cell R17 C16",
        "code": "bang_017_016",
        "city": "Bangalore"
      },
      "geometry": {
        "type": "Polygon",
        "coordinates": [
          [
            [
              77.61,
              12.985
            ],
            [
              77.62,
              12.985
            ],
            [
              77.62,
              12.99
            ],
            [
              77.61,
              12.99
            ],
            [
              77.61,
              12.985
            ]
          ]
        ]
      }
    },
    {
      "type": "Feature",
      "properties": {
        "name": "Cell R17 C17",
        "code": "bang_017_017",
        "city": "Bangalore"
      },
      "geometry": {
        "type": "Polygon",
        "coordinates": [
          [
            [
              77.62,
              12.985
            ],
            [
              77.63000000000001,
              12.985
            ],
            [
              77.63000000000001,
              12.99
            ],
            [
              77.62,
              12.99
            ],
            [
              77.62,
              12.985
            ]
          ]
        ]
      }
    },
    {
      "type": "Feature",
      "properties": {
        "name": "Cell R17 C18",
        "code": "bang_017_018",
        "city": "Bangalore"
      },
      "geometry": {
        "type": "Polygon",
        "coordinates": [
          [
            [
              77.63000000000001,
              12.985
            ],
            [
              77.64000000000001,
              12.985
            ],
            [
              77.64000000000001,
              12.99
            ],
            [
              77.63000000000001,
              12.99
            ],
            [
              77.63000000000001,
              12.985
            ]
          ]
        ]
      }
    },
    {
      "type": "Feature",
      "properties": {
        "name": "Cell R17 C19",
        "code": "bang_017_019",
        "city": "Bangalore"
      },
      "geometry": {
        "type": "Polygon",
        "coordinates": [
          [
            [
              77.64,
              12.985
            ],
            [
              77.65,
              12.985
            ],
            [
              77.65,
              12.99
            ],
            [
              77.64,
              12.99
            ],
            [
              77.64,
              12.985
            ]
          ]
        ]
      }
    },
    {
      "type": "Feature",
      "properties": {
        "name": "Cell R18 C00",
        "code": "bang_018_000",
        "city": "Bangalore"
      },
      "geometry": {
        "type": "Polygon",
        "coordinates": [
          [
            [
              77.45,
              12.99
            ],
            [
              77.46000000000001,
              12.99
            ],
            [
              77.46000000000001,
              12.995000000000001
            ],
            [
              77.45,
              12.995000000000001
            ],
            [
              77.45,
              12.99
            ]
          ]
        ]
      }
    },
    {
      "type": "Feature",
      "properties": {
        "name": "Cell R18 C01",
        "code": "bang_018_001",
        "city": "Bangalore"
      },
      "geometry": {
        "type": "Polygon",
        "coordinates": [
          [
            [
              77.46000000000001,
              12.99
            ],
            [
              77.47000000000001,
              12.99
            ],
            [
              77.47000000000001,
              12.995000000000001
            ],
            [
              77.46000000000001,
              12.995000000000001
            ],
            [
              77.46000000000001,
              12.99
            ]
          ]
        ]
      }
    },
    {
      "type": "Feature",
      "properties": {
        "name": "Cell R18 C02",
        "code": "bang_018_002",
        "city": "Bangalore"
      },
      "geometry": {
        "type": "Polygon",
        "coordinates": [
          [
            [
              77.47,
              12.99
            ],
            [
              77.48,
              12.99
            ],
            [
              77.48,
              12.995000000000001
            ],
            [
              77.47,
              12.995000000000001
            ],
            [
              77.47,
              12.99
            ]
          ]
        ]
      }
    },
    {
      "type": "Feature",
      "properties": {
        "name": "Cell R18 C03",
        "code": "bang_018_003",
        "city": "Bangalore"
      },
      "geometry": {
        "type": "Polygon",
        "coordinates": [
          [
            [
              77.48,
              12.99
            ],
            [
              77.49000000000001,
              12.99
            ],
            [
              77.49000000000001,
              12.995000000000001
            ],
            [
              77.48,
              12.995000000000001
            ],
            [
              77.48,
              12.99
            ]
          ]
        ]
      }
    },
    {
      "type": "Feature",
      "properties": {
        "name": "Cell R18 C04",
        "code": "bang_018_004",
        "city": "Bangalore"
      },
      "geometry": {
        "type": "Polygon",
        "coordinates": [
          [
            [
              77.49000000000001,
              12.99
            ],
            [
              77.50000000000001,
              12.99
            ],
            [
              77.50000000000001,
              12.995000000000001
            ],
            [
              77.49000000000001,
              12.995000000000001
            ],
            [
              77.49000000000001,
              12.99
            ]
          ]
        ]
      }
    },
    {
      "type": "Feature",
      "properties": {
        "name": "Cell R18 C05",
        "code": "bang_018_005",
        "city": "Bangalore"
      },
      "geometry": {
        "type": "Polygon",
        "coordinates": [
          [
            [
              77.5,
              12.99
            ],
            [
              77.51,
              12.99
            ],
            [
              77.51,
              12.995000000000001
            ],
            [
              77.5,
              12.995000000000001
            ],
            [
              77.5,
              12.99
            ]
          ]
        ]
      }
    },
    {
      "type": "Feature",
      "properties": {
        "name": "Cell R18 C06",
        "code": "bang_018_006",
        "city": "Bangalore"
      },
      "geometry": {
        "type": "Polygon",
        "coordinates": [
          [
            [
              77.51,
              12.99
            ],
            [
              77.52000000000001,
              12.99
            ],
            [
              77.52000000000001,
              12.995000000000001
            ],
            [
              77.51,
              12.995000000000001
            ],
            [
              77.51,
              12.99
            ]
          ]
        ]
      }
    },
    {
      "type": "Feature",
      "properties": {
        "name": "Cell R18 C07",
        "code": "bang_018_007",
        "city": "Bangalore"
      },
      "geometry": {
        "type": "Polygon",
        "coordinates": [
          [
            [
              77.52000000000001,
              12.99
            ],
            [
              77.53000000000002,
              12.99
            ],
            [
              77.53000000000002,
              12.995000000000001
            ],
            [
              77.52000000000001,
              12.995000000000001
            ],
            [
              77.52000000000001,
              12.99
            ]
          ]
        ]
      }
    },
    {
      "type": "Feature",
      "properties": {
        "name": "Cell R18 C08",
        "code": "bang_018_008",
        "city": "Bangalore"
      },
      "geometry": {
        "type": "Polygon",
        "coordinates": [
          [
            [
              77.53,
              12.99
            ],
            [
              77.54,
              12.99
            ],
            [
              77.54,
              12.995000000000001
            ],
            [
              77.53,
              12.995000000000001
            ],
            [
              77.53,
              12.99
            ]
          ]
        ]
      }
    },
    {
      "type": "Feature",
      "properties": {
        "name": "Cell R18 C09",
        "code": "bang_018_009",
        "city": "Bangalore"
      },
      "geometry": {
        "type": "Polygon",
        "coordinates": [
          [
            [
              77.54,
              12.99
            ],
            [
              77.55000000000001,
              12.99
            ],
            [
              77.55000000000001,
              12.995000000000001
            ],
            [
              77.54,
              12.995000000000001
            ],
            [
              77.54,
              12.99
            ]
          ]
        ]
      }
    },
    {
      "type": "Feature",
      "properties": {
        "name": "Cell R18 C10",
        "code": "bang_018_010",
        "city": "Bangalore"
      },
      "geometry": {
        "type": "Polygon",
        "coordinates": [
          [
            [
              77.55000000000001,
              12.99
            ],
            [
              77.56000000000002,
              12.99
            ],
            [
              77.56000000000002,
              12.995000000000001
            ],
            [
              77.55000000000001,
              12.995000000000001
            ],
            [
              77.55000000000001,
              12.99
            ]
          ]
        ]
      }
    },
    {
      "type": "Feature",
      "properties": {
        "name": "Cell R18 C11",
        "code": "bang_018_011",
        "city": "Bangalore"
      },
      "geometry": {
        "type": "Polygon",
        "coordinates": [
          [
            [
              77.56,
              12.99
            ],
            [
              77.57000000000001,
              12.99
            ],
            [
              77.57000000000001,
              12.995000000000001
            ],
            [
              77.56,
              12.995000000000001
            ],
            [
              77.56,
              12.99
            ]
          ]
        ]
      }
    },
    {
      "type": "Feature",
      "properties": {
        "name": "Cell R18 C12",
        "code": "bang_018_012",
        "city": "Bangalore"
      },
      "geometry": {
        "type": "Polygon",
        "coordinates": [
          [
            [
              77.57000000000001,
              12.99
            ],
            [
              77.58000000000001,
              12.99
            ],
            [
              77.58000000000001,
              12.995000000000001
            ],
            [
              77.57000000000001,
              12.995000000000001
            ],
            [
              77.57000000000001,
              12.99
            ]
          ]
        ]
      }
    },
    {
      "type": "Feature",
      "properties": {
        "name": "Cell R18 C13",
        "code": "bang_018_013",
        "city": "Bangalore"
      },
      "geometry": {
        "type": "Polygon",
        "coordinates": [
          [
            [
              77.58,
              12.99
            ],
            [
              77.59,
              12.99
            ],
            [
              77.59,
              12.995000000000001
            ],
            [
              77.58,
              12.995000000000001
            ],
            [
              77.58,
              12.99
            ]
          ]
        ]
      }
    },
    {
      "type": "Feature",
      "properties": {
        "name": "Cell R18 C14",
        "code": "bang_018_014",
        "city": "Bangalore"
      },
      "geometry": {
        "type": "Polygon",
        "coordinates": [
          [
            [
              77.59,
              12.99
            ],
            [
              77.60000000000001,
              12.99
            ],
            [
              77.60000000000001,
              12.995000000000001
            ],
            [
              77.59,
              12.995000000000001
            ],
            [
              77.59,
              12.99
            ]
          ]
        ]
      }
    },
    {
      "type": "Feature",
      "properties": {
        "name": "Cell R18 C15",
        "code": "bang_018_015",
        "city": "Bangalore"
      },
      "geometry": {
        "type": "Polygon",
        "coordinates": [
          [
            [
              77.60000000000001,
              12.99
            ],
            [
              77.61000000000001,
              12.99
            ],
            [
              77.61000000000001,
              12.995000000000001
            ],
            [
              77.60000000000001,
              12.995000000000001
            ],
            [
              77.60000000000001,
              12.99
            ]
          ]
        ]
      }
    },
    {
      "type": "Feature",
      "properties": {
        "name": "Cell R18 C16",
        "code": "bang_018_016",
        "city": "Bangalore"
      },
      "geometry": {
        "type": "Polygon",
        "coordinates": [
          [
            [
              77.61,
              12.99
            ],
            [
              77.62,
              12.99
            ],
            [
              77.62,
              12.995000000000001
            ],
            [
              77.61,
              12.995000000000001
            ],
            [
              77.61,
              12.99
            ]
          ]
        ]
      }
    },
    {
      "type": "Feature",
      "properties": {
        "name": "Cell R18 C17",
        "code": "bang_018_017",
        "city": "Bangalore"
      },
      "geometry": {
        "type": "Polygon",
        "coordinates": [
          [
            [
              77.62,
              12.99
            ],
            [
              77.63000000000001,
              12.99
            ],
            [
              77.63000000000001,
              12.995000000000001
            ],
            [
              77.62,
              12.995000000000001
            ],
            [
              77.62,
              12.99
            ]
          ]
        ]
      }
    },
    {
      "type": "Feature",
      "properties": {
        "name": "Cell R18 C18",
        "code": "bang_018_018",
        "city": "Bangalore"
      },
      "geometry": {
        "type": "Polygon",
        "coordinates": [
          [
            [
              77.63000000000001,
              12.99
            ],
            [
              77.64000000000001,
              12.99
            ],
            [
              77.64000000000001,
              12.995000000000001
            ],
            [
              77.63000000000001,
              12.995000000000001
            ],
            [
              77.63000000000001,
              12.99
            ]
          ]
        ]
      }
    },
    {
      "type": "Feature",
      "properties": {
        "name": "Cell R18 C19",
        "code": "bang_018_019",
        "city": "Bangalore"
      },
      "geometry": {
        "type": "Polygon",
        "coordinates": [
          [
            [
              77.64,
              12.99
            ],
            [
              77.65,
              12.99
            ],
            [
              77.65,
              12.995000000000001
            ],
            [
              77.64,
              12.995000000000001
            ],
            [
              77.64,
              12.99
            ]
          ]
        ]
      }
    },
    {
      "type": "Feature",
      "properties": {
        "name": "Cell R19 C00",
        "code": "bang_019_000",
        "city": "Bangalore"
      },
      "geometry": {
        "type": "Polygon",
        "coordinates": [
          [
            [
              77.45,
              12.995
            ],
            [
              77.46000000000001,
              12.995
            ],
            [
              77.46000000000001,
              13.0
            ],
            [
              77.45,
              13.0
            ],
            [
              77.45,
              12.995
            ]
          ]
        ]
      }
    },
    {
      "type": "Feature",
      "properties": {
        "name": "Cell R19 C01",
        "code": "bang_019_001",
        "city": "Bangalore"
      },
      "geometry": {
        "type": "Polygon",
        "coordinates": [
          [
            [
              77.46000000000001,
              12.995
            ],
            [
              77.47000000000001,
              12.995
            ],
            [
              77.47000000000001,
              13.0
            ],
            [
              77.46000000000001,
              13.0
            ],
            [
              77.46000000000001,
              12.995
            ]
          ]
        ]
      }
    },
    {
      "type": "Feature",
      "properties": {
        "name": "Cell R19 C02",
        "code": "bang_019_002",
        "city": "Bangalore"
      },
      "geometry": {
        "type": "Polygon",
        "coordinates": [
          [
            [
              77.47,
              12.995
            ],
            [
              77.48,
              12.995
            ],
            [
              77.48,
              13.0
            ],
            [
              77.47,
              13.0
            ],
            [
              77.47,
              12.995
            ]
          ]
        ]
      }
    },
    {
      "type": "Feature",
      "properties": {
        "name": "Cell R19 C03",
        "code": "bang_019_003",
        "city": "Bangalore"
      },
      "geometry": {
        "type": "Polygon",
        "coordinates": [
          [
            [
              77.48,
              12.995
            ],
            [
              77.49000000000001,
              12.995
            ],
            [
              77.49000000000001,
              13.0
            ],
            [
              77.48,
              13.0
            ],
            [
              77.48,
              12.995
            ]
          ]
        ]
      }
    },
    {
      "type": "Feature",
      "properties": {
        "name": "Cell R19 C04",
        "code": "bang_019_004",
        "city": "Bangalore"
      },
      "geometry": {
        "type": "Polygon",
        "coordinates": [
          [
            [
              77.49000000000001,
              12.995
            ],
            [
              77.50000000000001,
              12.995
            ],
            [
              77.50000000000001,
              13.0
            ],
            [
              77.49000000000001,
              13.0
            ],
            [
              77.49000000000001,
              12.995
            ]
          ]
        ]
      }
    },
    {
      "type": "Feature",
      "properties": {
        "name": "Cell R19 C05",
        "code": "bang_019_005",
        "city": "Bangalore"
      },
      "geometry": {
        "type": "Polygon",
        "coordinates": [
          [
            [
              77.5,
              12.995
            ],
            [
              77.51,
              12.995
            ],
            [
              77.51,
              13.0
            ],
            [
              77.5,
              13.0
            ],
            [
              77.5,
              12.995
            ]
          ]
        ]
      }
    },
    {
      "type": "Feature",
      "properties": {
        "name": "Cell R19 C06",
        "code": "bang_019_006",
        "city": "Bangalore"
      },
      "geometry": {
        "type": "Polygon",
        "coordinates": [
          [
            [
              77.51,
              12.995
            ],
            [
              77.52000000000001,
              12.995
            ],
            [
              77.52000000000001,
              13.0
            ],
            [
              77.51,
              13.0
            ],
            [
              77.51,
              12.995
            ]
          ]
        ]
      }
    },
    {
      "type": "Feature",
      "properties": {
        "name": "Cell R19 C07",
        "code": "bang_019_007",
        "city": "Bangalore"
      },
      "geometry": {
        "type": "Polygon",
        "coordinates": [
          [
            [
              77.52000000000001,
              12.995
            ],
            [
              77.53000000000002,
              12.995
            ],
            [
              77.53000000000002,
              13.0
            ],
            [
              77.52000000000001,
              13.0
            ],
            [
              77.52000000000001,
              12.995
            ]
          ]
        ]
      }
    },
    {
      "type": "Feature",
      "properties": {
        "name": "Cell R19 C08",
        "code": "bang_019_008",
        "city": "Bangalore"
      },
      "geometry": {
        "type": "Polygon",
        "coordinates": [
          [
            [
              77.53,
              12.995
            ],
            [
              77.54,
              12.995
            ],
            [
              77.54,
              13.0
            ],
            [
              77.53,
              13.0
            ],
            [
              77.53,
              12.995
            ]
          ]
        ]
      }
    },
    {
      "type": "Feature",
      "properties": {
        "name": "Cell R19 C09",
        "code": "bang_019_009",
        "city": "Bangalore"
      },
      "geometry": {
        "type": "Polygon",
        "coordinates": [
          [
            [
              77.54,
              12.995
            ],
            [
              77.55000000000001,
              12.995
            ],
            [
              77.55000000000001,
              13.0
            ],
            [
              77.54,
              13.0
            ],
            [
              77.54,
              12.995
            ]
          ]
        ]
      }
    },
    {
      "type": "Feature",
      "properties": {
        "name": "Cell R19 C10",
        "code": "bang_019_010",
        "city": "Bangalore"
      },
      "geometry": {
        "type": "Polygon",
        "coordinates": [
          [
            [
              77.55000000000001,
              12.995
            ],
            [
              77.56000000000002,
              12.995
            ],
            [
              77.56000000000002,
              13.0
            ],
            [
              77.55000000000001,
              13.0
            ],
            [
              77.55000000000001,
              12.995
            ]
          ]
        ]
      }
    },
    {
      "type": "Feature",
      "properties": {
        "name": "Cell R19 C11",
        "code": "bang_019_011",
        "city": "Bangalore"
      },
      "geometry": {
        "type": "Polygon",
        "coordinates": [
          [
            [
              77.56,
              12.995
            ],
            [
              77.57000000000001,
              12.995
            ],
            [
              77.57000000000001,
              13.0
            ],
            [
              77.56,
              13.0
            ],
            [
              77.56,
              12.995
            ]
          ]
        ]
      }
    },
    {
      "type": "Feature",
      "properties": {
        "name": "Cell R19 C12",
        "code": "bang_019_012",
        "city": "Bangalore"
      },
      "geometry": {
        "type": "Polygon",
        "coordinates": [
          [
            [
              77.57000000000001,
              12.995
            ],
            [
              77.58000000000001,
              12.995
            ],
            [
              77.58000000000001,
              13.0
            ],
            [
              77.57000000000001,
              13.0
            ],
            [
              77.57000000000001,
              12.995
            ]
          ]
        ]
      }
    },
    {
      "type": "Feature",
      "properties": {
        "name": "Cell R19 C13",
        "code": "bang_019_013",
        "city": "Bangalore"
      },
      "geometry": {
        "type": "Polygon",
        "coordinates": [
          [
            [
              77.58,
              12.995
            ],
            [
              77.59,
              12.995
            ],
            [
              77.59,
              13.0
            ],
            [
              77.58,
              13.0
            ],
            [
              77.58,
              12.995
            ]
          ]
        ]
      }
    },
    {
      "type": "Feature",
      "properties": {
        "name": "Cell R19 C14",
        "code": "bang_019_014",
        "city": "Bangalore"
      },
      "geometry": {
        "type": "Polygon",
        "coordinates": [
          [
            [
              77.59,
              12.995
            ],
            [
              77.60000000000001,
              12.995
            ],
            [
              77.60000000000001,
              13.0
            ],
            [
              77.59,
              13.0
            ],
            [
              77.59,
              12.995
            ]
          ]
        ]
      }
    },
    {
      "type": "Feature",
      "properties": {
        "name": "Cell R19 C15",
        "code": "bang_019_015",
        "city": "Bangalore"
      },
      "geometry": {
        "type": "Polygon",
        "coordinates": [
          [
            [
              77.60000000000001,
              12.995
            ],
            [
              77.61000000000001,
              12.995
            ],
            [
              77.61000000000001,
              13.0
            ],
            [
              77.60000000000001,
              13.0
            ],
            [
              77.60000000000001,
              12.995
            ]
          ]
        ]
      }
    },
    {
      "type": "Feature",
      "properties": {
        "name": "Cell R19 C16",
        "code": "bang_019_016",
        "city": "Bangalore"
      },
      "geometry": {
        "type": "Polygon",
        "coordinates": [
          [
            [
              77.61,
              12.995
            ],
            [
              77.62,
              12.995
            ],
            [
              77.62,
              13.0
            ],
            [
              77.61,
              13.0
            ],
            [
              77.61,
              12.995
            ]
          ]
        ]
      }
    },
    {
      "type": "Feature",
      "properties": {
        "name": "Cell R19 C17",
        "code": "bang_019_017",
        "city": "Bangalore"
      },
      "geometry": {
        "type": "Polygon",
        "coordinates": [
          [
            [
              77.62,
              12.995
            ],
            [
              77.63000000000001,
              12.995
            ],
            [
              77.63000000000001,
              13.0
            ],
            [
              77.62,
              13.0
            ],
            [
              77.62,
              12.995
            ]
          ]
        ]
      }
    },
    {
      "type": "Feature",
      "properties": {
        "name": "Cell R19 C18",
        "code": "bang_019_018",
        "city": "Bangalore"
      },
      "geometry": {
        "type": "Polygon",
        "coordinates": [
          [
            [
              77.63000000000001,
              12.995
            ],
            [
              77.64000000000001,
              12.995
            ],
            [
              77.64000000000001,
              13.0
            ],
            [
              77.63000000000001,
              13.0
            ],
            [
              77.63000000000001,
              12.995
            ]
          ]
        ]
      }
    },
    {
      "type": "Feature",
      "properties": {
        "name": "Cell R19 C19",
        "code": "bang_019_019",
        "city": "Bangalore"
      },
      "geometry": {
        "type": "Polygon",
        "coordinates": [
          [
            [
              77.64,
              12.995
            ],
            [
              77.65,
              12.995
            ],
            [
              77.65,
              13.0
            ],
            [
              77.64,
              13.0
            ],
            [
              77.64,
              12.995
            ]
          ]
        ]
      }
    }
  ]
}